/* Preprocessor to get around Mac OS, Windows, and Linux differences in naming and calling conventions */

#if defined(__APPLE__)
# define cdecl(s) _##s
#else
# define cdecl(s) s
#endif

#if defined(__APPLE__)
# define wcdecl(s) _##s
#elif defined(__WIN32)
# define wcdecl(s) windows_##s
#else
# define wcdecl(s) s
#endif

#if defined(__APPLE__)
# define wcml(s) s
#elif defined(__WIN32)
# define wcml(s) windows_##s
#else
# define wcml(s) s
#endif

#if defined(__APPLE__)
.macro _makesym name, base, len
.set \name, cake_main+\base
.endm
# define makesym(name,base,len) _makesym name, base, len
#elif defined(__WIN32)
.macro _makesym name, base, len
.set \name, cake_main+\base
.endm
# define makesym(name,base,len) _makesym name, base, len
#else
.macro _makesym name, base, len
.local \name
.set \name, cake_main+\base
.size \name, \len
.type \name, function
.endm
# define makesym(name,base,len) _makesym name, base, len
#endif

#define DATA_BUFFER_SIZE    65536
#define CODE_BUFFER_SIZE  5242880

     .file        "cake.S"

     .data
     .p2align 3
cdecl(cml_heap): .quad 0
cdecl(cml_stack): .quad 0
cdecl(cml_stackend): .quad 0
ret_base: .quad 0
ret_stack: .quad 0
ret_stackend: .quad 0
can_enter: .quad 0
     .p2align 3
cake_bitmaps:
	.quad 4,16,23,16,23,23,16,16,16,11,2,2,2,2,2,2
	.quad 2,2,2,2,2,2,2,2,2,2,2,2,2,2,2,2
	.quad 2,2,2,2,2,2,2,2,46,47,47,32,47,47,47,95
	.quad 94,11,11,8,23,47,47,46,23,191,188,752,752,512,512,512
	.quad 512,512,512,512,512,512,512,764,764,760,752,760,761,761,767,767
	.quad 765,761,759,512,767,767,3040,3040,2560,2048,2048,2048,2048,2048,2048,2048
	.quad 2048,2048,3064,3064,3056,3056,3040,3056,3034,3034,3066,3071,3071,3070,3066,3066
	.quad 2048,3070,3070,6112,6112,5632,4352,4096,4096,4096,4096,4096,4096,4096,4096,6136
	.quad 6136,6128,6128,6112,6128,6118,6118,6134,6143,6143,6142,6134,6126,4096,6142,6142
	.quad 12256,12256,11776,9728,8704,8192,8192,8192,8192,8192,8192,8192,12280,12280,12272,12272
	.quad 12256,12272,12014,12014,12270,12287,12287,12286,12270,12270,8192,12286,12286,24544,24544,24064
	.quad 18176,17920,16896,16384,16384,16384,16384,16384,16384,24568,24568,24560,24560,24544,24548,24556
	.quad 24556,24572,24575,24575,24574,24572,24542,16384,24574,24574,49120,49120,48640,40192,36096,35840
	.quad 33792,32768,32768,32768,32768,32768,49144,49144,49136,49136,49120,49136,48118,48630,49142,49151
	.quad 49151,49150,49142,49142,32768,49150,49150,98272,98272,97792,79616,79104,70912,70656,66560,65536
	.quad 65536,65536,65536,98296,98296,98288,98288,98272,98276,98262,98262,98294,98303,98303,98302,98294
	.quad 98270,65536,98302,98302,196576,196576,196096,163328,159232,158208,141824,141312,133120,131072,131072,131072
	.quad 196600,196600,196592,196592,196576,196580,195454,195454,196478,196607,196607,196606,196478,196478,131072,196606
	.quad 196606,393184,393184,392704,294656,294400,290304,289280,272896,272384,264192,262144,262144,393208,393208,393200
	.quad 393200,393184,393200,392700,392700,393212,393215,393215,393214,393212,392702,262144,393214,393214,786400,786400
	.quad 785920,780032,587520,587264,579072,578048,545280,544768,528384,524288,786424,786424,786416,786416,786400,786404
	.quad 782206,782206,786302,786431,786431,786430,786302,786302,524288,786430,786430,5,5,549755813888,549755813888,2
	.quad 2,2,2,2,2,2,2,2,2,2,2,2,2,2,2,2
	.quad 2,2,2,2,200,6979321863,268141159996,8589934595,1,2,4294967299,8197,2,8,9223372036854775808,4294967299
	.quad 0,4294967299,4,4294967299,8,4294967299,12,4294967299,16,4294967299,20,4294967299,24,4294967299,28,4294967299
	.quad 32,4294967299,36,4294967299,40,4294967299,44,4294967299,48,4294967299,52,4294967299,56,4294967299,60,4294967299
	.quad 64,4294967299,68,4294967299,72,4294967299,76,4294967299,80,4294967299,84,4294967299,88,4294967299,92,4294967299
	.quad 96,4294967299,100,4294967299,104,4294967299,108,4294967299,112,4294967299,116,4294967299,120,4294967299,9223372036854775808,124
	.quad 4294967299,128,4294967299,132,4294967299,136,4294967299,140,4294967299,144,4294967299,148,4294967299,152,4294967299,156
	.quad 4294967299,160,4294967299,164,4294967299,168,4294967299,172,4294967299,176,4294967299,180,4294967299,184,4294967299,188
	.quad 4294967299,192,4294967299,196,4294967299,200,4294967299,204,4294967299,208,4294967299,212,4294967299,216,4294967299,220
	.quad 4294967299,224,4294967299,228,4294967299,232,4294967299,236,4294967299,240,4294967299,244,4294967299,248,9223372036854775808,4294967299
	.quad 252,4294967299,256,4294967299,260,4294967299,264,4294967299,268,4294967299,272,4294967299,276,4294967299,280,4294967299
	.quad 284,4294967299,288,4294967299,292,4294967299,296,4294967299,300,4294967299,304,4294967299,308,4294967299,312,4294967299
	.quad 316,4294967299,320,4294967299,324,4294967299,328,4294967299,332,4294967299,336,4294967299,340,4294967299,344,4294967299
	.quad 348,4294967299,352,4294967299,356,4294967299,360,4294967299,364,4294967299,368,4294967299,372,4294967299,9223372036854775808,376
	.quad 4294967299,380,4294967299,384,4294967299,388,4294967299,392,4294967299,396,4294967299,400,4294967299,404,4294967299,408
	.quad 4294967299,412,4294967299,416,4294967299,420,4294967299,424,4294967299,428,4294967299,432,4294967299,436,4294967299,440
	.quad 4294967299,444,4294967299,448,4294967299,452,4294967299,456,4294967299,460,4294967299,464,4294967299,468,4294967299,472
	.quad 4294967299,476,4294967299,480,4294967299,484,4294967299,488,4294967299,492,4294967299,496,4294967299,500,9223372036854775808,4294967299
	.quad 504,4294967299,508,4294967299,512,4294967299,516,4294967299,520,4294967299,524,4294967299,528,4294967299,532,4294967299
	.quad 536,4294967299,540,4294967299,544,4294967299,548,4294967299,552,4294967299,556,4294967299,560,4294967299,564,4294967299
	.quad 568,4294967299,572,4294967299,576,4294967299,580,4294967299,584,4294967299,588,4294967299,592,4294967299,596,4294967299
	.quad 600,4294967299,604,4294967299,608,4294967299,612,4294967299,616,4294967299,620,4294967299,624,4294967299,9223372036854775808,628
	.quad 4294967299,632,4294967299,636,4294967299,640,4294967299,644,4294967299,648,4294967299,652,4294967299,656,4294967299,660
	.quad 4294967299,664,4294967299,668,4294967299,672,4294967299,676,4294967299,680,4294967299,684,4294967299,688,4294967299,692
	.quad 4294967299,696,4294967299,700,4294967299,704,4294967299,708,4294967299,712,4294967299,716,4294967299,720,4294967299,724
	.quad 4294967299,728,4294967299,732,4294967299,736,4294967299,740,4294967299,744,4294967299,748,4294967299,752,9223372036854775808,4294967299
	.quad 756,4294967299,760,4294967299,764,4294967299,768,4294967299,772,4294967299,776,4294967299,780,4294967299,784,4294967299
	.quad 788,4294967299,792,4294967299,796,4294967299,800,4294967299,804,4294967299,808,4294967299,812,4294967299,816,4294967299
	.quad 820,4294967299,824,4294967299,828,4294967299,832,4294967299,836,4294967299,840,4294967299,844,4294967299,848,4294967299
	.quad 852,4294967299,856,4294967299,860,4294967299,864,4294967299,868,4294967299,872,4294967299,876,4294967299,9223372036854775808,880
	.quad 4294967299,884,4294967299,888,4294967299,892,4294967299,896,4294967299,900,4294967299,904,4294967299,908,4294967299,912
	.quad 4294967299,916,4294967299,920,4294967299,924,4294967299,928,4294967299,932,4294967299,936,4294967299,940,4294967299,944
	.quad 4294967299,948,4294967299,952,4294967299,956,4294967299,960,4294967299,964,4294967299,968,4294967299,972,4294967299,976
	.quad 4294967299,980,4294967299,984,4294967299,988,4294967299,992,4294967299,996,4294967299,1000,4294967299,1004,13176245766935392768,4294967299
	.quad 1008,4294967299,1012,4294967299,1016,4294967299,1020,8589934595,2088963,2,8589934595,2080771,2097157,8589934595,2072579,2109445
	.quad 8589934595,2064387,2121733,8589934595,2056195,2134021,8589934595,2048003,2146309,8589934595,2039811,2158597,8589934595,2031619,2170885,8589934595
	.quad 2023427,2183173,8589934595,2015235,2195461,8589934595,2007043,2207749,8589934595,1998851,2220037,8589934595,1990659,2232325,8589934595,1982467
	.quad 2244613,8589934595,1974275,2256901,8589934595,1966083,2269189,8589934595,1957891,2281477,8589934595,1949699,2293765,8589934595,13176245766935394011,1941507
	.quad 2306053,8589934595,1933315,2318341,8589934595,1925123,2330629,8589934595,1916931,2342917,8589934595,1908739,2355205,8589934595,1900547,2367493
	.quad 8589934595,1892355,2379781,8589934595,1884163,2392069,8589934595,1875971,2404357,8589934595,1867779,2416645,8589934595,1859587,2428933,8589934595
	.quad 1851395,2441221,8589934595,1843203,2453509,8589934595,1835011,2465797,8589934595,1826819,2478085,8589934595,1818627,2490373,8589934595,1810435
	.quad 2502661,8589934595,1802243,2514949,8589934595,1794051,2527237,8589934595,1785859,2539525,8589934595,1777667,2551813,8589934595,13176245766935394011,1769475
	.quad 2564101,8589934595,1761283,2576389,8589934595,1753091,2588677,8589934595,1744899,2600965,8589934595,1736707,2613253,8589934595,1728515,2625541
	.quad 8589934595,1720323,2637829,8589934595,1712131,2650117,8589934595,1703939,2662405,8589934595,1695747,2674693,8589934595,1687555,2686981,8589934595
	.quad 1679363,2699269,8589934595,1671171,2711557,8589934595,1662979,2723845,8589934595,1654787,2736133,8589934595,1646595,2748421,8589934595,1638403
	.quad 2760709,8589934595,1630211,2772997,8589934595,1622019,2785285,8589934595,1613827,2797573,8589934595,1605635,2809861,8589934595,13176245766935394011,1597443
	.quad 2822149,8589934595,1589251,2834437,8589934595,1581059,2846725,8589934595,1572867,2859013,8589934595,1564675,2871301,8589934595,1556483,2883589
	.quad 8589934595,1548291,2895877,8589934595,1540099,2908165,8589934595,1531907,2920453,8589934595,1523715,2932741,8589934595,1515523,2945029,8589934595
	.quad 1507331,2957317,8589934595,1499139,2969605,8589934595,1490947,2981893,8589934595,1482755,2994181,8589934595,1474563,3006469,8589934595,1466371
	.quad 3018757,8589934595,1458179,3031045,8589934595,1449987,3043333,8589934595,1441795,3055621,8589934595,1433603,3067909,8589934595,13176245766935394011,1425411
	.quad 3080197,8589934595,1417219,3092485,8589934595,1409027,3104773,8589934595,1400835,3117061,8589934595,1392643,3129349,8589934595,1384451,3141637
	.quad 8589934595,1376259,3153925,8589934595,1368067,3166213,8589934595,1359875,3178501,8589934595,1351683,3190789,8589934595,1343491,3203077,8589934595
	.quad 1335299,3215365,8589934595,1327107,3227653,8589934595,1318915,3239941,8589934595,1310723,3252229,8589934595,1302531,3264517,8589934595,1294339
	.quad 3276805,8589934595,1286147,3289093,8589934595,1277955,3301381,8589934595,1269763,3313669,8589934595,1261571,3325957,8589934595,13176245766935394011,1253379
	.quad 3338245,8589934595,1245187,3350533,8589934595,1236995,3362821,8589934595,1228803,3375109,8589934595,1220611,3387397,8589934595,1212419,3399685
	.quad 8589934595,1204227,3411973,8589934595,1196035,3424261,8589934595,1187843,3436549,8589934595,1179651,3448837,8589934595,1171459,3461125,8589934595
	.quad 1163267,3473413,8589934595,1155075,3485701,8589934595,1146883,3497989,8589934595,1138691,3510277,8589934595,1130499,3522565,8589934595,1122307
	.quad 3534853,8589934595,1114115,3547141,8589934595,1105923,3559429,8589934595,1097731,3571717,8589934595,1089539,3584005,8589934595,13176245766935394011,1081347
	.quad 3596293,8589934595,1073155,3608581,8589934595,1064963,3620869,8589934595,1056771,3633157,8589934595,1048579,3645445,8589934595,1040387,3657733
	.quad 8589934595,1032195,3670021,8589934595,1024003,3682309,8589934595,1015811,3694597,8589934595,1007619,3706885,8589934595,999427,3719173,8589934595
	.quad 991235,3731461,8589934595,983043,3743749,8589934595,974851,3756037,8589934595,966659,3768325,8589934595,958467,3780613,8589934595,950275
	.quad 3792901,8589934595,942083,3805189,8589934595,933891,3817477,8589934595,925699,3829765,8589934595,917507,3842053,8589934595,13176245766935394011,909315
	.quad 3854341,8589934595,901123,3866629,8589934595,892931,3878917,8589934595,884739,3891205,8589934595,876547,3903493,8589934595,868355,3915781
	.quad 8589934595,860163,3928069,8589934595,851971,3940357,8589934595,843779,3952645,8589934595,835587,3964933,8589934595,827395,3977221,8589934595
	.quad 819203,3989509,8589934595,811011,4001797,8589934595,802819,4014085,8589934595,794627,4026373,8589934595,786435,4038661,8589934595,778243
	.quad 4050949,8589934595,770051,4063237,8589934595,761859,4075525,8589934595,753667,4087813,8589934595,745475,4100101,8589934595,13176245766935394011,737283
	.quad 4112389,8589934595,729091,4124677,8589934595,720899,4136965,8589934595,712707,4149253,8589934595,704515,4161541,8589934595,696323,4173829
	.quad 8589934595,688131,4186117,8589934595,679939,4198405,8589934595,671747,4210693,8589934595,663555,4222981,8589934595,655363,4235269,8589934595
	.quad 647171,4247557,8589934595,638979,4259845,8589934595,630787,4272133,8589934595,622595,4284421,8589934595,614403,4296709,8589934595,606211
	.quad 4308997,8589934595,598019,4321285,8589934595,589827,4333573,8589934595,581635,4345861,8589934595,573443,4358149,8589934595,13176245766935394011,565251
	.quad 4370437,8589934595,557059,4382725,8589934595,548867,4395013,8589934595,540675,4407301,8589934595,532483,4419589,8589934595,524291,4431877
	.quad 8589934595,516099,4444165,8589934595,507907,4456453,8589934595,499715,4468741,8589934595,491523,4481029,8589934595,483331,4493317,8589934595
	.quad 475139,4505605,8589934595,466947,4517893,8589934595,458755,4530181,8589934595,450563,4542469,8589934595,442371,4554757,8589934595,434179
	.quad 4567045,8589934595,425987,4579333,8589934595,417795,4591621,8589934595,409603,4603909,8589934595,401411,4616197,8589934595,13176245766935394011,393219
	.quad 4628485,8589934595,385027,4640773,8589934595,376835,4653061,8589934595,368643,4665349,8589934595,360451,4677637,8589934595,352259,4689925
	.quad 8589934595,344067,4702213,8589934595,335875,4714501,8589934595,327683,4726789,8589934595,319491,4739077,8589934595,311299,4751365,8589934595
	.quad 303107,4763653,8589934595,294915,4775941,8589934595,286723,4788229,8589934595,278531,4800517,8589934595,270339,4812805,8589934595,262147
	.quad 4825093,8589934595,253955,4837381,8589934595,245763,4849669,8589934595,237571,4861957,8589934595,229379,4874245,8589934595,13176245766935394011,221187
	.quad 4886533,8589934595,212995,4898821,8589934595,204803,4911109,8589934595,196611,4923397,8589934595,188419,4935685,8589934595,180227,4947973
	.quad 8589934595,172035,4960261,8589934595,163843,4972549,8589934595,155651,4984837,8589934595,147459,4997125,8589934595,139267,5009413,8589934595
	.quad 131075,5021701,8589934595,122883,5033989,8589934595,114691,5046277,8589934595,106499,5058565,8589934595,98307,5070853,8589934595,90115
	.quad 5083141,8589934595,81923,5095429,8589934595,73731,5107717,8589934595,65539,5120005,8589934595,57347,5132293,8589934595,1947355,49155
	.quad 5144581,8589934595,40963,5156869,8589934595,32771,5169157,8589934595,24579,5181445,8589934595,16387,5193733,8589934595,8195,5206021
	.quad 8589934595,3,5218309,10,11,2,2,2,2,2,2,2,2,2,2,2
	.quad 2,2,11,11,2,2,2,2,2,2,2,2,2,2,2,2
	.quad 2,2,2,2,2,2,2,2,2,2,2,2,2,2,2,2
	.quad 2,2,2,2,2,2,2,2,2,2,2,2,2,2,10,11
	.quad 44,45,47,40,45,47,11,11,11,11,11,11,11,11,44,46
	.quad 47,13,13,13,13,13,13,13,13,94,94,95,95,72,88,95
	.quad 94,95,95,95,184,128,184,188,191,191,144,176,184,188,11,23
	.quad 22,94,94,92,94,95,23,16,22,22,190,191,191,1504,1986,2002
	.quad 2002,1024,1932,1932,1472,176,8,9663676423,7957705928735858734,8250,176,184,32,18790481927,7596274483682549859,7308332162361616238
	.quad 7956009103373967460,2112101,189,191,176,184,188,190,144,176,180,188,11,190,191,191
	.quad 190,190,382,383,383,383,376,320,128,28454158343,7935454089991777379,8751743591038088303,7453010376531275552,7377213323297973612,8458997540953679220,474315584611
	.quad 8,9663676423,7957705928735858734,8250,416,432,32,18790481927,7596274483682549859,7308332162361616238,7956009103373967460,2112101,444,446,416,432
	.quad 440,444,288,416,424,440,256,384,383,376,320,128,28454158343,7935454089991777379,8751743591038088303,7453010376531275552
	.quad 7377213323297973612,8458997540953679220,474315584611,8,9663676423,7957705928735858734,8250,416,432,32,18790481927,7596274483682549859,7308332162361616238,7956009103373967460,2112101,444
	.quad 446,416,432,440,444,288,416,424,440,256,384,47,44,44,44,40
	.quad 47,44,44,44,40,94,95,95,94,94,23,22,23,22,222,191
	.quad 190,191,190,11,23,20,22,22,223,144,208,64,24159191047,2334106421097295465,7503108525764209763,8746391970440834665
	.quad 8387229063774758242,138414744677,220,222,192,208,8,9663676423,7957705928735858734,8250,208,216,32,18790481927,7596274483682549859,7308332162361616238
	.quad 7956009103373967460,2112101,222,223,208,216,218,222,144,208,216,220,128,192,192,208
	.quad 16,15569256455,2334106421097295465,7503108525764209763,138419662441,218,222,192,208,8,9663676423,7957705928735858734,8250,152,216,32
	.quad 18790481927,7596274483682549859,7308332162361616238,7956009103373967460,2112101,221,223,152,216,218,222,144,208,216,220,128
	.quad 192,95,184,176,160,64,22548578311,8030604370249346677,7957695015158243696,8390045716217160736,5917841469715148832,20565,8,9663676423,7957705928735858734,8250
	.quad 200,216,32,18790481927,7596274483682549859,7308332162361616238,7956009103373967460,2112101,222,223,208,216,218,222,144,208
	.quad 212,220,128,192,23,47,23,12032,11776,10240,128,26843545607,8367798494427701606,7017850033562591343,6071225368572880244,8101242494692239392
	.quad 8319663004784294260,10597,8,9663676423,7957705928735858734,8250,12800,13824,32,18790481927,7596274483682549859,7308332162361616238,7956009103373967460,2112101,14208,14272
	.quad 12800,13824,14080,14208,12288,13312,13824,14080,8192,12288,11776,11776,11008,12032,12160,16130
	.quad 16194,16194,8192,15420,15420,11200,11776,12160,11008,12032,12160,16130,16194,16194,8192,15420
	.quad 15420,11200,11776,95,95,95,94,92,88,432,436,444,446,446,447,444
	.quad 440,432,368,320,352,46,47,44,47,40,44,2944,2944,3008,2976,2976
	.quad 3040,3040,3040,3056,3048,3048,3064,3064,3068,3068,3070,3070,3071,3068,3064,3056
	.quad 3040,3008,2944,2816,46,47,44,47,40,44,23,23,22,80,93,95
	.quad 80,88,92,94,80,93,95,80,88,90,94,312,380,368,344,382
	.quad 383,368,376,380,382,352,344,382,383,344,376,380,382,352,288,352
	.quad 368,352,44,47,44,40,44,800,4,4294967303,0,672,764,766,766,767
	.quad 704,704,736,672,764,766,640,704,760,764,512,640,544,544,8,4
	.quad 4294967303,0,8,11,4,5,4,4294967303,0,736,664,760,4,4831838215,48,766
	.quad 767,752,760,760,4,4831838215,49,766,767,752,760,88,92,94,94,95
	.quad 94
     .globl cdecl(cake_bitmaps_buffer_begin)
cdecl(cake_bitmaps_buffer_begin):
#if defined(EVAL)
     .space DATA_BUFFER_SIZE
#endif
     .globl cdecl(cake_bitmaps_buffer_end)
cdecl(cake_bitmaps_buffer_end):

/* Start up code */

     .text
     .p2align 12
     .globl  cdecl(cake_text_begin)
cdecl(cake_text_begin):
     .globl  cdecl(cml_main)
     .globl  cdecl(cml_heap)
     .globl  cdecl(cml_stack)
     .globl  cdecl(cml_stackend)
#if defined(__APPLE__)

#elif defined(__WIN32)
     .func   cml_main
#else
     .type   cml_main, function
#endif
cdecl(cml_main):
     pushq   %rbp                            # push base pointer
     movq    %rsp, %rbp                      # save stack pointer
     leaq    cake_main(%rip), %rdi           # arg1: entry address
     movq    cdecl(cml_heap)(%rip), %rsi     # arg2: first address of heap
     leaq    cake_bitmaps(%rip), %rax
     movq    %rax, 0(%rsi)                   # store bitmap pointer
     leaq    cdecl(cake_bitmaps_buffer_begin)(%rip), %rax
     movq    %rax, 8(%rsi)                   # store bitmap mutable start pointer
     leaq    cdecl(cake_bitmaps_buffer_end)(%rip), %rax
     movq    %rax, 16(%rsi)                  # store bitmap mutable end pointer
     leaq    cdecl(cake_codebuffer_begin)(%rip), %rax
     movq    %rax, 24(%rsi)                  # store code mutable start pointer
     leaq    cdecl(cake_codebuffer_end)(%rip), %rax
     movq    %rax, 32(%rsi)                  # store code mutable end pointer
     movq    cdecl(cml_stack)(%rip), %rdx    # arg3: first address of stack
     movq    cdecl(cml_stackend)(%rip), %rcx # arg4: first address past the stack
     jmp     cml_enter

#if defined(__WIN32)
     .endfunc
#endif
/* CakeML FFI interface (each block is 16 bytes long) */

     .p2align 4

cake_fficlause:
     pushq   %rax
     jmp     wcdecl(fficlause)
     .p2align 4

cake_ffihints:
     pushq   %rax
     jmp     wcdecl(ffihints)
     .p2align 4

cake_ffistep:
     pushq   %rax
     jmp     wcdecl(ffistep)
     .p2align 4

cake_fficallback:
     pushq   %rax
     jmp     wcdecl(fficallback)
     .p2align 4

cake_clear:
     pushq   %rax
     pushq   %rdi
     callq   wcdecl(cml_clear)
     popq    %rdi
     ret
     .p2align 4

cake_exit:
     jmp     cml_return
     .p2align 4

cake_main:

/* Generated machine code follows */

	.byte 0x48,0x89,0xC8,0x48,0x29,0xF0,0x48,0xC1,0xE8,0x04,0x48,0xC1,0xE0,0x03,0x48,0x01
	.byte 0xF0,0x41,0xB8,0xF8,0x07,0x00,0x00,0x4C,0x01,0xC6,0x4C,0x29,0xC1,0x48,0x39,0xF2
	.byte 0x0F,0x82,0x12,0x00,0x00,0x00,0x48,0x39,0xD1,0x0F,0x83,0x03,0x00,0x00,0x00,0x48
	.byte 0x89,0xC2,0xE9,0x05,0x00,0x00,0x00,0x90,0x48,0x89,0xC2,0x90,0xB8,0xF8,0x07,0x00
	.byte 0x00,0x48,0x29,0xC6,0x48,0x01,0xC1,0x48,0x89,0xD0,0x48,0x29,0xF0,0x49,0xB8,0xF8
	.byte 0xFF,0xFF,0xFF,0xFF,0xFF,0xFF,0x00,0x49,0x39,0xC0,0x0F,0x83,0x06,0x00,0x00,0x00
	.byte 0x48,0x89,0xF2,0x4C,0x01,0xC2,0x48,0x29,0xF2,0x48,0xC1,0xEA,0x04,0x48,0xC1,0xE2
	.byte 0x04,0x48,0x01,0xF2,0x49,0x89,0xD0,0x49,0x29,0xF0,0x49,0xD1,0xE8,0x49,0x89,0xF4
	.byte 0x4C,0x01,0xC6,0x49,0x89,0xCE,0x49,0x89,0xD5,0x49,0x8B,0x14,0x24,0x48,0xC1,0xEA
	.byte 0x03,0x4C,0x89,0xE0,0x48,0x83,0xC0,0x08,0x48,0x8B,0x08,0x48,0x83,0xC0,0x08,0x4C
	.byte 0x8B,0x08,0x48,0x83,0xC0,0x08,0x48,0x8B,0x18,0x48,0x83,0xC0,0x08,0x48,0x8B,0x38
	.byte 0xB8,0x08,0x00,0x00,0x00,0x49,0x29,0xC6,0x31,0xC0,0x49,0x89,0x06,0x31,0xC0,0x49
	.byte 0x89,0x45,0x00,0x49,0x83,0xC5,0x08,0x31,0xC0,0x49,0x89,0x45,0x00,0x49,0x83,0xC5
	.byte 0x08,0x31,0xC0,0x49,0x89,0x45,0x00,0x49,0x83,0xC5,0x08,0x31,0xC0,0x49,0x89,0x45
	.byte 0x00,0x49,0x83,0xC5,0x08,0x31,0xC0,0x49,0x89,0x45,0x00,0x49,0x83,0xC5,0x08,0x31
	.byte 0xC0,0x49,0x89,0x45,0x00,0x49,0x83,0xC5,0x08,0x31,0xC0,0x49,0x89,0x45,0x00,0x49
	.byte 0x83,0xC5,0x08,0x31,0xC0,0x49,0x89,0x45,0x00,0x49,0x83,0xC5,0x08,0x31,0xC0,0x49
	.byte 0x89,0x45,0x00,0x49,0x83,0xC5,0x08,0x31,0xC0,0x49,0x89,0x45,0x00,0x49,0x83,0xC5
	.byte 0x08,0x31,0xC0,0x49,0x89,0x45,0x00,0x49,0x83,0xC5,0x08,0x31,0xC0,0x49,0x89,0x45
	.byte 0x00,0x49,0x83,0xC5,0x08,0x31,0xC0,0x49,0x89,0x45,0x00,0x49,0x83,0xC5,0x08,0x31
	.byte 0xC0,0x49,0x89,0x45,0x00,0x49,0x83,0xC5,0x08,0x31,0xC0,0x49,0x89,0x45,0x00,0x49
	.byte 0x83,0xC5,0x08,0x31,0xC0,0x49,0x89,0x45,0x00,0x49,0x83,0xC5,0x08,0x31,0xC0,0x49
	.byte 0x89,0x45,0x00,0x49,0x83,0xC5,0x08,0x31,0xC0,0x49,0x89,0x45,0x00,0x49,0x83,0xC5
	.byte 0x08,0x31,0xC0,0x49,0x89,0x45,0x00,0x49,0x83,0xC5,0x08,0x31,0xC0,0x49,0x89,0x45
	.byte 0x00,0x49,0x83,0xC5,0x08,0x31,0xC0,0x49,0x89,0x45,0x00,0x49,0x83,0xC5,0x08,0x31
	.byte 0xC0,0x49,0x89,0x45,0x00,0x49,0x83,0xC5,0x08,0x31,0xC0,0x49,0x89,0x45,0x00,0x49
	.byte 0x83,0xC5,0x08,0x31,0xC0,0x49,0x89,0x45,0x00,0x49,0x83,0xC5,0x08,0x31,0xC0,0x49
	.byte 0x89,0x45,0x00,0x49,0x83,0xC5,0x08,0x31,0xC0,0x49,0x89,0x45,0x00,0x49,0x83,0xC5
	.byte 0x08,0x31,0xC0,0x49,0x89,0x45,0x00,0x49,0x83,0xC5,0x08,0x31,0xC0,0x49,0x89,0x45
	.byte 0x00,0x49,0x83,0xC5,0x08,0x31,0xC0,0x49,0x89,0x45,0x00,0x49,0x83,0xC5,0x08,0x31
	.byte 0xC0,0x49,0x89,0x45,0x00,0x49,0x83,0xC5,0x08,0x31,0xC0,0x49,0x89,0x45,0x00,0x49
	.byte 0x83,0xC5,0x08,0x31,0xC0,0x49,0x89,0x45,0x00,0x49,0x83,0xC5,0x08,0x4D,0x89,0x4D
	.byte 0x00,0x49,0x83,0xC5,0x08,0x49,0x89,0x4D,0x00,0x49,0x83,0xC5,0x08,0x49,0x89,0x7D
	.byte 0x00,0x49,0x83,0xC5,0x08,0x49,0x89,0x5D,0x00,0x49,0x83,0xC5,0x08,0x31,0xC0,0x49
	.byte 0x89,0x45,0x00,0x49,0x83,0xC5,0x08,0x49,0x89,0x55,0x00,0x49,0x83,0xC5,0x08,0x31
	.byte 0xC0,0x49,0x89,0x45,0x00,0x49,0x83,0xC5,0x08,0x4D,0x89,0x65,0x00,0x49,0x83,0xC5
	.byte 0x08,0x31,0xC0,0x49,0x89,0x45,0x00,0x49,0x83,0xC5,0x08,0x31,0xC0,0x49,0x89,0x45
	.byte 0x00,0x49,0x83,0xC5,0x08,0x31,0xC0,0x49,0x89,0x45,0x00,0x49,0x83,0xC5,0x08,0x49
	.byte 0x89,0x75,0x00,0x49,0x83,0xC5,0x08,0x49,0x89,0x75,0x00,0x49,0x83,0xC5,0x08,0x4D
	.byte 0x89,0x45,0x00,0x49,0x83,0xC5,0x08,0x49,0x89,0x75,0x00,0x49,0x83,0xC5,0x08,0x4D
	.byte 0x89,0x65,0x00,0x49,0x83,0xC5,0x08,0x48,0x8D,0x05,0x06,0x00,0x00,0x00,0xE9,0x23
	.byte 0x38,0x00,0x00,0x90,0x31,0xFF,0xE9,0x55,0xFD,0xFF,0xFF,0x90,0xBF,0x02,0x00,0x00
	.byte 0x00,0x90,0xE9,0x49,0xFD,0xFF,0xFF,0x90,0x49,0x89,0x7D,0xD0,0x49,0x89,0x45,0xF8
	.byte 0x31,0xFF,0x48,0x89,0xFE,0x49,0x8B,0x55,0xE0,0x48,0x89,0xF9,0x4D,0x8B,0x45,0xC0
	.byte 0x49,0x89,0xF9,0x49,0x89,0xFF,0x49,0xF7,0xC0,0x01,0x00,0x00,0x00,0x0F,0x84,0x9D
	.byte 0x00,0x00,0x00,0x4C,0x89,0xC0,0x4C,0x89,0xE7,0x48,0xC1,0xE8,0x0C,0x48,0xC1,0xE0
	.byte 0x03,0x48,0x01,0xF8,0x48,0x8B,0x38,0x48,0xF7,0xC7,0x03,0x00,0x00,0x00,0x0F,0x84
	.byte 0x68,0x00,0x00,0x00,0x48,0xC1,0xEF,0x20,0x48,0x83,0xC7,0x01,0x49,0x89,0xF9,0x48
	.byte 0x89,0xC6,0x48,0x89,0xF8,0x90,0x48,0x83,0xF8,0x00,0x0F,0x85,0x06,0x00,0x00,0x00
	.byte 0xE9,0x19,0x00,0x00,0x00,0x90,0x48,0x8B,0x3E,0x48,0x83,0xC6,0x08,0x48,0x83,0xE8
	.byte 0x01,0x48,0x89,0x3A,0x48,0x83,0xC2,0x08,0xE9,0xD9,0xFF,0xFF,0xFF,0x90,0x4C,0x89
	.byte 0xC8,0x48,0xC1,0xE0,0x03,0x48,0x29,0xC6,0x48,0x89,0xC8,0x48,0xC1,0xE0,0x02,0x48
	.byte 0x89,0x06,0x48,0x89,0xCF,0x49,0xC1,0xE0,0x37,0x49,0xC1,0xE8,0x37,0x48,0xC1,0xE7
	.byte 0x0C,0x49,0x09,0xF8,0x4C,0x01,0xC9,0xE9,0x14,0x00,0x00,0x00,0x48,0xC1,0xEF,0x02
	.byte 0x48,0xC1,0xE7,0x0C,0x49,0xC1,0xE0,0x37,0x49,0xC1,0xE8,0x37,0x49,0x09,0xF8,0x90
	.byte 0x4D,0x89,0x45,0xC0,0x4C,0x89,0xC3,0x48,0xC1,0xEB,0x0C,0x48,0xC1,0xE3,0x03,0x4D
	.byte 0x8B,0x5D,0xE0,0x4C,0x01,0xDB,0x49,0x89,0x5D,0xB8,0x31,0xDB,0x4D,0x89,0xFB,0x4D
	.byte 0x01,0xF3,0x4D,0x8B,0x1B,0x49,0x89,0xDF,0x4D,0x85,0xDB,0x0F,0x85,0x05,0x00,0x00
	.byte 0x00,0xE9,0x44,0x01,0x00,0x00,0x4C,0x89,0xD8,0x49,0x83,0xEB,0x01,0x49,0x83,0xC7
	.byte 0x08,0x90,0x48,0x85,0xC0,0x0F,0x85,0x05,0x00,0x00,0x00,0xE9,0x1C,0x01,0x00,0x00
	.byte 0x49,0x8B,0x5D,0xA8,0x4C,0x01,0xDB,0x48,0xC1,0xE3,0x03,0x48,0x8B,0x1B,0x48,0x83
	.byte 0xFB,0x02,0x0F,0x83,0x06,0x00,0x00,0x00,0xE9,0xE3,0x00,0x00,0x00,0x90,0x48,0xF7
	.byte 0xC3,0x01,0x00,0x00,0x00,0x0F,0x84,0xC7,0x00,0x00,0x00,0x4D,0x89,0xF8,0x4D,0x01
	.byte 0xF0,0x4D,0x8B,0x00,0x48,0xD1,0xEB,0x49,0xF7,0xC0,0x01,0x00,0x00,0x00,0x0F,0x84
	.byte 0x9C,0x00,0x00,0x00,0x4C,0x89,0xC0,0x4C,0x89,0xE7,0x48,0xC1,0xE8,0x0C,0x48,0xC1
	.byte 0xE0,0x03,0x48,0x01,0xF8,0x48,0x8B,0x38,0x48,0xF7,0xC7,0x03,0x00,0x00,0x00,0x0F
	.byte 0x84,0x67,0x00,0x00,0x00,0x48,0xC1,0xEF,0x20,0x48,0x83,0xC7,0x01,0x49,0x89,0xF9
	.byte 0x48,0x89,0xC6,0x48,0x89,0xF8,0x48,0x83,0xF8,0x00,0x0F,0x85,0x06,0x00,0x00,0x00
	.byte 0xE9,0x19,0x00,0x00,0x00,0x90,0x48,0x8B,0x3E,0x48,0x83,0xC6,0x08,0x48,0x83,0xE8
	.byte 0x01,0x48,0x89,0x3A,0x48,0x83,0xC2,0x08,0xE9,0xD9,0xFF,0xFF,0xFF,0x90,0x4C,0x89
	.byte 0xC8,0x48,0xC1,0xE0,0x03,0x48,0x29,0xC6,0x48,0x89,0xC8,0x48,0xC1,0xE0,0x02,0x48
	.byte 0x89,0x06,0x48,0x89,0xCF,0x49,0xC1,0xE0,0x37,0x49,0xC1,0xE8,0x37,0x48,0xC1,0xE7
	.byte 0x0C,0x49,0x09,0xF8,0x4C,0x01,0xC9,0xE9,0x14,0x00,0x00,0x00,0x48,0xC1,0xEF,0x02
	.byte 0x48,0xC1,0xE7,0x0C,0x49,0xC1,0xE0,0x37,0x49,0xC1,0xE8,0x37,0x49,0x09,0xF8,0x90
	.byte 0x4D,0x01,0xFE,0x4D,0x89,0x06,0x4D,0x29,0xFE,0x49,0x83,0xC7,0x08,0xE9,0x08,0x00
	.byte 0x00,0x00,0x48,0xD1,0xEB,0x49,0x83,0xC7,0x08,0x90,0xE9,0x0F,0xFF,0xFF,0xFF,0x90
	.byte 0x49,0x8B,0x45,0xA8,0x4C,0x01,0xD8,0x48,0xC1,0xE0,0x03,0x48,0x8B,0x00,0x49,0x83
	.byte 0xC3,0x01,0x48,0xC1,0xE8,0x3F,0xE9,0xD7,0xFE,0xFF,0xFF,0x90,0x4D,0x89,0xFB,0x4D
	.byte 0x01,0xF3,0x4D,0x8B,0x1B,0xE9,0xAE,0xFE,0xFF,0xFF,0x4D,0x8B,0x7D,0xE0,0x4C,0x39
	.byte 0xFA,0x0F,0x85,0x05,0x00,0x00,0x00,0xE9,0xFE,0x00,0x00,0x00,0x49,0x8B,0x1F,0x48
	.byte 0xF7,0xC3,0x04,0x00,0x00,0x00,0x0F,0x84,0x14,0x00,0x00,0x00,0x48,0xC1,0xEB,0x20
	.byte 0x48,0x83,0xC3,0x01,0x48,0xC1,0xE3,0x03,0x49,0x01,0xDF,0xE9,0xD4,0x00,0x00,0x00
	.byte 0x48,0xC1,0xEB,0x20,0x49,0x83,0xC7,0x08,0x48,0x83,0xFB,0x00,0x0F,0x85,0x06,0x00
	.byte 0x00,0x00,0xE9,0xBD,0x00,0x00,0x00,0x90,0x4D,0x8B,0x07,0x48,0x83,0xEB,0x01,0x49
	.byte 0xF7,0xC0,0x01,0x00,0x00,0x00,0x0F,0x84,0x9C,0x00,0x00,0x00,0x4C,0x89,0xC0,0x4C
	.byte 0x89,0xE7,0x48,0xC1,0xE8,0x0C,0x48,0xC1,0xE0,0x03,0x48,0x01,0xF8,0x48,0x8B,0x38
	.byte 0x48,0xF7,0xC7,0x03,0x00,0x00,0x00,0x0F,0x84,0x67,0x00,0x00,0x00,0x48,0xC1,0xEF
	.byte 0x20,0x48,0x83,0xC7,0x01,0x49,0x89,0xF9,0x48,0x89,0xC6,0x48,0x89,0xF8,0x48,0x83
	.byte 0xF8,0x00,0x0F,0x85,0x06,0x00,0x00,0x00,0xE9,0x19,0x00,0x00,0x00,0x90,0x48,0x8B
	.byte 0x3E,0x48,0x83,0xC6,0x08,0x48,0x83,0xE8,0x01,0x48,0x89,0x3A,0x48,0x83,0xC2,0x08
	.byte 0xE9,0xD9,0xFF,0xFF,0xFF,0x90,0x4C,0x89,0xC8,0x48,0xC1,0xE0,0x03,0x48,0x29,0xC6
	.byte 0x48,0x89,0xC8,0x48,0xC1,0xE0,0x02,0x48,0x89,0x06,0x48,0x89,0xCF,0x49,0xC1,0xE0
	.byte 0x37,0x49,0xC1,0xE8,0x37,0x48,0xC1,0xE7,0x0C,0x49,0x09,0xF8,0x4C,0x01,0xC9,0xE9
	.byte 0x14,0x00,0x00,0x00,0x48,0xC1,0xEF,0x02,0x48,0xC1,0xE7,0x0C,0x49,0xC1,0xE0,0x37
	.byte 0x49,0xC1,0xE8,0x37,0x49,0x09,0xF8,0x90,0x4D,0x89,0x07,0x49,0x83,0xC7,0x08,0xE9
	.byte 0x34,0xFF,0xFF,0xFF,0xE9,0xF5,0xFE,0xFF,0xFF,0x90,0x4C,0x89,0xE0,0x49,0x8B,0x7D
	.byte 0xE0,0x49,0x8B,0x75,0xE8,0x48,0x01,0xFE,0x49,0x89,0xFC,0x49,0x89,0x45,0xE0,0x49
	.byte 0x8B,0x45,0xF8,0x4D,0x89,0x7D,0xF8,0x49,0x89,0x75,0xF0,0x49,0x89,0x75,0xD8,0x49
	.byte 0x8B,0x7D,0xD0,0x4C,0x29,0xFE,0x48,0x39,0xFE,0x0F,0x83,0x0B,0x00,0x00,0x00,0xBF
	.byte 0x01,0x00,0x00,0x00,0xE9,0xB7,0xF9,0xFF,0xFF,0x90,0xFF,0xE0,0x4D,0x8B,0x5D,0xC8
	.byte 0x49,0xC1,0xE3,0x03,0x4D,0x89,0xEE,0x4D,0x01,0xDE,0x4D,0x8B,0x5E,0x10,0x4D,0x89
	.byte 0x5D,0xC8,0x4D,0x8B,0x5E,0x08,0x49,0x83,0xC6,0x18,0x41,0xFF,0xE3,0x90,0x4D,0x8B
	.byte 0x55,0xA8,0x49,0x01,0xFA,0x49,0xC1,0xE2,0x03,0x49,0x8B,0x3A,0x49,0x83,0xC2,0x08
	.byte 0x48,0x83,0xFF,0x00,0x0F,0x8C,0x06,0x00,0x00,0x00,0xE9,0x45,0x00,0x00,0x00,0x90
	.byte 0x48,0x83,0xFF,0x01,0x0F,0x85,0x06,0x00,0x00,0x00,0xE9,0x29,0x00,0x00,0x00,0x90
	.byte 0x4D,0x8B,0x1A,0x49,0x83,0xC2,0x08,0x48,0xF7,0xC7,0x01,0x00,0x00,0x00,0x0F,0x84
	.byte 0x04,0x00,0x00,0x00,0x49,0x01,0xD3,0x90,0x48,0xD1,0xEF,0x4C,0x89,0x1E,0x48,0x83
	.byte 0xC6,0x08,0xE9,0xC9,0xFF,0xFF,0xFF,0x90,0x49,0x8B,0x3A,0x49,0x83,0xC2,0x08,0xE9
	.byte 0xAC,0xFF,0xFF,0xFF,0x48,0x83,0xFF,0x01,0x0F,0x85,0x06,0x00,0x00,0x00,0xE9,0x29
	.byte 0x00,0x00,0x00,0x90,0x4D,0x8B,0x1A,0x49,0x83,0xC2,0x08,0x48,0xF7,0xC7,0x01,0x00
	.byte 0x00,0x00,0x0F,0x84,0x04,0x00,0x00,0x00,0x49,0x01,0xD3,0x90,0x48,0xD1,0xEF,0x4C
	.byte 0x89,0x1E,0x48,0x83,0xC6,0x08,0xE9,0xC9,0xFF,0xFF,0xFF,0x90,0x49,0x89,0xFB,0x49
	.byte 0x89,0xFA,0xFF,0xE0,0x49,0x83,0xEE,0x28,0x4D,0x39,0xEE,0x0F,0x82,0x8B,0xFB,0xFF
	.byte 0xFF,0x90,0x48,0x83,0xFF,0x00,0x0F,0x85,0x0E,0x00,0x00,0x00,0x48,0x83,0xC2,0x02
	.byte 0x48,0x89,0xD7,0x49,0x83,0xC6,0x28,0xFF,0xE0,0x90,0x48,0xF7,0xC7,0x01,0x00,0x00
	.byte 0x00,0x0F,0x84,0x3B,0x00,0x00,0x00,0x48,0xBF,0xFF,0xFF,0xFF,0xFF,0xFF,0xFF,0xFF
	.byte 0xFF,0x49,0x89,0x46,0x20,0x41,0xBB,0x02,0x00,0x00,0x00,0x4D,0x89,0x1E,0x48,0x8D
	.byte 0x05,0x05,0x00,0x00,0x00,0xE9,0x4E,0xFB,0xFF,0xFF,0x45,0x31,0xDB,0x4D,0x89,0x5E
	.byte 0x08,0x4D,0x8B,0x5E,0x08,0x4D,0x89,0x5E,0x18,0x49,0x8B,0x7E,0x08,0xE9,0x0C,0x00
	.byte 0x00,0x00,0x49,0x89,0x76,0x18,0x49,0x89,0x56,0x08,0x49,0x89,0x46,0x20,0x49,0x89
	.byte 0x7E,0x10,0x48,0xC1,0xEF,0x02,0x49,0xBA,0x00,0x00,0x00,0x00,0x01,0x00,0x00,0x00
	.byte 0x4C,0x39,0xD7,0x0F,0x82,0x0F,0x00,0x00,0x00,0x48,0xBF,0xFF,0xFF,0xFF,0xFF,0xFF
	.byte 0xFF,0xFF,0xFF,0xE9,0x08,0x00,0x00,0x00,0x48,0x83,0xC7,0x01,0x48,0xC1,0xE7,0x03
	.byte 0x49,0x8B,0x45,0xD8,0x49,0x8B,0x75,0xF8,0x48,0x29,0xF0,0x48,0x39,0xF8,0x0F,0x82
	.byte 0x16,0x00,0x00,0x00,0x49,0x8B,0x46,0x20,0x49,0x8B,0x76,0x18,0x49,0x8B,0x56,0x10
	.byte 0x4D,0x8B,0x4E,0x08,0xE9,0x27,0x00,0x00,0x00,0x90,0x41,0xBB,0x03,0x00,0x00,0x00
	.byte 0x4D,0x89,0x1E,0x48,0x8D,0x05,0x06,0x00,0x00,0x00,0xE9,0xB9,0xFA,0xFF,0xFF,0x90
	.byte 0x49,0x8B,0x46,0x20,0x49,0x8B,0x76,0x18,0x49,0x8B,0x56,0x10,0x4D,0x8B,0x4E,0x08
	.byte 0x49,0x8B,0x7D,0xF8,0x48,0x89,0xD3,0x48,0xC1,0xE2,0x1E,0x4D,0x89,0xC8,0x49,0x09
	.byte 0xD0,0x49,0x83,0xC8,0x03,0x48,0x89,0xDA,0x48,0xC1,0xEB,0x02,0x49,0xC1,0xE9,0x04
	.byte 0x48,0x89,0xF9,0x4C,0x29,0xE1,0x48,0xC1,0xE1,0x09,0x48,0x83,0xC9,0x01,0x49,0x83
	.byte 0xF9,0x0F,0x0F,0x82,0x0C,0x00,0x00,0x00,0x48,0x81,0xC9,0xE0,0x01,0x00,0x00,0xE9
	.byte 0x10,0x00,0x00,0x00,0x49,0xC1,0xE1,0x05,0x4D,0x89,0xCA,0x49,0x89,0xC9,0x4C,0x89
	.byte 0xD1,0x4C,0x09,0xC9,0x48,0x83,0xFB,0x0F,0x0F,0x82,0x0A,0x00,0x00,0x00,0x48,0x83
	.byte 0xC9,0x1E,0xE9,0x0D,0x00,0x00,0x00,0x90,0x48,0xD1,0xE3,0x49,0x89,0xC9,0x48,0x89
	.byte 0xD9,0x4C,0x09,0xC9,0x49,0x83,0xC6,0x28,0xE9,0x01,0x00,0x00,0x00,0x90,0x4C,0x89
	.byte 0x07,0x48,0x83,0xC7,0x08,0x48,0x83,0xFA,0x00,0x0F,0x85,0x09,0x00,0x00,0x00,0x49
	.byte 0x89,0x7D,0xF8,0x48,0x89,0xCF,0xFF,0xE0,0x48,0xC1,0xEE,0x09,0x4C,0x01,0xE6,0x4C
	.byte 0x8B,0x46,0x08,0x48,0x8B,0x76,0x10,0x48,0x83,0xC2,0xFC,0xE9,0xCE,0xFF,0xFF,0xFF
	.byte 0x49,0x83,0xEE,0x28,0x4D,0x39,0xEE,0x0F,0x82,0xDF,0xF9,0xFF,0xFF,0x90,0x48,0xF7
	.byte 0xC7,0x01,0x00,0x00,0x00,0x0F,0x84,0x3B,0x00,0x00,0x00,0x48,0xBF,0xFF,0xFF,0xFF
	.byte 0xFF,0xFF,0xFF,0xFF,0xFF,0x49,0x89,0x46,0x20,0x41,0xBB,0x04,0x00,0x00,0x00,0x4D
	.byte 0x89,0x1E,0x48,0x8D,0x05,0x05,0x00,0x00,0x00,0xE9,0xBA,0xF9,0xFF,0xFF,0x45,0x31
	.byte 0xDB,0x4D,0x89,0x5E,0x08,0x4D,0x8B,0x5E,0x08,0x4D,0x89,0x5E,0x18,0x49,0x8B,0x7E
	.byte 0x08,0xE9,0x0C,0x00,0x00,0x00,0x49,0x89,0x76,0x18,0x49,0x89,0x56,0x08,0x49,0x89
	.byte 0x46,0x20,0x49,0x89,0x7E,0x10,0x48,0xC1,0xEF,0x02,0x48,0x83,0xC7,0x08,0x48,0xD1
	.byte 0xEF,0x48,0xC1,0xEF,0x02,0x49,0xBA,0x00,0x00,0x00,0x00,0x01,0x00,0x00,0x00,0x4C
	.byte 0x39,0xD7,0x0F,0x82,0x10,0x00,0x00,0x00,0x48,0xBF,0xFF,0xFF,0xFF,0xFF,0xFF,0xFF
	.byte 0xFF,0xFF,0xE9,0x09,0x00,0x00,0x00,0x90,0x48,0x83,0xC7,0x01,0x48,0xC1,0xE7,0x03
	.byte 0x49,0x8B,0x45,0xD8,0x49,0x8B,0x75,0xF8,0x48,0x29,0xF0,0x48,0x39,0xF8,0x0F,0x82
	.byte 0x1A,0x00,0x00,0x00,0x49,0x8B,0x46,0x20,0x4D,0x8B,0x5E,0x18,0x4D,0x89,0x5E,0x20
	.byte 0x49,0x8B,0x56,0x10,0x4D,0x8B,0x7E,0x08,0xE9,0x2B,0x00,0x00,0x00,0x90,0x41,0xBB
	.byte 0x05,0x00,0x00,0x00,0x4D,0x89,0x1E,0x48,0x8D,0x05,0x06,0x00,0x00,0x00,0xE9,0x15
	.byte 0xF9,0xFF,0xFF,0x90,0x49,0x8B,0x46,0x20,0x4D,0x8B,0x5E,0x18,0x4D,0x89,0x5E,0x20
	.byte 0x49,0x8B,0x56,0x10,0x4D,0x8B,0x7E,0x08,0x48,0x89,0xD7,0x48,0xC1,0xEA,0x02,0x48
	.byte 0x83,0xC2,0x08,0x48,0xC1,0xEA,0x03,0x48,0x89,0xD6,0x48,0xC1,0xE2,0x02,0x49,0x8B
	.byte 0x4D,0xF8,0x48,0xC1,0xE6,0x03,0x48,0x01,0xCE,0x49,0x89,0xF0,0x48,0x83,0xC6,0x08
	.byte 0x49,0x89,0x75,0xF8,0x48,0x89,0xCB,0x4C,0x29,0xE1,0x48,0xC1,0xE1,0x09,0x48,0x83
	.byte 0xC9,0x01,0x49,0x89,0xF9,0x48,0xC1,0xEF,0x02,0x48,0x83,0xC7,0x08,0x48,0xC1,0xE7
	.byte 0x1D,0x49,0x09,0xFF,0x49,0x83,0xCF,0x07,0x49,0x8B,0x7E,0x20,0x48,0xC1,0xEF,0x02
	.byte 0x48,0x89,0xFE,0x48,0xC1,0xE6,0x08,0x49,0x89,0x7E,0x20,0x4D,0x8B,0x56,0x20,0x4C
	.byte 0x09,0xD6,0x48,0x89,0xF7,0x48,0xC1,0xE7,0x10,0x48,0x09,0xF7,0x48,0x89,0xFE,0x48
	.byte 0xC1,0xE6,0x20,0x48,0x09,0xFE,0x48,0x89,0xDF,0x4C,0x89,0x3F,0x49,0xC1,0xE9,0x02
	.byte 0x49,0x83,0xE1,0x07,0x31,0xDB,0x49,0x89,0x18,0x49,0x83,0xF9,0x00,0x0F,0x84,0x65
	.byte 0x00,0x00,0x00,0x41,0x88,0x30,0x49,0x83,0xF9,0x01,0x0F,0x84,0x58,0x00,0x00,0x00
	.byte 0x41,0x88,0x70,0x01,0x49,0x83,0xF9,0x02,0x0F,0x84,0x4A,0x00,0x00,0x00,0x41,0x88
	.byte 0x70,0x02,0x49,0x83,0xF9,0x03,0x0F,0x84,0x3C,0x00,0x00,0x00,0x41,0x88,0x70,0x03
	.byte 0x49,0x83,0xF9,0x04,0x0F,0x84,0x2E,0x00,0x00,0x00,0x41,0x88,0x70,0x04,0x49,0x83
	.byte 0xF9,0x05,0x0F,0x84,0x20,0x00,0x00,0x00,0x41,0x88,0x70,0x05,0x49,0x83,0xF9,0x06
	.byte 0x0F,0x84,0x12,0x00,0x00,0x00,0x41,0x88,0x70,0x06,0x49,0x83,0xF9,0x07,0x0F,0x84
	.byte 0x04,0x00,0x00,0x00,0x41,0x88,0x70,0x07,0x48,0x83,0xC2,0xFC,0x49,0x83,0xC6,0x28
	.byte 0xE9,0x47,0x00,0x00,0x00,0x90,0x48,0x89,0xFA,0x48,0xC1,0xEF,0x02,0x48,0x83,0xC7
	.byte 0x01,0x48,0xC1,0xE7,0x03,0x49,0x8B,0x4D,0xD8,0x48,0x29,0xF9,0x49,0x89,0x4D,0xD8
	.byte 0x49,0x8B,0x4D,0xF0,0x48,0x29,0xF9,0x49,0x89,0x4D,0xF0,0x48,0x89,0xCF,0x4C,0x29
	.byte 0xE1,0x48,0xC1,0xE1,0x09,0x48,0x83,0xC9,0x01,0x49,0x89,0xD0,0x49,0xC1,0xE0,0x1E
	.byte 0x49,0x83,0xC8,0x0B,0x4C,0x89,0x07,0xE9,0x00,0x00,0x00,0x00,0x48,0x83,0xFA,0x00
	.byte 0x0F,0x85,0x06,0x00,0x00,0x00,0x48,0x89,0xCF,0xFF,0xE0,0x90,0x48,0x83,0xC7,0x08
	.byte 0x48,0x89,0x37,0x48,0x83,0xC2,0xFC,0xE9,0xE0,0xFF,0xFF,0xFF,0x49,0x83,0xEE,0x28
	.byte 0x4D,0x39,0xEE,0x0F,0x82,0x73,0xF7,0xFF,0xFF,0x90,0xB9,0x04,0x00,0x00,0x00,0x48
	.byte 0x83,0xFF,0x00,0x0F,0x84,0x3D,0x00,0x00,0x00,0x48,0xF7,0xC7,0x01,0x00,0x00,0x00
	.byte 0x0F,0x84,0x20,0x00,0x00,0x00,0x49,0x89,0x7E,0x10,0x48,0xC1,0xEF,0x09,0x4C,0x01
	.byte 0xE7,0x48,0x8B,0x0F,0x48,0xC1,0xE9,0x20,0x48,0xC1,0xE1,0x02,0x48,0x83,0xC1,0x04
	.byte 0xE9,0x0B,0x00,0x00,0x00,0x90,0xB9,0x08,0x00,0x00,0x00,0x49,0x89,0x7E,0x10,0x90
	.byte 0xE9,0x05,0x00,0x00,0x00,0x90,0x49,0x89,0x7E,0x10,0x48,0x83,0xFE,0x00,0x0F,0x84
	.byte 0x42,0x00,0x00,0x00,0x48,0xF7,0xC6,0x01,0x00,0x00,0x00,0x0F,0x84,0x27,0x00,0x00
	.byte 0x00,0x49,0x89,0x76,0x18,0x48,0xC1,0xEE,0x09,0x4C,0x01,0xE6,0x48,0x8B,0x3E,0x48
	.byte 0xC1,0xEF,0x20,0x48,0xC1,0xE7,0x02,0x49,0x89,0xFA,0x48,0x89,0xCF,0x4C,0x89,0xD1
	.byte 0x48,0x01,0xF9,0xE9,0x08,0x00,0x00,0x00,0x48,0x83,0xC1,0x04,0x49,0x89,0x76,0x18
	.byte 0xE9,0x05,0x00,0x00,0x00,0x90,0x49,0x89,0x76,0x18,0x49,0x89,0x8D,0x90,0xFE,0xFF
	.byte 0xFF,0x48,0xC1,0xE9,0x02,0x49,0xBA,0x00,0x00,0x00,0x00,0x01,0x00,0x00,0x00,0x4C
	.byte 0x39,0xD1,0x0F,0x82,0x10,0x00,0x00,0x00,0x48,0xBF,0xFF,0xFF,0xFF,0xFF,0xFF,0xFF
	.byte 0xFF,0xFF,0xE9,0x0D,0x00,0x00,0x00,0x90,0x48,0x83,0xC1,0x01,0x48,0x89,0xCF,0x48
	.byte 0xC1,0xE7,0x03,0x90,0x49,0x8B,0x75,0xD8,0x49,0x8B,0x4D,0xF8,0x48,0x29,0xCE,0x48
	.byte 0x39,0xFE,0x0F,0x82,0x0E,0x00,0x00,0x00,0x49,0x8B,0x7E,0x18,0x49,0x8B,0x76,0x10
	.byte 0xE9,0x2F,0x00,0x00,0x00,0x90,0x49,0x89,0x46,0x20,0x49,0x89,0x56,0x08,0x41,0xBB
	.byte 0x06,0x00,0x00,0x00,0x4D,0x89,0x1E,0x48,0x8D,0x05,0x06,0x00,0x00,0x00,0xE9,0x65
	.byte 0xF6,0xFF,0xFF,0x90,0x49,0x8B,0x46,0x20,0x49,0x8B,0x7E,0x18,0x49,0x8B,0x76,0x10
	.byte 0x49,0x8B,0x56,0x08,0x48,0x83,0xFE,0x00,0x0F,0x84,0xB0,0x00,0x00,0x00,0x48,0xF7
	.byte 0xC6,0x01,0x00,0x00,0x00,0x0F,0x85,0x5F,0x00,0x00,0x00,0x48,0x83,0xFE,0x00,0x0F
	.byte 0x8D,0x2D,0x00,0x00,0x00,0xB9,0x03,0x00,0x00,0x00,0x49,0x89,0x8D,0x78,0xFF,0xFF
	.byte 0xFF,0x49,0x8B,0x4D,0xF8,0x49,0x89,0x8D,0x80,0xFE,0xFF,0xFF,0x31,0xC9,0x48,0xC1
	.byte 0xFE,0x02,0x48,0x29,0xF1,0x49,0x89,0x8D,0x18,0xFF,0xFF,0xFF,0xE9,0x23,0x00,0x00
	.byte 0x00,0x90,0xB9,0x02,0x00,0x00,0x00,0x49,0x89,0x8D,0x78,0xFF,0xFF,0xFF,0x49,0x8B
	.byte 0x4D,0xF8,0x49,0x89,0x8D,0x80,0xFE,0xFF,0xFF,0x48,0xC1,0xEE,0x02,0x49,0x89,0xB5
	.byte 0x18,0xFF,0xFF,0xFF,0xE9,0x3F,0x00,0x00,0x00,0x90,0x48,0xC1,0xEE,0x09,0x4C,0x01
	.byte 0xE6,0x48,0x89,0xF1,0x48,0x83,0xC6,0x08,0x49,0x89,0xB5,0x80,0xFE,0xFF,0xFF,0x48
	.byte 0x8B,0x31,0x48,0xC1,0xEE,0x04,0x48,0x83,0xE6,0x01,0x48,0x8B,0x09,0x48,0xC1,0xE9
	.byte 0x20,0x48,0xD1,0xE1,0x48,0x01,0xCE,0x49,0x89,0xB5,0x78,0xFF,0xFF,0xFF,0x31,0xF6
	.byte 0x49,0x89,0xB5,0x18,0xFF,0xFF,0xFF,0x90,0xE9,0x17,0x00,0x00,0x00,0x90,0x49,0x89
	.byte 0xB5,0x78,0xFF,0xFF,0xFF,0x49,0x89,0xB5,0x80,0xFE,0xFF,0xFF,0x49,0x89,0xB5,0x18
	.byte 0xFF,0xFF,0xFF,0x90,0x48,0x83,0xFF,0x00,0x0F,0x84,0xB0,0x00,0x00,0x00,0x48,0xF7
	.byte 0xC7,0x01,0x00,0x00,0x00,0x0F,0x85,0x5F,0x00,0x00,0x00,0x48,0x83,0xFF,0x00,0x0F
	.byte 0x8D,0x2D,0x00,0x00,0x00,0xBE,0x03,0x00,0x00,0x00,0x49,0x89,0xB5,0x70,0xFF,0xFF
	.byte 0xFF,0x49,0x8B,0x75,0xE0,0x49,0x89,0xB5,0x88,0xFE,0xFF,0xFF,0x31,0xF6,0x48,0xC1
	.byte 0xFF,0x02,0x48,0x29,0xFE,0x49,0x89,0xB5,0x20,0xFF,0xFF,0xFF,0xE9,0x23,0x00,0x00
	.byte 0x00,0x90,0xBE,0x02,0x00,0x00,0x00,0x49,0x89,0xB5,0x70,0xFF,0xFF,0xFF,0x49,0x8B
	.byte 0x75,0xE0,0x49,0x89,0xB5,0x88,0xFE,0xFF,0xFF,0x48,0xC1,0xEF,0x02,0x49,0x89,0xBD
	.byte 0x20,0xFF,0xFF,0xFF,0xE9,0x3F,0x00,0x00,0x00,0x90,0x48,0xC1,0xEF,0x09,0x4C,0x01
	.byte 0xE7,0x48,0x89,0xFE,0x48,0x83,0xC7,0x08,0x49,0x89,0xBD,0x88,0xFE,0xFF,0xFF,0x48
	.byte 0x8B,0x3E,0x48,0xC1,0xEF,0x04,0x48,0x83,0xE7,0x01,0x48,0x8B,0x36,0x48,0xC1,0xEE
	.byte 0x20,0x48,0xD1,0xE6,0x48,0x01,0xF7,0x49,0x89,0xBD,0x70,0xFF,0xFF,0xFF,0x31,0xFF
	.byte 0x49,0x89,0xBD,0x20,0xFF,0xFF,0xFF,0x90,0xE9,0x17,0x00,0x00,0x00,0x90,0x49,0x89
	.byte 0xBD,0x70,0xFF,0xFF,0xFF,0x49,0x89,0xBD,0x88,0xFE,0xFF,0xFF,0x49,0x89,0xBD,0x20
	.byte 0xFF,0xFF,0xFF,0x90,0x49,0x8B,0xBD,0x20,0xFF,0xFF,0xFF,0x49,0x8B,0x75,0xE0,0x48
	.byte 0x89,0x3E,0x49,0x8B,0xB5,0x18,0xFF,0xFF,0xFF,0x49,0x8B,0x7D,0xF8,0x48,0x89,0x37
	.byte 0x49,0x8B,0x8D,0x90,0xFE,0xFF,0xFF,0x49,0x89,0xBD,0x90,0xFE,0xFF,0xFF,0x48,0xC1
	.byte 0xEA,0x02,0x49,0x89,0x95,0x60,0xFF,0xFF,0xFF,0x31,0xF6,0x48,0x89,0xCA,0x48,0x89
	.byte 0xC1,0x49,0x89,0x46,0x20,0x41,0xBB,0x07,0x00,0x00,0x00,0x4D,0x89,0x1E,0x48,0x8D
	.byte 0x05,0x05,0x00,0x00,0x00,0xE9,0xB2,0xFC,0xFF,0xFF,0x49,0x8B,0x85,0x90,0xFE,0xFF
	.byte 0xFF,0x48,0x83,0xC0,0x08,0x49,0x89,0x85,0x90,0xFE,0xFF,0xFF,0x49,0x89,0x7E,0x20
	.byte 0x41,0xBB,0x08,0x00,0x00,0x00,0x4D,0x89,0x1E,0x48,0x8D,0x05,0x06,0x00,0x00,0x00
	.byte 0xE9,0xAB,0x08,0x00,0x00,0x90,0x49,0x8B,0x46,0x20,0x49,0x8B,0x95,0x28,0xFF,0xFF
	.byte 0xFF,0x48,0x85,0xD2,0x0F,0x85,0x0A,0x00,0x00,0x00,0x48,0x89,0xD7,0x49,0x83,0xC6
	.byte 0x28,0xFF,0xE0,0x90,0x49,0x8B,0x75,0xF8,0x48,0x8B,0x4E,0x08,0x48,0x83,0xFA,0x02
	.byte 0x0F,0x84,0x3A,0x00,0x00,0x00,0x48,0x83,0xFA,0x03,0x0F,0x85,0x2A,0x00,0x00,0x00
	.byte 0x48,0x89,0xCF,0x48,0x83,0xC7,0xFF,0x48,0xC1,0xEF,0x3D,0x48,0x85,0xFF,0x0F,0x85
	.byte 0x10,0x00,0x00,0x00,0x31,0xFF,0x48,0xC1,0xE1,0x02,0x48,0x29,0xCF,0x49,0x83,0xC6
	.byte 0x28,0xFF,0xE0,0x90,0x49,0x89,0xD0,0x4C,0x89,0xC2,0xE9,0x21,0x00,0x00,0x00,0x90
	.byte 0x48,0x89,0xCF,0x48,0xC1,0xE9,0x3D,0x48,0x85,0xC9,0x0F,0x85,0x0A,0x00,0x00,0x00
	.byte 0x48,0xC1,0xE7,0x02,0x49,0x83,0xC6,0x28,0xFF,0xE0,0x49,0x89,0xD1,0x4C,0x89,0xCA
	.byte 0x48,0x89,0xD1,0x48,0xD1,0xE9,0x48,0x83,0xE2,0x01,0x48,0xC1,0xE2,0x04,0x48,0x89
	.byte 0xCF,0x48,0xC1,0xE7,0x20,0x48,0x09,0xFA,0x48,0x83,0xCA,0x0F,0x48,0x89,0x16,0x48
	.byte 0x89,0xF7,0x4C,0x29,0xE7,0x48,0xC1,0xE7,0x09,0x48,0x83,0xCF,0x01,0x48,0xC1,0xE1
	.byte 0x03,0x48,0x01,0xF1,0x48,0x83,0xC1,0x08,0x49,0x89,0x4D,0xF8,0x49,0x83,0xC6,0x28
	.byte 0xFF,0xE0,0x31,0xD2,0xE9,0xD3,0xFB,0xFF,0xFF,0x90,0xBA,0x04,0x00,0x00,0x00,0xE9
	.byte 0xC8,0xFB,0xFF,0xFF,0xBA,0x10,0x00,0x00,0x00,0xE9,0xBE,0xFB,0xFF,0xFF,0xBA,0x14
	.byte 0x00,0x00,0x00,0xE9,0xB4,0xFB,0xFF,0xFF,0xBA,0x18,0x00,0x00,0x00,0xE9,0xAA,0xFB
	.byte 0xFF,0xFF,0x48,0x83,0xFF,0x00,0x0F,0x85,0x08,0x00,0x00,0x00,0xBF,0x01,0x00,0x00
	.byte 0x00,0xFF,0xE0,0x90,0x48,0x8B,0x0E,0x4C,0x8B,0x02,0x4C,0x39,0xC1,0x0F,0x85,0x11
	.byte 0x00,0x00,0x00,0x48,0x83,0xC7,0xFF,0x48,0x83,0xC6,0xF8,0x48,0x83,0xC2,0xF8,0xE9
	.byte 0xCE,0xFF,0xFF,0xFF,0x4C,0x39,0xC1,0x0F,0x83,0x05,0x00,0x00,0x00,0x31,0xFF,0xFF
	.byte 0xE0,0x90,0xBF,0x02,0x00,0x00,0x00,0xFF,0xE0,0x90,0x48,0xF7,0xC7,0x01,0x00,0x00
	.byte 0x00,0x0F,0x85,0x23,0x00,0x00,0x00,0x48,0xC1,0xEE,0x09,0x4C,0x01,0xE6,0x48,0x8B
	.byte 0x3E,0x48,0xF7,0xC7,0x10,0x00,0x00,0x00,0x0F,0x85,0x04,0x00,0x00,0x00,0x31,0xFF
	.byte 0xFF,0xE0,0xBF,0x02,0x00,0x00,0x00,0xFF,0xE0,0x90,0x48,0xF7,0xC6,0x01,0x00,0x00
	.byte 0x00,0x0F,0x85,0x23,0x00,0x00,0x00,0x48,0xC1,0xEF,0x09,0x4C,0x01,0xE7,0x48,0x8B
	.byte 0x3F,0x48,0xF7,0xC7,0x10,0x00,0x00,0x00,0x0F,0x85,0x08,0x00,0x00,0x00,0xBF,0x02
	.byte 0x00,0x00,0x00,0xFF,0xE0,0x90,0x31,0xFF,0xFF,0xE0,0x48,0xC1,0xEF,0x09,0x4C,0x01
	.byte 0xE7,0x48,0x89,0xF9,0x48,0x8B,0x39,0x48,0xC1,0xEE,0x09,0x4C,0x01,0xE6,0x49,0x89
	.byte 0xF1,0x49,0x8B,0x11,0x49,0x89,0xF8,0x48,0xC1,0xEF,0x20,0x48,0x89,0xD6,0x48,0xC1
	.byte 0xEE,0x20,0x49,0x39,0xD0,0x0F,0x85,0x35,0x00,0x00,0x00,0x48,0x89,0xFA,0x48,0xC1
	.byte 0xE2,0x03,0x48,0x01,0xCA,0x48,0x89,0xFE,0x48,0xC1,0xE6,0x03,0x4C,0x01,0xCE,0x49
	.byte 0xF7,0xC0,0x10,0x00,0x00,0x00,0x0F,0x85,0x0E,0x00,0x00,0x00,0x49,0x89,0xD2,0x48
	.byte 0x89,0xF2,0x4C,0x89,0xD6,0xE9,0xF8,0xFE,0xFF,0xFF,0xE9,0xF3,0xFE,0xFF,0xFF,0x90
	.byte 0x49,0xF7,0xC0,0x10,0x00,0x00,0x00,0x0F,0x85,0x2B,0x00,0x00,0x00,0x48,0xF7,0xC2
	.byte 0x10,0x00,0x00,0x00,0x0F,0x85,0x16,0x00,0x00,0x00,0x48,0x39,0xF7,0x0F,0x83,0x05
	.byte 0x00,0x00,0x00,0x31,0xFF,0xFF,0xE0,0x90,0xBF,0x02,0x00,0x00,0x00,0xFF,0xE0,0x90
	.byte 0xBF,0x02,0x00,0x00,0x00,0xFF,0xE0,0x90,0x48,0xF7,0xC2,0x10,0x00,0x00,0x00,0x0F
	.byte 0x85,0x05,0x00,0x00,0x00,0x31,0xFF,0xFF,0xE0,0x90,0x48,0x39,0xF7,0x0F,0x83,0x07
	.byte 0x00,0x00,0x00,0xBF,0x02,0x00,0x00,0x00,0xFF,0xE0,0x31,0xFF,0xFF,0xE0,0x49,0x83
	.byte 0xEE,0x28,0x4D,0x39,0xEE,0x0F,0x82,0xB1,0xF1,0xFF,0xFF,0x90,0x48,0x83,0xFF,0x00
	.byte 0x0F,0x85,0x0C,0x00,0x00,0x00,0xBF,0x01,0x00,0x00,0x00,0x49,0x83,0xC6,0x28,0xFF
	.byte 0xE0,0x90,0x49,0x89,0x7E,0x10,0x48,0x89,0xF1,0x48,0x8B,0x39,0x48,0x8B,0x32,0x49
	.byte 0x89,0x46,0x20,0x49,0x89,0x4E,0x18,0x49,0x89,0x56,0x08,0x41,0xBB,0x09,0x00,0x00
	.byte 0x00,0x4D,0x89,0x1E,0x48,0x8D,0x05,0x05,0x00,0x00,0x00,0xE9,0x34,0x00,0x00,0x00
	.byte 0x49,0x8B,0x46,0x20,0x49,0x8B,0x76,0x18,0x49,0x8B,0x4E,0x10,0x49,0x8B,0x56,0x08
	.byte 0x48,0x83,0xFF,0x01,0x0F,0x84,0x06,0x00,0x00,0x00,0x49,0x83,0xC6,0x28,0xFF,0xE0
	.byte 0x48,0x89,0xCF,0x48,0x83,0xC7,0xFF,0x48,0x83,0xC6,0x08,0x48,0x83,0xC2,0x08,0xE9
	.byte 0x88,0xFF,0xFF,0xFF,0x48,0x39,0xF7,0x0F,0x85,0x07,0x00,0x00,0x00,0xBF,0x01,0x00
	.byte 0x00,0x00,0xFF,0xE0,0x49,0x89,0xF8,0x48,0x89,0xF1,0x4C,0x21,0xC6,0x48,0xF7,0xC6
	.byte 0x01,0x00,0x00,0x00,0x0F,0x85,0x04,0x00,0x00,0x00,0x31,0xFF,0xFF,0xE0,0x4C,0x89
	.byte 0xC2,0x48,0xC1,0xEA,0x09,0x4C,0x01,0xE2,0x48,0xC1,0xE9,0x09,0x4C,0x01,0xE1,0x48
	.byte 0x8B,0x32,0x4C,0x8B,0x01,0x48,0xF7,0xC6,0x0C,0x00,0x00,0x00,0x0F,0x85,0x60,0x00
	.byte 0x00,0x00,0x48,0xBF,0xFE,0xFF,0xFF,0xFF,0x00,0x00,0x00,0x00,0x49,0x89,0xF1,0x49
	.byte 0x21,0xF9,0x49,0x81,0xF9,0xE2,0x01,0x00,0x00,0x0F,0x85,0x07,0x00,0x00,0x00,0xBF
	.byte 0x01,0x00,0x00,0x00,0xFF,0xE0,0x49,0x81,0xF9,0xF2,0x01,0x00,0x00,0x0F,0x85,0x07
	.byte 0x00,0x00,0x00,0xBF,0x01,0x00,0x00,0x00,0xFF,0xE0,0x4C,0x39,0xC6,0x0F,0x84,0x05
	.byte 0x00,0x00,0x00,0x31,0xFF,0xFF,0xE0,0x90,0x48,0x89,0xF7,0x48,0xC1,0xEF,0x20,0x48
	.byte 0x89,0xD6,0x48,0x83,0xC6,0x08,0x48,0x89,0xCA,0x48,0x83,0xC2,0x08,0xE9,0xCC,0xFE
	.byte 0xFF,0xFF,0x4C,0x39,0xC6,0x0F,0x84,0x05,0x00,0x00,0x00,0x31,0xFF,0xFF,0xE0,0x90
	.byte 0x48,0xF7,0xC6,0x04,0x00,0x00,0x00,0x0F,0x85,0x05,0x00,0x00,0x00,0x31,0xFF,0xFF
	.byte 0xE0,0x90,0x48,0x89,0xF7,0x48,0x83,0xE7,0x18,0x48,0x83,0xFF,0x10,0x0F,0x85,0x05
	.byte 0x00,0x00,0x00,0x31,0xFF,0xFF,0xE0,0x90,0x48,0x89,0xF7,0x48,0xC1,0xEF,0x20,0x48
	.byte 0x89,0xFE,0x48,0xC1,0xE6,0x03,0x48,0x01,0xD6,0x48,0x89,0xFA,0x48,0xC1,0xE2,0x03
	.byte 0x48,0x01,0xCA,0xE9,0x0A,0xFD,0xFF,0xFF,0x49,0x89,0xFA,0x48,0x89,0xD7,0x4C,0x89
	.byte 0xD2,0x49,0x89,0xF2,0x48,0x89,0xC6,0x4C,0x89,0xD0,0x48,0xF7,0xF7,0x49,0x89,0x95
	.byte 0x98,0xFE,0xFF,0xFF,0x48,0x89,0xC7,0xFF,0xE6,0x90,0x49,0x83,0xEE,0x10,0x4D,0x39
	.byte 0xEE,0x0F,0x82,0x05,0xF0,0xFF,0xFF,0x90,0x48,0x89,0xFA,0x49,0x8B,0x4D,0x88,0x49
	.byte 0x8B,0x7D,0x98,0x49,0x89,0x55,0x88,0x49,0x89,0x75,0x98,0x49,0x89,0x46,0x08,0x48
	.byte 0x8D,0x05,0x06,0x00,0x00,0x00,0xE9,0x25,0xED,0xFF,0xFF,0x90,0x49,0x8B,0x46,0x08
	.byte 0x49,0x83,0xC6,0x10,0xFF,0xE0,0x48,0xF7,0xC7,0x01,0x00,0x00,0x00,0x0F,0x85,0x09
	.byte 0x00,0x00,0x00,0x49,0x8B,0x7D,0x88,0xE9,0x1E,0x00,0x00,0x00,0x48,0xC1,0xEF,0x09
	.byte 0x4C,0x01,0xE7,0x48,0x8B,0x4F,0x08,0x48,0xC1,0xE9,0x02,0x88,0x0A,0x48,0x83,0xC2
	.byte 0x01,0x48,0x8B,0x7F,0x10,0xE9,0xCC,0xFF,0xFF,0xFF,0x48,0xF7,0xC6,0x01,0x00,0x00
	.byte 0x00,0x0F,0x85,0x09,0x00,0x00,0x00,0x48,0x89,0xD6,0xE9,0x7B,0xFF,0xFF,0xFF,0x90
	.byte 0x48,0xC1,0xEE,0x09,0x4C,0x01,0xE6,0x48,0x8B,0x4E,0x08,0x48,0xC1,0xE9,0x09,0x4C
	.byte 0x01,0xE1,0x48,0x8B,0x49,0x08,0x48,0x89,0x0F,0x48,0x83,0xC7,0x08,0x48,0x8B,0x76
	.byte 0x10,0xE9,0xC4,0xFF,0xFF,0xFF,0x48,0xF7,0xC6,0x01,0x00,0x00,0x00,0x0F,0x85,0x03
	.byte 0x00,0x00,0x00,0xFF,0xE0,0x90,0x49,0x89,0xBD,0x78,0xFF,0xFF,0xFF,0x49,0x89,0xB5
	.byte 0x70,0xFF,0xFF,0xFF,0x49,0x8B,0x7D,0xF8,0x49,0x8B,0x4D,0xD8,0x48,0x29,0xF9,0x49
	.byte 0x89,0xF8,0x4D,0x29,0xE0,0x49,0xC1,0xE0,0x09,0x49,0x83,0xC8,0x05,0x4D,0x89,0x85
	.byte 0x68,0xFF,0xFF,0xFF,0x48,0xBA,0x03,0x00,0x00,0x00,0x02,0x00,0x00,0x00,0xE9,0x01
	.byte 0x00,0x00,0x00,0x90,0x49,0x89,0xF1,0x48,0xC1,0xEE,0x09,0x4C,0x01,0xE6,0x48,0x8B
	.byte 0x5E,0x08,0x48,0x8B,0x76,0x10,0x48,0x83,0xF9,0x18,0x0F,0x83,0x0A,0x00,0x00,0x00
	.byte 0x31,0xF6,0x4C,0x89,0xCF,0xE9,0x4C,0x00,0x00,0x00,0x48,0x89,0x17,0x48,0x89,0x5F
	.byte 0x08,0x48,0xF7,0xC6,0x01,0x00,0x00,0x00,0x0F,0x84,0x18,0x00,0x00,0x00,0x49,0x81
	.byte 0xC0,0x00,0x30,0x00,0x00,0x48,0x83,0xC1,0xE8,0x4C,0x89,0x47,0x10,0x48,0x83,0xC7
	.byte 0x18,0xE9,0xAE,0xFF,0xFF,0xFF,0x49,0x8B,0x95,0x78,0xFF,0xFF,0xFF,0x49,0x8B,0xB5
	.byte 0x68,0xFF,0xFF,0xFF,0x48,0x89,0x57,0x10,0x48,0x83,0xC7,0x18,0x49,0x89,0x7D,0xF8
	.byte 0x48,0x89,0xF7,0xFF,0xE0,0x90,0x49,0x83,0xEE,0x20,0x4D,0x39,0xEE,0x0F,0x82,0x99
	.byte 0xEE,0xFF,0xFF,0x90,0x48,0xF7,0xC7,0x01,0x00,0x00,0x00,0x0F,0x85,0x97,0x00,0x00
	.byte 0x00,0x49,0x8B,0x4D,0xD8,0x49,0x8B,0x55,0xF8,0x49,0x89,0xC8,0x49,0x29,0xD0,0x49
	.byte 0xD1,0xE8,0x49,0x01,0xF0,0x49,0x8B,0xBD,0x78,0xFF,0xFF,0xFF,0x49,0x8B,0xB5,0x70
	.byte 0xFF,0xFF,0xFF,0x49,0xC1,0xE8,0x02,0x49,0xBA,0xFF,0xFF,0xFF,0xFF,0xFF,0xFF,0xFF
	.byte 0x1F,0x4D,0x39,0xD0,0x0F,0x82,0x10,0x00,0x00,0x00,0x49,0xB8,0xFF,0xFF,0xFF,0xFF
	.byte 0xFF,0xFF,0xFF,0xFF,0xE9,0x09,0x00,0x00,0x00,0x90,0x49,0x83,0xC0,0x01,0x49,0xC1
	.byte 0xE0,0x03,0x48,0x29,0xD1,0x4C,0x39,0xC1,0x0F,0x83,0x30,0x00,0x00,0x00,0x49,0x89
	.byte 0x7E,0x10,0x4C,0x89,0xC7,0x49,0x89,0x46,0x18,0x49,0x89,0x76,0x08,0x41,0xBB,0x0A
	.byte 0x00,0x00,0x00,0x4D,0x89,0x1E,0x48,0x8D,0x05,0x05,0x00,0x00,0x00,0xE9,0x16,0xEE
	.byte 0xFF,0xFF,0x49,0x8B,0x46,0x18,0x49,0x8B,0x7E,0x10,0x49,0x8B,0x76,0x08,0x49,0x83
	.byte 0xC6,0x20,0xE9,0x8F,0xFE,0xFF,0xFF,0x90,0x48,0xC1,0xEF,0x09,0x4C,0x01,0xE7,0x48
	.byte 0x8B,0x7F,0x10,0x48,0x83,0xC6,0x0C,0xE9,0x48,0xFF,0xFF,0xFF,0x48,0x83,0xFA,0x02
	.byte 0x0F,0x83,0x26,0x00,0x00,0x00,0x48,0x83,0xFA,0x00,0x0F,0x85,0x08,0x00,0x00,0x00
	.byte 0xBF,0x02,0x00,0x00,0x00,0xFF,0xE0,0x90,0x48,0x8B,0x16,0x48,0x8B,0x37,0x48,0x31
	.byte 0xD6,0x48,0x89,0x37,0xBF,0x02,0x00,0x00,0x00,0xFF,0xE0,0x90,0x4C,0x8B,0x06,0x48
	.byte 0x8B,0x1F,0x48,0x8B,0x4E,0x08,0x4C,0x8B,0x4F,0x08,0x48,0x83,0xC2,0xFE,0x4C,0x31
	.byte 0xC3,0x49,0x31,0xC9,0x48,0x89,0x1F,0x4C,0x89,0x4F,0x08,0x48,0x83,0xC6,0x10,0x48
	.byte 0x83,0xC7,0x10,0xE9,0xA4,0xFF,0xFF,0xFF,0x48,0x89,0xFB,0x49,0x89,0xF1,0x48,0x83
	.byte 0xFA,0x08,0x0F,0x85,0x08,0x00,0x00,0x00,0x48,0x89,0xCF,0x4C,0x89,0xC6,0xFF,0xE0
	.byte 0x48,0x0F,0xB6,0x3B,0x49,0x0F,0xB6,0x31,0x48,0x39,0xF7,0x0F,0x84,0x03,0x00,0x00
	.byte 0x00,0xFF,0xE0,0x90,0x48,0x89,0xDF,0x48,0x83,0xC7,0x01,0x4C,0x89,0xCE,0x48,0x83
	.byte 0xC6,0x01,0x48,0x83,0xC2,0xFF,0xE9,0xBD,0xFF,0xFF,0xFF,0x90,0x48,0x85,0xFF,0x0F
	.byte 0x85,0x05,0x00,0x00,0x00,0x48,0x89,0xCF,0xFF,0xE0,0x4C,0x8B,0x06,0x48,0x83,0xC7
	.byte 0xFC,0x48,0x83,0xC6,0x08,0x4C,0x89,0x02,0x48,0x83,0xC2,0x08,0xE9,0xDB,0xFF,0xFF
	.byte 0xFF,0x90,0x49,0x89,0xF1,0x48,0x89,0xFE,0x48,0x89,0xCF,0x49,0xC1,0xE9,0x02,0x48
	.byte 0xC1,0xEA,0x02,0x49,0xC1,0xE8,0x02,0x4C,0x89,0xC9,0x4D,0x01,0xE1,0x48,0xC1,0xEE
	.byte 0x09,0x49,0x01,0xF1,0x49,0x83,0xC1,0x08,0x4C,0x89,0xC6,0x4D,0x01,0xE0,0x48,0xC1
	.byte 0xEF,0x09,0x49,0x01,0xF8,0x49,0x83,0xC0,0x08,0x48,0x39,0xF1,0x0F,0x83,0x1A,0x00
	.byte 0x00,0x00,0x48,0x89,0xD7,0x48,0x83,0xC2,0xFF,0x48,0x89,0xD6,0x4C,0x01,0xCE,0x4C
	.byte 0x01,0xC2,0xB9,0x02,0x00,0x00,0x00,0xE9,0xAC,0x00,0x00,0x00,0xB9,0x02,0x00,0x00
	.byte 0x00,0x48,0x89,0xD7,0x4C,0x89,0xCE,0x4C,0x89,0xC2,0xE9,0x01,0x00,0x00,0x00,0x90
	.byte 0x48,0x83,0xFF,0x04,0x0F,0x83,0x5C,0x00,0x00,0x00,0x48,0x83,0xFF,0x02,0x0F,0x83
	.byte 0x1C,0x00,0x00,0x00,0x48,0x83,0xFF,0x00,0x0F,0x85,0x06,0x00,0x00,0x00,0x48,0x89
	.byte 0xCF,0xFF,0xE0,0x90,0x48,0x0F,0xB6,0x3E,0x40,0x88,0x3A,0x48,0x89,0xCF,0xFF,0xE0
	.byte 0x4C,0x0F,0xB6,0x0E,0x4C,0x0F,0xB6,0x46,0x01,0x48,0x83,0xFF,0x02,0x0F,0x85,0x0D
	.byte 0x00,0x00,0x00,0x44,0x88,0x0A,0x44,0x88,0x42,0x01,0x48,0x89,0xCF,0xFF,0xE0,0x90
	.byte 0x48,0x0F,0xB6,0x7E,0x02,0x44,0x88,0x0A,0x44,0x88,0x42,0x01,0x40,0x88,0x7A,0x02
	.byte 0x48,0x89,0xCF,0xFF,0xE0,0x90,0x4C,0x0F,0xB6,0x3E,0x48,0x0F,0xB6,0x5E,0x01,0x4C
	.byte 0x0F,0xB6,0x4E,0x02,0x4C,0x0F,0xB6,0x46,0x03,0x44,0x88,0x3A,0x88,0x5A,0x01,0x44
	.byte 0x88,0x4A,0x02,0x44,0x88,0x42,0x03,0x48,0x83,0xC7,0xFC,0x48,0x83,0xC6,0x04,0x48
	.byte 0x83,0xC2,0x04,0xE9,0x68,0xFF,0xFF,0xFF,0x48,0x83,0xFF,0x04,0x0F,0x83,0x5C,0x00
	.byte 0x00,0x00,0x48,0x83,0xFF,0x02,0x0F,0x83,0x1C,0x00,0x00,0x00,0x48,0x83,0xFF,0x00
	.byte 0x0F,0x85,0x06,0x00,0x00,0x00,0x48,0x89,0xCF,0xFF,0xE0,0x90,0x48,0x0F,0xB6,0x3E
	.byte 0x40,0x88,0x3A,0x48,0x89,0xCF,0xFF,0xE0,0x4C,0x0F,0xB6,0x0E,0x4C,0x0F,0xB6,0x46
	.byte 0xFF,0x48,0x83,0xFF,0x02,0x0F,0x85,0x0D,0x00,0x00,0x00,0x44,0x88,0x0A,0x44,0x88
	.byte 0x42,0xFF,0x48,0x89,0xCF,0xFF,0xE0,0x90,0x48,0x0F,0xB6,0x7E,0xFE,0x44,0x88,0x0A
	.byte 0x44,0x88,0x42,0xFF,0x40,0x88,0x7A,0xFE,0x48,0x89,0xCF,0xFF,0xE0,0x90,0x4C,0x0F
	.byte 0xB6,0x3E,0x48,0x0F,0xB6,0x5E,0xFF,0x4C,0x0F,0xB6,0x4E,0xFE,0x4C,0x0F,0xB6,0x46
	.byte 0xFD,0x44,0x88,0x3A,0x88,0x5A,0xFF,0x44,0x88,0x4A,0xFE,0x44,0x88,0x42,0xFD,0x48
	.byte 0x83,0xC7,0xFC,0x48,0x83,0xC6,0xFC,0x48,0x83,0xC2,0xFC,0xE9,0x68,0xFF,0xFF,0xFF
	.byte 0x49,0x83,0xEE,0x10,0x4D,0x39,0xEE,0x0F,0x82,0x6F,0xEB,0xFF,0xFF,0x90,0x49,0x8B
	.byte 0xB5,0x60,0xFF,0xFF,0xFF,0x48,0x83,0xFE,0x02,0x0F,0x82,0x89,0x07,0x00,0x00,0x48
	.byte 0x83,0xFE,0x04,0x0F,0x84,0x55,0x06,0x00,0x00,0x48,0x83,0xC6,0xFB,0x49,0x89,0xB5
	.byte 0x60,0xFF,0xFF,0xFF,0x4D,0x8B,0x8D,0x78,0xFF,0xFF,0xFF,0x4D,0x8B,0x85,0x70,0xFF
	.byte 0xFF,0xFF,0x4D,0x89,0x85,0x20,0xFF,0xFF,0xFF,0x4C,0x89,0xCF,0x48,0xD1,0xEF,0x49
	.byte 0x89,0xBD,0x78,0xFF,0xFF,0xFF,0x4C,0x89,0xC2,0x48,0xD1,0xEA,0x49,0x89,0x95,0x70
	.byte 0xFF,0xFF,0xFF,0x4C,0x89,0xC1,0x4C,0x31,0xC9,0x48,0x83,0xE1,0x01,0x49,0x89,0x8D
	.byte 0xD8,0xFE,0xFF,0xFF,0x4D,0x89,0x85,0xD0,0xFE,0xFF,0xFF,0x48,0x39,0xD7,0x0F,0x82
	.byte 0x5C,0x03,0x00,0x00,0x48,0x83,0xFA,0x01,0x0F,0x84,0x6C,0x02,0x00,0x00,0x49,0x89
	.byte 0xB5,0xE8,0xFE,0xFF,0xFF,0x49,0x89,0xBD,0xE0,0xFE,0xFF,0xFF,0x49,0x89,0x95,0x40
	.byte 0xFF,0xFF,0xFF,0x49,0x89,0xBD,0x30,0xFF,0xFF,0xFF,0x48,0x83,0xC2,0xFF,0x49,0x89
	.byte 0x95,0x28,0xFF,0xFF,0xFF,0x48,0xC1,0xE2,0x03,0x49,0x8B,0xBD,0x88,0xFE,0xFF,0xFF
	.byte 0x48,0x01,0xFA,0x48,0x8B,0x3A,0x49,0x89,0xBD,0x70,0xFF,0xFF,0xFF,0xBF,0x01,0x00
	.byte 0x00,0x00,0x49,0x89,0xBD,0x68,0xFF,0xFF,0xFF,0x49,0x89,0x46,0x08,0x41,0xBB,0x17
	.byte 0x00,0x00,0x00,0x4D,0x89,0x1E,0x48,0x8D,0x05,0x05,0x00,0x00,0x00,0xE9,0x5A,0x17
	.byte 0x00,0x00,0x31,0xC0,0x49,0x89,0x85,0x70,0xFF,0xFF,0xFF,0x49,0x8B,0xBD,0x68,0xFF
	.byte 0xFF,0xFF,0x49,0x89,0xBD,0x38,0xFF,0xFF,0xFF,0x49,0x89,0x85,0x28,0xFF,0xFF,0xFF
	.byte 0x49,0x89,0x85,0x20,0xFF,0xFF,0xFF,0x41,0xBB,0x18,0x00,0x00,0x00,0x4D,0x89,0x1E
	.byte 0x48,0x8D,0x05,0x05,0x00,0x00,0x00,0xE9,0xFE,0x15,0x00,0x00,0x31,0xC0,0x49,0x8B
	.byte 0xBD,0x28,0xFF,0xFF,0xFF,0x48,0xC1,0xE7,0x03,0x49,0x8B,0xB5,0x90,0xFE,0xFF,0xFF
	.byte 0x48,0x01,0xF7,0x48,0x89,0x07,0x31,0xC0,0x49,0x89,0x85,0x78,0xFF,0xFF,0xFF,0x49
	.byte 0x89,0x85,0x70,0xFF,0xFF,0xFF,0x49,0x89,0x85,0x60,0xFF,0xFF,0xFF,0x49,0x89,0x85
	.byte 0x20,0xFF,0xFF,0xFF,0x49,0x8B,0x85,0x40,0xFF,0xFF,0xFF,0x49,0x89,0x85,0x30,0xFF
	.byte 0xFF,0xFF,0x41,0xBB,0x19,0x00,0x00,0x00,0x4D,0x89,0x1E,0x48,0x8D,0x05,0x06,0x00
	.byte 0x00,0x00,0xE9,0xE9,0x14,0x00,0x00,0x90,0x49,0x8B,0x85,0x38,0xFF,0xFF,0xFF,0x49
	.byte 0x89,0x85,0x40,0xFF,0xFF,0xFF,0x49,0x8B,0xBD,0x30,0xFF,0xFF,0xFF,0x49,0x89,0xBD
	.byte 0x20,0xFF,0xFF,0xFF,0x49,0x8B,0x85,0xE0,0xFE,0xFF,0xFF,0x48,0x29,0xF8,0x48,0x83
	.byte 0xC0,0x02,0x49,0x89,0x85,0x28,0xFF,0xFF,0xFF,0x49,0x8B,0xBD,0x78,0xFF,0xFF,0xFF
	.byte 0x49,0x89,0xBD,0x08,0xFF,0xFF,0xFF,0x49,0x8B,0xBD,0x70,0xFF,0xFF,0xFF,0x49,0x89
	.byte 0xBD,0x00,0xFF,0xFF,0xFF,0x49,0x89,0x85,0xF0,0xFE,0xFF,0xFF,0x41,0xBB,0x1A,0x00
	.byte 0x00,0x00,0x4D,0x89,0x1E,0x48,0x8D,0x05,0x06,0x00,0x00,0x00,0xE9,0x21,0x0C,0x00
	.byte 0x00,0x90,0x49,0x8B,0x85,0xF0,0xFE,0xFF,0xFF,0x49,0x89,0x85,0x38,0xFF,0xFF,0xFF
	.byte 0x49,0x8B,0x85,0x30,0xFF,0xFF,0xFF,0x49,0x89,0x85,0x20,0xFF,0xFF,0xFF,0x49,0x89
	.byte 0x85,0x28,0xFF,0xFF,0xFF,0x49,0x8B,0x85,0x40,0xFF,0xFF,0xFF,0x49,0x89,0x85,0x30
	.byte 0xFF,0xFF,0xFF,0x31,0xC0,0x49,0x89,0x85,0x68,0xFF,0xFF,0xFF,0x41,0xBB,0x1B,0x00
	.byte 0x00,0x00,0x4D,0x89,0x1E,0x48,0x8D,0x05,0x06,0x00,0x00,0x00,0xE9,0x27,0x0B,0x00
	.byte 0x00,0x90,0x49,0x8B,0x85,0x20,0xFF,0xFF,0xFF,0x49,0x89,0x85,0x30,0xFF,0xFF,0xFF
	.byte 0x49,0x89,0x85,0x28,0xFF,0xFF,0xFF,0x49,0x8B,0x85,0x38,0xFF,0xFF,0xFF,0x49,0x89
	.byte 0x85,0x40,0xFF,0xFF,0xFF,0x41,0xBB,0x1C,0x00,0x00,0x00,0x4D,0x89,0x1E,0x48,0x8D
	.byte 0x05,0x05,0x00,0x00,0x00,0xE9,0x42,0x19,0x00,0x00,0x49,0x8B,0x85,0x28,0xFF,0xFF
	.byte 0xFF,0x49,0x89,0x85,0x48,0xFF,0xFF,0xFF,0x49,0x8B,0x85,0x30,0xFF,0xFF,0xFF,0x49
	.byte 0x89,0x85,0x28,0xFF,0xFF,0xFF,0x49,0x8B,0xBD,0xE8,0xFE,0xFF,0xFF,0x49,0x89,0xBD
	.byte 0x60,0xFF,0xFF,0xFF,0x49,0x8B,0xB5,0x40,0xFF,0xFF,0xFF,0x49,0x89,0xB5,0x38,0xFF
	.byte 0xFF,0xFF,0x48,0x83,0xFF,0x00,0x0F,0x84,0x0C,0x00,0x00,0x00,0x49,0x89,0x85,0x78
	.byte 0xFF,0xFF,0xFF,0xE9,0x2C,0x00,0x00,0x00,0x31,0xC0,0x49,0x89,0x85,0x20,0xFF,0xFF
	.byte 0xFF,0x41,0xBB,0x1D,0x00,0x00,0x00,0x4D,0x89,0x1E,0x48,0x8D,0x05,0x05,0x00,0x00
	.byte 0x00,0xE9,0x0E,0x0A,0x00,0x00,0x49,0x8B,0x85,0x40,0xFF,0xFF,0xFF,0x49,0x89,0x85
	.byte 0x78,0xFF,0xFF,0xFF,0xE9,0xE1,0x00,0x00,0x00,0x90,0x49,0x89,0xB5,0x08,0xFF,0xFF
	.byte 0xFF,0x31,0xF6,0x49,0x89,0xB5,0x68,0xFF,0xFF,0xFF,0x48,0xC1,0xE6,0x03,0x49,0x8B
	.byte 0x95,0x88,0xFE,0xFF,0xFF,0x48,0x01,0xD6,0x48,0x8B,0x36,0x49,0x89,0xB5,0x30,0xFF
	.byte 0xFF,0xFF,0x49,0x89,0xBD,0x28,0xFF,0xFF,0xFF,0x49,0x89,0xBD,0x38,0xFF,0xFF,0xFF
	.byte 0x49,0x89,0x46,0x08,0x41,0xBB,0x16,0x00,0x00,0x00,0x4D,0x89,0x1E,0x48,0x8D,0x05
	.byte 0x06,0x00,0x00,0x00,0xE9,0x41,0x15,0x00,0x00,0x90,0x31,0xC0,0x49,0x89,0x85,0x48
	.byte 0xFF,0xFF,0xFF,0x49,0x8B,0x85,0x38,0xFF,0xFF,0xFF,0x49,0x89,0x85,0x78,0xFF,0xFF
	.byte 0xFF,0x49,0x8B,0x85,0x08,0xFF,0xFF,0xFF,0x49,0x89,0x85,0x60,0xFF,0xFF,0xFF,0x48
	.byte 0x83,0xF8,0x00,0x0F,0x84,0x43,0x00,0x00,0x00,0xB8,0x01,0x00,0x00,0x00,0x49,0x89
	.byte 0x85,0x78,0xFF,0xFF,0xFF,0x31,0xFF,0x49,0x8B,0x85,0x68,0xFF,0xFF,0xFF,0x48,0xC1
	.byte 0xE7,0x03,0x49,0x8B,0xB5,0x90,0xFE,0xFF,0xFF,0x48,0x01,0xF7,0x48,0x89,0x07,0x48
	.byte 0x83,0xF8,0x00,0x0F,0x84,0x0D,0x00,0x00,0x00,0xB8,0x01,0x00,0x00,0x00,0x49,0x89
	.byte 0x85,0x48,0xFF,0xFF,0xFF,0x90,0xE9,0x1F,0x00,0x00,0x00,0x90,0x49,0x8B,0x85,0x68
	.byte 0xFF,0xFF,0xFF,0x48,0x83,0xF8,0x00,0x0F,0x84,0x0D,0x00,0x00,0x00,0xB8,0x01,0x00
	.byte 0x00,0x00,0x49,0x89,0x85,0x48,0xFF,0xFF,0xFF,0x90,0xE9,0x89,0x00,0x00,0x00,0x90
	.byte 0x49,0x89,0xBD,0x48,0xFF,0xFF,0xFF,0x48,0x83,0xFE,0x00,0x0F,0x84,0x69,0x00,0x00
	.byte 0x00,0x49,0x89,0xBD,0x20,0xFF,0xFF,0xFF,0x49,0x89,0x95,0x28,0xFF,0xFF,0xFF,0x31
	.byte 0xFF,0x49,0x89,0xBD,0x78,0xFF,0xFF,0xFF,0x49,0x89,0x46,0x08,0x41,0xBB,0x14,0x00
	.byte 0x00,0x00,0x4D,0x89,0x1E,0x48,0x8D,0x05,0x06,0x00,0x00,0x00,0xE9,0x5B,0x17,0x00
	.byte 0x00,0x90,0x49,0x8B,0x85,0x20,0xFF,0xFF,0xFF,0x49,0x89,0x85,0x28,0xFF,0xFF,0xFF
	.byte 0x41,0xBB,0x15,0x00,0x00,0x00,0x4D,0x89,0x1E,0x48,0x8D,0x05,0x06,0x00,0x00,0x00
	.byte 0xE9,0xEF,0x14,0x00,0x00,0x90,0x49,0x8B,0x85,0x70,0xFF,0xFF,0xFF,0x49,0x89,0x85
	.byte 0x78,0xFF,0xFF,0xFF,0xE9,0x0F,0x00,0x00,0x00,0x90,0x31,0xFF,0x49,0x89,0xBD,0x78
	.byte 0xFF,0xFF,0xFF,0x49,0x89,0x46,0x08,0x90,0x49,0x8B,0x85,0xD0,0xFE,0xFF,0xFF,0x49
	.byte 0x89,0x85,0x20,0xFF,0xFF,0xFF,0x49,0x8B,0xBD,0x60,0xFF,0xFF,0xFF,0x48,0x83,0xFF
	.byte 0x00,0x0F,0x84,0x15,0x01,0x00,0x00,0x49,0x8B,0xBD,0xD8,0xFE,0xFF,0xFF,0x49,0x89
	.byte 0xBD,0x68,0xFF,0xFF,0xFF,0x48,0xD1,0xE8,0x49,0x89,0x85,0x70,0xFF,0xFF,0xFF,0x48
	.byte 0x83,0xFF,0x00,0x0F,0x84,0xA1,0x00,0x00,0x00,0x49,0x8B,0xBD,0x48,0xFF,0xFF,0xFF
	.byte 0x48,0x83,0xFF,0x00,0x0F,0x84,0x86,0x00,0x00,0x00,0x49,0x89,0xBD,0x38,0xFF,0xFF
	.byte 0xFF,0x49,0x89,0xBD,0x30,0xFF,0xFF,0xFF,0x49,0x89,0x85,0x60,0xFF,0xFF,0xFF,0x31
	.byte 0xFF,0x49,0x89,0xBD,0x28,0xFF,0xFF,0xFF,0x48,0x83,0xC0,0x01,0x49,0x89,0x85,0x70
	.byte 0xFF,0xFF,0xFF,0xB8,0x01,0x00,0x00,0x00,0x49,0x89,0x85,0x58,0xFF,0xFF,0xFF,0x41
	.byte 0xBB,0x20,0x00,0x00,0x00,0x4D,0x89,0x1E,0x48,0x8D,0x05,0x05,0x00,0x00,0x00,0xE9
	.byte 0x7E,0x06,0x00,0x00,0x49,0x8B,0x85,0x60,0xFF,0xFF,0xFF,0x49,0x89,0x85,0x28,0xFF
	.byte 0xFF,0xFF,0x41,0xBB,0x21,0x00,0x00,0x00,0x4D,0x89,0x1E,0x48,0x8D,0x05,0x06,0x00
	.byte 0x00,0x00,0xE9,0x95,0x16,0x00,0x00,0x90,0x49,0x8B,0x46,0x08,0x49,0x8B,0xBD,0x28
	.byte 0xFF,0xFF,0xFF,0x49,0x89,0xBD,0x48,0xFF,0xFF,0xFF,0xE9,0x05,0x00,0x00,0x00,0x90
	.byte 0x49,0x8B,0x46,0x08,0xE9,0x05,0x00,0x00,0x00,0x90,0x49,0x8B,0x46,0x08,0x49,0x8B
	.byte 0xBD,0x48,0xFF,0xFF,0xFF,0x48,0x83,0xFF,0x00,0x0F,0x84,0x29,0x00,0x00,0x00,0x48
	.byte 0xD1,0xE7,0x49,0x89,0xBD,0x48,0xFF,0xFF,0xFF,0x49,0x8B,0xB5,0x20,0xFF,0xFF,0xFF
	.byte 0x48,0xF7,0xC6,0x01,0x00,0x00,0x00,0x0F,0x84,0x0B,0x00,0x00,0x00,0x48,0x83,0xC7
	.byte 0x01,0x49,0x89,0xBD,0x48,0xFF,0xFF,0xFF,0x49,0x8B,0xBD,0x48,0xFF,0xFF,0xFF,0x49
	.byte 0x89,0xBD,0x20,0xFF,0xFF,0xFF,0xE9,0xCF,0x00,0x00,0x00,0x90,0x49,0x8B,0x85,0x78
	.byte 0xFF,0xFF,0xFF,0x49,0x89,0x85,0x28,0xFF,0xFF,0xFF,0x49,0x89,0x85,0x38,0xFF,0xFF
	.byte 0xFF,0x41,0xBB,0x1E,0x00,0x00,0x00,0x4D,0x89,0x1E,0x48,0x8D,0x05,0x05,0x00,0x00
	.byte 0x00,0xE9,0xF6,0x15,0x00,0x00,0x49,0x8B,0x85,0x28,0xFF,0xFF,0xFF,0x49,0x89,0x85
	.byte 0x20,0xFF,0xFF,0xFF,0x49,0x8B,0x85,0xD8,0xFE,0xFF,0xFF,0x49,0x89,0x85,0x68,0xFF
	.byte 0xFF,0xFF,0x49,0x89,0x85,0x60,0xFF,0xFF,0xFF,0x48,0x83,0xF8,0x00,0x0F,0x84,0x4D
	.byte 0x00,0x00,0x00,0x49,0x8B,0x85,0x48,0xFF,0xFF,0xFF,0x48,0x83,0xF8,0x00,0x0F,0x84
	.byte 0x32,0x00,0x00,0x00,0x31,0xC0,0x49,0x89,0x85,0x28,0xFF,0xFF,0xFF,0x48,0xF7,0xD0
	.byte 0x49,0x89,0x85,0x68,0xFF,0xFF,0xFF,0x41,0xBB,0x1F,0x00,0x00,0x00,0x4D,0x89,0x1E
	.byte 0x48,0x8D,0x05,0x05,0x00,0x00,0x00,0xE9,0x02,0x06,0x00,0x00,0x49,0x8B,0x46,0x08
	.byte 0xE9,0x05,0x00,0x00,0x00,0x90,0x49,0x8B,0x46,0x08,0xE9,0x05,0x00,0x00,0x00,0x90
	.byte 0x49,0x8B,0x46,0x08,0x49,0x8B,0xB5,0x20,0xFF,0xFF,0xFF,0x48,0x83,0xFE,0x00,0x0F
	.byte 0x84,0x15,0x00,0x00,0x00,0x48,0xD1,0xE6,0x49,0x8B,0xBD,0x60,0xFF,0xFF,0xFF,0x48
	.byte 0x01,0xF7,0x49,0x89,0xBD,0x20,0xFF,0xFF,0xFF,0x90,0x49,0x8B,0xBD,0x20,0xFF,0xFF
	.byte 0xFF,0x49,0x89,0xBD,0x28,0xFF,0xFF,0xFF,0xE9,0x25,0x01,0x00,0x00,0x90,0x49,0x8B
	.byte 0xBD,0x70,0xFF,0xFF,0xFF,0x49,0x89,0xBD,0x68,0xFF,0xFF,0xFF,0x49,0x8B,0x95,0x78
	.byte 0xFF,0xFF,0xFF,0x49,0x89,0x95,0x70,0xFF,0xFF,0xFF,0x31,0xF6,0x49,0x89,0xB5,0x28
	.byte 0xFF,0xFF,0xFF,0x48,0x83,0xFA,0x00,0x0F,0x84,0xF5,0x00,0x00,0x00,0x48,0x83,0xFF
	.byte 0x00,0x0F,0x84,0xEB,0x00,0x00,0x00,0x49,0x89,0xB5,0x78,0xFF,0xFF,0xFF,0x48,0xD1
	.byte 0xEF,0x49,0x89,0xBD,0x28,0xFF,0xFF,0xFF,0x49,0x89,0x46,0x08,0x41,0xBB,0x11,0x00
	.byte 0x00,0x00,0x4D,0x89,0x1E,0x48,0x8D,0x05,0x06,0x00,0x00,0x00,0xE9,0x9B,0x14,0x00
	.byte 0x00,0x90,0x49,0x8B,0xB5,0x70,0xFF,0xFF,0xFF,0x48,0x89,0xF0,0x48,0x83,0xE6,0x01
	.byte 0x49,0x8B,0x95,0x68,0xFF,0xFF,0xFF,0x48,0x89,0xD7,0x48,0x83,0xE2,0x01,0x49,0x89
	.byte 0x95,0x20,0xFF,0xFF,0xFF,0x48,0x39,0xD6,0x0F,0x84,0x12,0x00,0x00,0x00,0xBE,0x01
	.byte 0x00,0x00,0x00,0x49,0x89,0xB5,0x10,0xFF,0xFF,0xFF,0xE9,0x0B,0x00,0x00,0x00,0x90
	.byte 0x31,0xF6,0x49,0x89,0xB5,0x10,0xFF,0xFF,0xFF,0x90,0x48,0xD1,0xE8,0x49,0x89,0x85
	.byte 0x40,0xFF,0xFF,0xFF,0x48,0xD1,0xEF,0x49,0x89,0xBD,0x30,0xFF,0xFF,0xFF,0x31,0xC0
	.byte 0x49,0x89,0x85,0x28,0xFF,0xFF,0xFF,0x49,0x89,0x85,0x18,0xFF,0xFF,0xFF,0x41,0xBB
	.byte 0x12,0x00,0x00,0x00,0x4D,0x89,0x1E,0x48,0x8D,0x05,0x06,0x00,0x00,0x00,0xE9,0x25
	.byte 0x12,0x00,0x00,0x90,0x31,0xC0,0x49,0x89,0x85,0x38,0xFF,0xFF,0xFF,0x41,0xBB,0x13
	.byte 0x00,0x00,0x00,0x4D,0x89,0x1E,0x48,0x8D,0x05,0x05,0x00,0x00,0x00,0xE9,0x3A,0x14
	.byte 0x00,0x00,0x49,0x8B,0x46,0x08,0x49,0x8B,0xB5,0x28,0xFF,0xFF,0xFF,0x48,0xD1,0xE6
	.byte 0x49,0x8B,0xBD,0x10,0xFF,0xFF,0xFF,0x48,0x01,0xF7,0x49,0x89,0xBD,0x28,0xFF,0xFF
	.byte 0xFF,0x90,0xE9,0xD1,0x03,0x00,0x00,0x90,0x48,0x83,0xFE,0x00,0x0F,0x84,0x12,0x00
	.byte 0x00,0x00,0x49,0x8B,0xBD,0x70,0xFF,0xFF,0xFF,0x48,0x83,0xF7,0x01,0x49,0x89,0xBD
	.byte 0x70,0xFF,0xFF,0xFF,0x49,0x8B,0x8D,0x70,0xFF,0xFF,0xFF,0x49,0x89,0x8D,0x68,0xFF
	.byte 0xFF,0xFF,0x49,0x8B,0x95,0x78,0xFF,0xFF,0xFF,0x49,0x89,0x95,0x70,0xFF,0xFF,0xFF
	.byte 0x48,0x89,0xD6,0x48,0x83,0xE2,0x01,0x48,0x89,0xCF,0x48,0x83,0xE1,0x01,0x49,0x89
	.byte 0x8D,0x20,0xFF,0xFF,0xFF,0x48,0x39,0xCA,0x0F,0x84,0xFA,0x01,0x00,0x00,0x49,0x89
	.byte 0x95,0x18,0xFF,0xFF,0xFF,0x48,0xD1,0xEE,0x49,0x89,0xB5,0x28,0xFF,0xFF,0xFF,0x48
	.byte 0xD1,0xEF,0x49,0x89,0xBD,0x20,0xFF,0xFF,0xFF,0x48,0x39,0xFE,0x0F,0x82,0x3E,0x00
	.byte 0x00,0x00,0x48,0x39,0xF7,0x0F,0x82,0x1F,0x00,0x00,0x00,0x49,0x89,0x46,0x08,0x41
	.byte 0xBB,0x0D,0x00,0x00,0x00,0x4D,0x89,0x1E,0x48,0x8D,0x05,0x05,0x00,0x00,0x00,0xE9
	.byte 0x28,0x15,0x00,0x00,0xE9,0x11,0x00,0x00,0x00,0x90,0xBF,0x02,0x00,0x00,0x00,0x49
	.byte 0x89,0xBD,0x28,0xFF,0xFF,0xFF,0x49,0x89,0x46,0x08,0xE9,0x11,0x00,0x00,0x00,0x90
	.byte 0xBF,0x01,0x00,0x00,0x00,0x49,0x89,0xBD,0x28,0xFF,0xFF,0xFF,0x49,0x89,0x46,0x08
	.byte 0x49,0x8B,0x85,0x28,0xFF,0xFF,0xFF,0x48,0x83,0xF8,0x00,0x0F,0x84,0x6D,0x01,0x00
	.byte 0x00,0x31,0xFF,0x49,0x89,0xBD,0x78,0xFF,0xFF,0xFF,0x48,0x83,0xF8,0x01,0x0F,0x84
	.byte 0x22,0x00,0x00,0x00,0x49,0x8B,0x85,0x70,0xFF,0xFF,0xFF,0x49,0x8B,0xBD,0x68,0xFF
	.byte 0xFF,0xFF,0x49,0x89,0xBD,0x70,0xFF,0xFF,0xFF,0x49,0x89,0x85,0x68,0xFF,0xFF,0xFF
	.byte 0xE9,0x3B,0x00,0x00,0x00,0x90,0x49,0x8B,0x85,0x80,0xFE,0xFF,0xFF,0x49,0x8B,0xBD
	.byte 0x88,0xFE,0xFF,0xFF,0x49,0x89,0xBD,0x80,0xFE,0xFF,0xFF,0x49,0x89,0x85,0x88,0xFE
	.byte 0xFF,0xFF,0x49,0x8B,0x85,0x18,0xFF,0xFF,0xFF,0x48,0x83,0xF0,0x01,0x49,0x89,0x85
	.byte 0x18,0xFF,0xFF,0xFF,0xB8,0x01,0x00,0x00,0x00,0x49,0x89,0x85,0x78,0xFF,0xFF,0xFF
	.byte 0x31,0xC0,0x49,0x89,0x85,0x30,0xFF,0xFF,0xFF,0x49,0x89,0x85,0x28,0xFF,0xFF,0xFF
	.byte 0x49,0x8B,0xB5,0x70,0xFF,0xFF,0xFF,0x48,0xD1,0xEE,0x49,0x8B,0xBD,0x68,0xFF,0xFF
	.byte 0xFF,0x48,0xD1,0xEF,0x48,0x29,0xF7,0x48,0x83,0xC6,0x01,0x49,0x89,0xB5,0x70,0xFF
	.byte 0xFF,0xFF,0x48,0x83,0xC7,0x01,0x49,0x89,0xBD,0x68,0xFF,0xFF,0xFF,0xBF,0x01,0x00
	.byte 0x00,0x00,0x49,0x89,0xBD,0x60,0xFF,0xFF,0xFF,0x48,0x83,0xC0,0x00,0x49,0x89,0x85
	.byte 0x38,0xFF,0xFF,0xFF,0x41,0xBB,0x0E,0x00,0x00,0x00,0x4D,0x89,0x1E,0x48,0x8D,0x05
	.byte 0x06,0x00,0x00,0x00,0xE9,0x5F,0x13,0x00,0x00,0x90,0x49,0x8B,0x85,0x68,0xFF,0xFF
	.byte 0xFF,0x49,0x89,0x85,0x70,0xFF,0xFF,0xFF,0x31,0xC0,0x49,0x89,0x85,0x30,0xFF,0xFF
	.byte 0xFF,0x41,0xBB,0x0F,0x00,0x00,0x00,0x4D,0x89,0x1E,0x48,0x8D,0x05,0x05,0x00,0x00
	.byte 0x00,0xE9,0x92,0x12,0x00,0x00,0x41,0xBB,0x10,0x00,0x00,0x00,0x4D,0x89,0x1E,0x48
	.byte 0x8D,0x05,0x06,0x00,0x00,0x00,0xE9,0x21,0x12,0x00,0x00,0x90,0x49,0x8B,0x46,0x08
	.byte 0x49,0x8B,0xBD,0x78,0xFF,0xFF,0xFF,0x48,0x83,0xFF,0x00,0x0F,0x84,0x1D,0x00,0x00
	.byte 0x00,0x49,0x8B,0xBD,0x80,0xFE,0xFF,0xFF,0x49,0x8B,0xB5,0x88,0xFE,0xFF,0xFF,0x49
	.byte 0x89,0xB5,0x80,0xFE,0xFF,0xFF,0x49,0x89,0xBD,0x88,0xFE,0xFF,0xFF,0x90,0x49,0x8B
	.byte 0xB5,0x28,0xFF,0xFF,0xFF,0x48,0xD1,0xE6,0x49,0x8B,0xBD,0x18,0xFF,0xFF,0xFF,0x48
	.byte 0x01,0xF7,0x49,0x89,0xBD,0x28,0xFF,0xFF,0xFF,0xE9,0x04,0x00,0x00,0x00,0x49,0x8B
	.byte 0x46,0x08,0xE9,0x81,0x01,0x00,0x00,0x90,0x48,0xD1,0xEE,0x49,0x89,0xB5,0x70,0xFF
	.byte 0xFF,0xFF,0x48,0xD1,0xEF,0x49,0x89,0xBD,0x68,0xFF,0xFF,0xFF,0x31,0xD2,0x49,0x89
	.byte 0x95,0x78,0xFF,0xFF,0xFF,0x48,0x39,0xFE,0x0F,0x82,0x14,0x00,0x00,0x00,0x49,0x89
	.byte 0xBD,0x70,0xFF,0xFF,0xFF,0x49,0x89,0xB5,0x68,0xFF,0xFF,0xFF,0xE9,0x29,0x00,0x00
	.byte 0x00,0x90,0x49,0x8B,0xBD,0x80,0xFE,0xFF,0xFF,0x49,0x8B,0xB5,0x88,0xFE,0xFF,0xFF
	.byte 0x49,0x89,0xB5,0x80,0xFE,0xFF,0xFF,0x49,0x89,0xBD,0x88,0xFE,0xFF,0xFF,0xBF,0x01
	.byte 0x00,0x00,0x00,0x49,0x89,0xBD,0x78,0xFF,0xFF,0xFF,0x31,0xFF,0x49,0x89,0xBD,0x38
	.byte 0xFF,0xFF,0xFF,0x49,0x89,0xBD,0x30,0xFF,0xFF,0xFF,0x49,0x89,0xBD,0x28,0xFF,0xFF
	.byte 0xFF,0x49,0x8B,0xBD,0x68,0xFF,0xFF,0xFF,0x49,0x8B,0xB5,0x70,0xFF,0xFF,0xFF,0x48
	.byte 0x29,0xF7,0x48,0x83,0xC6,0x01,0x49,0x89,0xB5,0x70,0xFF,0xFF,0xFF,0x48,0x83,0xC7
	.byte 0x01,0x49,0x89,0xBD,0x68,0xFF,0xFF,0xFF,0x31,0xFF,0x49,0x89,0xBD,0x60,0xFF,0xFF
	.byte 0xFF,0x49,0x89,0x46,0x08,0x41,0xBB,0x0B,0x00,0x00,0x00,0x4D,0x89,0x1E,0x48,0x8D
	.byte 0x05,0x05,0x00,0x00,0x00,0xE9,0xE6,0x13,0x00,0x00,0x49,0x8B,0x85,0x68,0xFF,0xFF
	.byte 0xFF,0x49,0x89,0x85,0x70,0xFF,0xFF,0xFF,0x31,0xC0,0x49,0x89,0x85,0x30,0xFF,0xFF
	.byte 0xFF,0x41,0xBB,0x0C,0x00,0x00,0x00,0x4D,0x89,0x1E,0x48,0x8D,0x05,0x05,0x00,0x00
	.byte 0x00,0xE9,0x1E,0x13,0x00,0x00,0x49,0x8B,0x46,0x08,0x49,0x8B,0xBD,0x60,0xFF,0xFF
	.byte 0xFF,0x48,0x83,0xFF,0x00,0x0F,0x84,0x33,0x00,0x00,0x00,0xBE,0x01,0x00,0x00,0x00
	.byte 0x49,0x89,0xB5,0x38,0xFF,0xFF,0xFF,0x49,0x8B,0xBD,0x28,0xFF,0xFF,0xFF,0x48,0x89
	.byte 0xFA,0x48,0xC1,0xE2,0x03,0x49,0x8B,0x8D,0x90,0xFE,0xFF,0xFF,0x48,0x01,0xCA,0x48
	.byte 0x89,0x32,0x48,0x83,0xC7,0x01,0x49,0x89,0xBD,0x28,0xFF,0xFF,0xFF,0x90,0x49,0x8B
	.byte 0xBD,0x78,0xFF,0xFF,0xFF,0x48,0x83,0xFF,0x00,0x0F,0x84,0x1D,0x00,0x00,0x00,0x49
	.byte 0x8B,0xBD,0x80,0xFE,0xFF,0xFF,0x49,0x8B,0xB5,0x88,0xFE,0xFF,0xFF,0x49,0x89,0xB5
	.byte 0x80,0xFE,0xFF,0xFF,0x49,0x89,0xBD,0x88,0xFE,0xFF,0xFF,0x90,0x49,0x8B,0xB5,0x28
	.byte 0xFF,0xFF,0xFF,0x48,0xD1,0xE6,0x49,0x8B,0xBD,0x20,0xFF,0xFF,0xFF,0x48,0x01,0xF7
	.byte 0x49,0x89,0xBD,0x28,0xFF,0xFF,0xFF,0x90,0x48,0x89,0xC7,0x49,0x83,0xC6,0x10,0xFF
	.byte 0xE0,0x90,0x48,0x89,0xC1,0x49,0x8B,0x85,0x70,0xFF,0xFF,0xFF,0x48,0x83,0xF8,0x01
	.byte 0x0F,0x84,0x8A,0x00,0x00,0x00,0x48,0x83,0xC0,0xFF,0x49,0x89,0x85,0x70,0xFF,0xFF
	.byte 0xFF,0x49,0x8B,0x85,0x28,0xFF,0xFF,0xFF,0x48,0x89,0xC7,0x48,0xC1,0xE7,0x03,0x49
	.byte 0x8B,0xB5,0x88,0xFE,0xFF,0xFF,0x48,0x01,0xF7,0x48,0x8B,0x17,0x48,0x89,0xC7,0x48
	.byte 0xC1,0xE0,0x03,0x49,0x8B,0xB5,0x90,0xFE,0xFF,0xFF,0x48,0x01,0xF0,0x4C,0x8B,0x00
	.byte 0x4D,0x89,0x85,0x30,0xFF,0xFF,0xFF,0x49,0x8B,0x85,0x58,0xFF,0xFF,0xFF,0x49,0xF7
	.byte 0xD0,0x48,0x83,0xF8,0x01,0xF5,0x4C,0x11,0xC2,0xB8,0x00,0x00,0x00,0x00,0x40,0x0F
	.byte 0x92,0xC0,0x49,0x89,0x95,0x38,0xFF,0xFF,0xFF,0x49,0x89,0x85,0x58,0xFF,0xFF,0xFF
	.byte 0x48,0x89,0xF8,0x48,0xC1,0xE0,0x03,0x48,0x01,0xF0,0x48,0x89,0x10,0x48,0x83,0xC7
	.byte 0x01,0x49,0x89,0xBD,0x28,0xFF,0xFF,0xFF,0x48,0x89,0xC8,0xE9,0x62,0xFF,0xFF,0xFF
	.byte 0x31,0xC0,0x49,0x89,0x85,0x70,0xFF,0xFF,0xFF,0x48,0x89,0xCF,0xFF,0xE1,0x49,0x8B
	.byte 0x95,0x28,0xFF,0xFF,0xFF,0x49,0x8B,0xBD,0x20,0xFF,0xFF,0xFF,0x48,0x39,0xFA,0x0F
	.byte 0x84,0x81,0x00,0x00,0x00,0x48,0x89,0xD7,0x48,0xC1,0xE2,0x03,0x49,0x8B,0x8D,0x90
	.byte 0xFE,0xFF,0xFF,0x48,0x01,0xCA,0x48,0x8B,0x32,0x49,0x89,0xB5,0x78,0xFF,0xFF,0xFF
	.byte 0x49,0x8B,0x95,0x68,0xFF,0xFF,0xFF,0x48,0x39,0xD6,0x0F,0x85,0x26,0x00,0x00,0x00
	.byte 0x31,0xF6,0x49,0x89,0xB5,0x78,0xFF,0xFF,0xFF,0x48,0x89,0xFA,0x48,0xC1,0xE2,0x03
	.byte 0x48,0x01,0xCA,0x48,0x89,0x32,0x48,0x83,0xC7,0x01,0x49,0x89,0xBD,0x28,0xFF,0xFF
	.byte 0xFF,0xE9,0x98,0xFF,0xFF,0xFF,0x49,0x8B,0xBD,0x78,0xFF,0xFF,0xFF,0x48,0x83,0xC7
	.byte 0x01,0x49,0x89,0xBD,0x78,0xFF,0xFF,0xFF,0x49,0x8B,0xB5,0x28,0xFF,0xFF,0xFF,0x48
	.byte 0xC1,0xE6,0x03,0x49,0x8B,0x95,0x90,0xFE,0xFF,0xFF,0x48,0x01,0xD6,0x48,0x89,0x3E
	.byte 0xE9,0x29,0x00,0x00,0x00,0x90,0xBE,0x01,0x00,0x00,0x00,0x49,0x89,0xB5,0x78,0xFF
	.byte 0xFF,0xFF,0x48,0xC1,0xE2,0x03,0x49,0x8B,0x8D,0x90,0xFE,0xFF,0xFF,0x48,0x01,0xCA
	.byte 0x48,0x89,0x32,0x48,0x83,0xC7,0x01,0x49,0x89,0xBD,0x20,0xFF,0xFF,0xFF,0x48,0x89
	.byte 0xC7,0xFF,0xE0,0x90,0x49,0x8B,0x95,0x38,0xFF,0xFF,0xFF,0x48,0x83,0xFA,0x00,0x0F
	.byte 0x84,0x5D,0x00,0x00,0x00,0x49,0x8B,0xBD,0x28,0xFF,0xFF,0xFF,0x48,0x89,0xF9,0x48
	.byte 0xC1,0xE1,0x03,0x49,0x8B,0xB5,0x90,0xFE,0xFF,0xFF,0x48,0x01,0xF1,0x48,0x8B,0x09
	.byte 0x49,0x89,0x8D,0x78,0xFF,0xFF,0xFF,0x48,0x83,0xC2,0xFF,0x49,0x89,0x95,0x38,0xFF
	.byte 0xFF,0xFF,0x48,0x83,0xC7,0x01,0x49,0x89,0xBD,0x28,0xFF,0xFF,0xFF,0x49,0x8B,0xBD
	.byte 0x20,0xFF,0xFF,0xFF,0x48,0x89,0xFA,0x48,0xC1,0xE2,0x03,0x48,0x01,0xF2,0x48,0x89
	.byte 0x0A,0x48,0x83,0xC7,0x01,0x49,0x89,0xBD,0x20,0xFF,0xFF,0xFF,0xE9,0x93,0xFF,0xFF
	.byte 0xFF,0x90,0x48,0x89,0xC7,0xFF,0xE0,0x90,0x49,0x83,0xEE,0x10,0x4D,0x39,0xEE,0x0F
	.byte 0x82,0x07,0xDE,0xFF,0xFF,0x90,0x49,0x8B,0xBD,0x28,0xFF,0xFF,0xFF,0x48,0x83,0xFF
	.byte 0x00,0x0F,0x84,0x81,0x00,0x00,0x00,0x48,0x83,0xC7,0xFF,0x49,0x89,0xBD,0x28,0xFF
	.byte 0xFF,0xFF,0x48,0xC1,0xE7,0x03,0x49,0x8B,0xB5,0x90,0xFE,0xFF,0xFF,0x48,0x01,0xF7
	.byte 0x48,0x8B,0x37,0x49,0x89,0xB5,0x78,0xFF,0xFF,0xFF,0x49,0x8B,0x95,0x30,0xFF,0xFF
	.byte 0xFF,0x49,0x8B,0xBD,0x68,0xFF,0xFF,0xFF,0x49,0x89,0x46,0x08,0x41,0xBB,0x22,0x00
	.byte 0x00,0x00,0x4D,0x89,0x1E,0x48,0x8D,0x05,0x06,0x00,0x00,0x00,0xE9,0x77,0xED,0xFF
	.byte 0xFF,0x90,0x49,0x8B,0x46,0x08,0x49,0x8B,0xB5,0x98,0xFE,0xFF,0xFF,0x49,0x89,0xBD
	.byte 0x78,0xFF,0xFF,0xFF,0x49,0x89,0xB5,0x68,0xFF,0xFF,0xFF,0x49,0x8B,0xB5,0x28,0xFF
	.byte 0xFF,0xFF,0x48,0xC1,0xE6,0x03,0x49,0x8B,0x95,0x90,0xFE,0xFF,0xFF,0x48,0x01,0xD6
	.byte 0x48,0x89,0x3E,0xE9,0x6E,0xFF,0xFF,0xFF,0x48,0x89,0xC7,0x49,0x83,0xC6,0x10,0xFF
	.byte 0xE0,0x90,0x49,0x83,0xEE,0x10,0x4D,0x39,0xEE,0x0F,0x82,0x5D,0xDD,0xFF,0xFF,0x90
	.byte 0x49,0x8B,0xBD,0x28,0xFF,0xFF,0xFF,0x48,0x83,0xFF,0x00,0x0F,0x84,0x85,0x02,0x00
	.byte 0x00,0x49,0x8B,0x95,0x08,0xFF,0xFF,0xFF,0x49,0x89,0x95,0x48,0xFF,0xFF,0xFF,0x4D
	.byte 0x8B,0x8D,0x00,0xFF,0xFF,0xFF,0x4D,0x89,0x8D,0x60,0xFF,0xFF,0xFF,0x49,0x8B,0xB5
	.byte 0x40,0xFF,0xFF,0xFF,0x49,0x89,0xB5,0x08,0xFF,0xFF,0xFF,0x49,0x8B,0x8D,0x30,0xFF
	.byte 0xFF,0xFF,0x49,0x89,0x8D,0x00,0xFF,0xFF,0xFF,0x49,0x89,0xBD,0xF8,0xFE,0xFF,0xFF
	.byte 0x48,0x01,0xF9,0x48,0x83,0xC1,0xFF,0x48,0x89,0xCE,0x48,0xC1,0xE1,0x03,0x4D,0x8B
	.byte 0x85,0x90,0xFE,0xFF,0xFF,0x4C,0x01,0xC1,0x48,0x8B,0x39,0x48,0x83,0xC6,0xFF,0x48
	.byte 0x89,0xF1,0x48,0xC1,0xE6,0x03,0x4C,0x01,0xC6,0x48,0x8B,0x36,0x48,0x83,0xC1,0xFF
	.byte 0x48,0xC1,0xE1,0x03,0x4C,0x01,0xC1,0x48,0x8B,0x09,0x49,0x89,0xBD,0x20,0xFF,0xFF
	.byte 0xFF,0x49,0x89,0xB5,0x28,0xFF,0xFF,0xFF,0x49,0x89,0x8D,0x30,0xFF,0xFF,0xFF,0x4D
	.byte 0x89,0x8D,0x40,0xFF,0xFF,0xFF,0x49,0x89,0x95,0x38,0xFF,0xFF,0xFF,0x49,0x89,0xB5
	.byte 0x78,0xFF,0xFF,0xFF,0x49,0x89,0x95,0x70,0xFF,0xFF,0xFF,0x49,0x89,0xBD,0x68,0xFF
	.byte 0xFF,0xFF,0x48,0x39,0xD7,0x0F,0x82,0x15,0x00,0x00,0x00,0x31,0xFF,0x48,0xF7,0xD7
	.byte 0x49,0x89,0xBD,0x78,0xFF,0xFF,0xFF,0x49,0x89,0x46,0x08,0xE9,0x30,0x00,0x00,0x00
	.byte 0x49,0x89,0x46,0x08,0x41,0xBB,0x23,0x00,0x00,0x00,0x4D,0x89,0x1E,0x48,0x8D,0x05
	.byte 0x06,0x00,0x00,0x00,0xE9,0x2F,0xEC,0xFF,0xFF,0x90,0x49,0x8B,0x85,0x98,0xFE,0xFF
	.byte 0xFF,0x49,0x89,0xBD,0x78,0xFF,0xFF,0xFF,0x49,0x89,0x85,0x68,0xFF,0xFF,0xFF,0x90
	.byte 0x49,0x8B,0x85,0x78,0xFF,0xFF,0xFF,0x49,0x89,0x85,0x48,0xFF,0xFF,0xFF,0x41,0xBB
	.byte 0x24,0x00,0x00,0x00,0x4D,0x89,0x1E,0x48,0x8D,0x05,0x06,0x00,0x00,0x00,0xE9,0xB5
	.byte 0x04,0x00,0x00,0x90,0x49,0x8B,0xBD,0x48,0xFF,0xFF,0xFF,0x49,0x89,0xBD,0x78,0xFF
	.byte 0xFF,0xFF,0x49,0x8B,0x85,0x08,0xFF,0xFF,0xFF,0x49,0x89,0x85,0x48,0xFF,0xFF,0xFF
	.byte 0x49,0x8B,0x85,0x00,0xFF,0xFF,0xFF,0x49,0x89,0x85,0x30,0xFF,0xFF,0xFF,0x49,0x8B
	.byte 0x85,0xF8,0xFE,0xFF,0xFF,0x48,0x83,0xC0,0xFF,0x49,0x89,0x85,0x28,0xFF,0xFF,0xFF
	.byte 0x49,0x8B,0x85,0x40,0xFF,0xFF,0xFF,0x49,0x89,0x85,0x00,0xFF,0xFF,0xFF,0x49,0x8B
	.byte 0x85,0x38,0xFF,0xFF,0xFF,0x49,0x89,0x85,0x08,0xFF,0xFF,0xFF,0x49,0x89,0xBD,0x40
	.byte 0xFF,0xFF,0xFF,0x31,0xC0,0x49,0x89,0x85,0x70,0xFF,0xFF,0xFF,0x49,0x89,0x85,0x38
	.byte 0xFF,0xFF,0xFF,0x49,0x89,0x85,0x20,0xFF,0xFF,0xFF,0x49,0x89,0x85,0x18,0xFF,0xFF
	.byte 0xFF,0x41,0xBB,0x25,0x00,0x00,0x00,0x4D,0x89,0x1E,0x48,0x8D,0x05,0x05,0x00,0x00
	.byte 0x00,0xE9,0x8A,0x02,0x00,0x00,0x49,0x8B,0x85,0x40,0xFF,0xFF,0xFF,0x48,0x83,0xF8
	.byte 0x00,0x0F,0x84,0x1D,0x00,0x00,0x00,0x49,0x8B,0xBD,0x38,0xFF,0xFF,0xFF,0x48,0x83
	.byte 0xFF,0x00,0x0F,0x84,0x0C,0x00,0x00,0x00,0x48,0x83,0xC0,0xFF,0x49,0x89,0x85,0x40
	.byte 0xFF,0xFF,0xFF,0x90,0x49,0x8B,0x85,0x28,0xFF,0xFF,0xFF,0x49,0x8B,0xBD,0x30,0xFF
	.byte 0xFF,0xFF,0x48,0x29,0xF8,0x48,0x83,0xC0,0xFF,0x49,0x89,0x85,0x28,0xFF,0xFF,0xFF
	.byte 0x31,0xC0,0x49,0x89,0x85,0x70,0xFF,0xFF,0xFF,0xBF,0x01,0x00,0x00,0x00,0x49,0x89
	.byte 0xBD,0x38,0xFF,0xFF,0xFF,0x49,0x89,0x85,0x20,0xFF,0xFF,0xFF,0x49,0x89,0x85,0x18
	.byte 0xFF,0xFF,0xFF,0x41,0xBB,0x26,0x00,0x00,0x00,0x4D,0x89,0x1E,0x48,0x8D,0x05,0x05
	.byte 0x00,0x00,0x00,0xE9,0x58,0x00,0x00,0x00,0x49,0x8B,0x46,0x08,0x49,0x8B,0xBD,0x28
	.byte 0xFF,0xFF,0xFF,0x48,0x83,0xC7,0xFF,0x49,0x8B,0x95,0x40,0xFF,0xFF,0xFF,0x48,0x89
	.byte 0xFE,0x48,0xC1,0xE6,0x03,0x49,0x8B,0x8D,0x90,0xFE,0xFF,0xFF,0x48,0x01,0xCE,0x48
	.byte 0x89,0x16,0x49,0x8B,0xB5,0x30,0xFF,0xFF,0xFF,0x48,0x29,0xF7,0x49,0x89,0xBD,0x28
	.byte 0xFF,0xFF,0xFF,0x49,0x8B,0xBD,0x48,0xFF,0xFF,0xFF,0x49,0x89,0xBD,0x40,0xFF,0xFF
	.byte 0xFF,0xE9,0x6A,0xFD,0xFF,0xFF,0x48,0x89,0xC7,0x49,0x83,0xC6,0x10,0xFF,0xE0,0x90
	.byte 0x48,0x89,0xC1,0x49,0x8B,0x85,0x30,0xFF,0xFF,0xFF,0x49,0x8B,0xBD,0x20,0xFF,0xFF
	.byte 0xFF,0x48,0x39,0xF8,0x0F,0x84,0x20,0x01,0x00,0x00,0x49,0x8B,0x85,0x48,0xFF,0xFF
	.byte 0xFF,0x49,0x89,0xF9,0x48,0xC1,0xE7,0x03,0x49,0x8B,0xB5,0x88,0xFE,0xFF,0xFF,0x48
	.byte 0x01,0xF7,0x48,0x8B,0x37,0x48,0xF7,0xE6,0x48,0x89,0xC6,0x31,0xC0,0x49,0x8B,0xBD
	.byte 0x70,0xFF,0xFF,0xFF,0x48,0x83,0xF8,0x01,0xF5,0x48,0x11,0xFE,0xB8,0x00,0x00,0x00
	.byte 0x00,0x40,0x0F,0x92,0xC0,0x31,0xFF,0x48,0x83,0xF8,0x01,0xF5,0x48,0x11,0xFA,0xB8
	.byte 0x00,0x00,0x00,0x00,0x40,0x0F,0x92,0xC0,0x49,0x8B,0xBD,0x18,0xFF,0xFF,0xFF,0x48
	.byte 0x89,0xD3,0x49,0x8B,0x85,0x40,0xFF,0xFF,0xFF,0x48,0xF7,0xE6,0x49,0x89,0xC0,0x31
	.byte 0xC0,0x48,0x83,0xF8,0x01,0xF5,0x49,0x11,0xF8,0xB8,0x00,0x00,0x00,0x00,0x40,0x0F
	.byte 0x92,0xC0,0x31,0xFF,0x48,0x83,0xF8,0x01,0xF5,0x48,0x11,0xFA,0xB8,0x00,0x00,0x00
	.byte 0x00,0x40,0x0F,0x92,0xC0,0x49,0x89,0x95,0x68,0xFF,0xFF,0xFF,0x49,0x89,0x85,0x58
	.byte 0xFF,0xFF,0xFF,0x49,0x89,0x95,0x18,0xFF,0xFF,0xFF,0x49,0x8B,0x95,0x28,0xFF,0xFF
	.byte 0xFF,0x48,0x89,0xD0,0x48,0xC1,0xE0,0x03,0x49,0x8B,0xBD,0x90,0xFE,0xFF,0xFF,0x48
	.byte 0x01,0xF8,0x48,0x8B,0x30,0x49,0x8B,0x85,0x38,0xFF,0xFF,0xFF,0x49,0xF7,0xD0,0x48
	.byte 0x83,0xF8,0x01,0xF5,0x4C,0x11,0xC6,0xB8,0x00,0x00,0x00,0x00,0x40,0x0F,0x92,0xC0
	.byte 0x49,0x89,0xB5,0x60,0xFF,0xFF,0xFF,0x49,0x89,0x85,0x38,0xFF,0xFF,0xFF,0x49,0x89
	.byte 0x9D,0x78,0xFF,0xFF,0xFF,0x48,0x89,0xD0,0x48,0xC1,0xE0,0x03,0x48,0x01,0xF8,0x48
	.byte 0x89,0x30,0x49,0x89,0x9D,0x70,0xFF,0xFF,0xFF,0x4C,0x89,0xC8,0x48,0x83,0xC0,0x01
	.byte 0x49,0x89,0x85,0x20,0xFF,0xFF,0xFF,0x48,0x83,0xC2,0x01,0x49,0x89,0x95,0x28,0xFF
	.byte 0xFF,0xFF,0x48,0x89,0xC8,0xE9,0xC6,0xFE,0xFF,0xFF,0x4D,0x8B,0x85,0x18,0xFF,0xFF
	.byte 0xFF,0x4D,0x89,0x85,0x78,0xFF,0xFF,0xFF,0x49,0x8B,0xBD,0x28,0xFF,0xFF,0xFF,0x48
	.byte 0x89,0xF8,0x48,0xC1,0xE0,0x03,0x49,0x8B,0xB5,0x90,0xFE,0xFF,0xFF,0x48,0x01,0xF0
	.byte 0x48,0x8B,0x10,0x49,0x8B,0x85,0x38,0xFF,0xFF,0xFF,0x49,0xF7,0xD0,0x48,0x83,0xF8
	.byte 0x01,0xF5,0x4C,0x11,0xC2,0xB8,0x00,0x00,0x00,0x00,0x40,0x0F,0x92,0xC0,0x49,0x89
	.byte 0x95,0x60,0xFF,0xFF,0xFF,0x49,0x89,0x85,0x38,0xFF,0xFF,0xFF,0x49,0x89,0x95,0x70
	.byte 0xFF,0xFF,0xFF,0x48,0x89,0xF8,0x48,0xC1,0xE0,0x03,0x48,0x01,0xF0,0x48,0x89,0x10
	.byte 0x48,0x83,0xC7,0x01,0x49,0x89,0xBD,0x28,0xFF,0xFF,0xFF,0x48,0x89,0xCF,0xFF,0xE1
	.byte 0x49,0x89,0xC1,0x49,0x8B,0x85,0x30,0xFF,0xFF,0xFF,0x49,0x8B,0xBD,0x20,0xFF,0xFF
	.byte 0xFF,0x48,0x39,0xF8,0x0F,0x84,0x16,0x01,0x00,0x00,0x49,0x8B,0x85,0x48,0xFF,0xFF
	.byte 0xFF,0x49,0x89,0xF8,0x48,0xC1,0xE7,0x03,0x49,0x8B,0xB5,0x88,0xFE,0xFF,0xFF,0x48
	.byte 0x01,0xF7,0x48,0x8B,0x37,0x48,0xF7,0xE6,0x48,0x89,0xC6,0x31,0xC0,0x49,0x8B,0xBD
	.byte 0x70,0xFF,0xFF,0xFF,0x48,0x83,0xF8,0x01,0xF5,0x48,0x11,0xFE,0xB8,0x00,0x00,0x00
	.byte 0x00,0x40,0x0F,0x92,0xC0,0x31,0xFF,0x48,0x83,0xF8,0x01,0xF5,0x48,0x11,0xFA,0xB8
	.byte 0x00,0x00,0x00,0x00,0x40,0x0F,0x92,0xC0,0x49,0x8B,0xBD,0x18,0xFF,0xFF,0xFF,0x48
	.byte 0x89,0xD1,0x49,0x8B,0x85,0x40,0xFF,0xFF,0xFF,0x48,0xF7,0xE6,0x48,0x89,0xC6,0x31
	.byte 0xC0,0x48,0x83,0xF8,0x01,0xF5,0x48,0x11,0xFE,0xB8,0x00,0x00,0x00,0x00,0x40,0x0F
	.byte 0x92,0xC0,0x49,0x89,0xB5,0x78,0xFF,0xFF,0xFF,0x31,0xFF,0x48,0x83,0xF8,0x01,0xF5
	.byte 0x48,0x11,0xFA,0xB8,0x00,0x00,0x00,0x00,0x40,0x0F,0x92,0xC0,0x49,0x89,0x95,0x68
	.byte 0xFF,0xFF,0xFF,0x49,0x89,0x85,0x58,0xFF,0xFF,0xFF,0x49,0x89,0x8D,0x70,0xFF,0xFF
	.byte 0xFF,0x49,0x89,0x95,0x18,0xFF,0xFF,0xFF,0x49,0x8B,0x95,0x28,0xFF,0xFF,0xFF,0x48
	.byte 0x89,0xD0,0x48,0xC1,0xE0,0x03,0x49,0x8B,0xBD,0x90,0xFE,0xFF,0xFF,0x48,0x01,0xF8
	.byte 0x48,0x8B,0x00,0x49,0x89,0x85,0x60,0xFF,0xFF,0xFF,0x48,0x39,0xC6,0x0F,0x84,0x1F
	.byte 0x00,0x00,0x00,0xBF,0x01,0x00,0x00,0x00,0x49,0x89,0xBD,0x38,0xFF,0xFF,0xFF,0x48
	.byte 0x39,0xF0,0x0F,0x82,0x0A,0x00,0x00,0x00,0x31,0xC0,0x49,0x89,0x85,0x38,0xFF,0xFF
	.byte 0xFF,0x90,0x49,0x83,0xC0,0x01,0x4D,0x89,0x85,0x20,0xFF,0xFF,0xFF,0x48,0x83,0xC2
	.byte 0x01,0x49,0x89,0x95,0x28,0xFF,0xFF,0xFF,0x4C,0x89,0xC8,0xE9,0xD0,0xFE,0xFF,0xFF
	.byte 0x49,0x8B,0xB5,0x18,0xFF,0xFF,0xFF,0x49,0x89,0xB5,0x78,0xFF,0xFF,0xFF,0x49,0x8B
	.byte 0xBD,0x28,0xFF,0xFF,0xFF,0x48,0x89,0xF8,0x48,0xC1,0xE0,0x03,0x49,0x8B,0x95,0x90
	.byte 0xFE,0xFF,0xFF,0x48,0x01,0xD0,0x48,0x8B,0x00,0x49,0x89,0x85,0x60,0xFF,0xFF,0xFF
	.byte 0x48,0x83,0xC7,0x01,0x49,0x89,0xBD,0x28,0xFF,0xFF,0xFF,0x48,0x39,0xC6,0x0F,0x84
	.byte 0x1E,0x00,0x00,0x00,0xBF,0x01,0x00,0x00,0x00,0x49,0x89,0xBD,0x38,0xFF,0xFF,0xFF
	.byte 0x48,0x39,0xF0,0x0F,0x82,0x09,0x00,0x00,0x00,0x31,0xC0,0x49,0x89,0x85,0x38,0xFF
	.byte 0xFF,0xFF,0x4C,0x89,0xCF,0x41,0xFF,0xE1,0x48,0x89,0xC1,0x49,0x8B,0x85,0x48,0xFF
	.byte 0xFF,0xFF,0x31,0xFF,0x49,0x8B,0xB5,0x40,0xFF,0xFF,0xFF,0x49,0x89,0xC0,0x48,0xF7
	.byte 0xE6,0x48,0x89,0xC3,0x31,0xC0,0x48,0x83,0xF8,0x01,0xF5,0x48,0x11,0xFB,0xB8,0x00
	.byte 0x00,0x00,0x00,0x40,0x0F,0x92,0xC0,0x31,0xFF,0x48,0x83,0xF8,0x01,0xF5,0x48,0x11
	.byte 0xFA,0xB8,0x00,0x00,0x00,0x00,0x40,0x0F,0x92,0xC0,0x49,0x89,0x9D,0x18,0xFF,0xFF
	.byte 0xFF,0x4C,0x89,0xC0,0x48,0x89,0xD7,0x49,0x8B,0xB5,0x38,0xFF,0xFF,0xFF,0x49,0x89
	.byte 0xC0,0x49,0x89,0xF1,0x48,0xF7,0xE6,0x48,0x89,0xD6,0x48,0x89,0xC2,0x31,0xC0,0x48
	.byte 0x83,0xF8,0x01,0xF5,0x48,0x11,0xFA,0xB8,0x00,0x00,0x00,0x00,0x40,0x0F,0x92,0xC0
	.byte 0x31,0xFF,0x48,0x83,0xF8,0x01,0xF5,0x48,0x11,0xFE,0xB8,0x00,0x00,0x00,0x00,0x40
	.byte 0x0F,0x92,0xC0,0x49,0x89,0x85,0x58,0xFF,0xFF,0xFF,0x49,0x89,0xB5,0x60,0xFF,0xFF
	.byte 0xFF,0x49,0x89,0x95,0x68,0xFF,0xFF,0xFF,0x48,0x89,0xDF,0x49,0x89,0xBD,0x70,0xFF
	.byte 0xFF,0xFF,0xB8,0x01,0x00,0x00,0x00,0x49,0x89,0x85,0x78,0xFF,0xFF,0xFF,0x49,0x8B
	.byte 0x85,0x20,0xFF,0xFF,0xFF,0x48,0x39,0xC6,0x0F,0x84,0x18,0x00,0x00,0x00,0x48,0x39
	.byte 0xF0,0x0F,0x82,0x09,0x00,0x00,0x00,0x31,0xC0,0x49,0x89,0x85,0x78,0xFF,0xFF,0xFF
	.byte 0xE9,0x5B,0x00,0x00,0x00,0x90,0x49,0x8B,0x85,0x28,0xFF,0xFF,0xFF,0x48,0x39,0xC2
	.byte 0x0F,0x84,0x18,0x00,0x00,0x00,0x48,0x39,0xD0,0x0F,0x82,0x09,0x00,0x00,0x00,0x31
	.byte 0xC0,0x49,0x89,0x85,0x78,0xFF,0xFF,0xFF,0xE9,0x33,0x00,0x00,0x00,0x90,0x49,0x8B
	.byte 0x85,0x30,0xFF,0xFF,0xFF,0x48,0x39,0xC7,0x0F,0x84,0x18,0x00,0x00,0x00,0x48,0x39
	.byte 0xF8,0x0F,0x82,0x09,0x00,0x00,0x00,0x31,0xC0,0x49,0x89,0x85,0x78,0xFF,0xFF,0xFF
	.byte 0xE9,0x0B,0x00,0x00,0x00,0x90,0x31,0xC0,0x49,0x89,0x85,0x78,0xFF,0xFF,0xFF,0x90
	.byte 0x49,0x8B,0x85,0x78,0xFF,0xFF,0xFF,0x48,0x83,0xF8,0x00,0x0F,0x84,0x19,0x01,0x00
	.byte 0x00,0x4C,0x89,0xC0,0x48,0x83,0xF8,0x00,0x0F,0x84,0x0C,0x00,0x00,0x00,0x48,0x83
	.byte 0xC0,0xFF,0x49,0x89,0x85,0x48,0xFF,0xFF,0xFF,0x90,0x49,0x8B,0x85,0x48,0xFF,0xFF
	.byte 0xFF,0x45,0x31,0xC0,0x4C,0x89,0xCE,0x4D,0x89,0x85,0x60,0xFF,0xFF,0xFF,0x48,0xF7
	.byte 0xE6,0x48,0x89,0xC7,0x31,0xC0,0x48,0x83,0xF8,0x01,0xF5,0x4C,0x11,0xC7,0xB8,0x00
	.byte 0x00,0x00,0x00,0x40,0x0F,0x92,0xC0,0x31,0xF6,0x48,0x83,0xF8,0x01,0xF5,0x48,0x11
	.byte 0xF2,0xB8,0x00,0x00,0x00,0x00,0x40,0x0F,0x92,0xC0,0x31,0xC0,0x48,0x83,0xF8,0x01
	.byte 0xF5,0x4C,0x11,0xC7,0xB8,0x00,0x00,0x00,0x00,0x40,0x0F,0x92,0xC0,0x49,0x89,0xBD
	.byte 0x78,0xFF,0xFF,0xFF,0x31,0xF6,0x48,0x83,0xF8,0x01,0xF5,0x48,0x11,0xF2,0xB8,0x00
	.byte 0x00,0x00,0x00,0x40,0x0F,0x92,0xC0,0x49,0x89,0x85,0x58,0xFF,0xFF,0xFF,0x48,0x83
	.byte 0xC2,0x01,0x49,0x89,0x95,0x68,0xFF,0xFF,0xFF,0xB8,0x01,0x00,0x00,0x00,0x49,0x89
	.byte 0x85,0x70,0xFF,0xFF,0xFF,0x49,0x8B,0x85,0x20,0xFF,0xFF,0xFF,0x48,0x39,0xC2,0x0F
	.byte 0x84,0x19,0x00,0x00,0x00,0x48,0x39,0xD0,0x0F,0x82,0x0A,0x00,0x00,0x00,0x31,0xC0
	.byte 0x49,0x89,0x85,0x70,0xFF,0xFF,0xFF,0x90,0xE9,0x33,0x00,0x00,0x00,0x90,0x49,0x8B
	.byte 0x85,0x28,0xFF,0xFF,0xFF,0x48,0x39,0xC7,0x0F,0x84,0x18,0x00,0x00,0x00,0x48,0x39
	.byte 0xF8,0x0F,0x82,0x09,0x00,0x00,0x00,0x31,0xC0,0x49,0x89,0x85,0x70,0xFF,0xFF,0xFF
	.byte 0xE9,0x0B,0x00,0x00,0x00,0x90,0x31,0xC0,0x49,0x89,0x85,0x70,0xFF,0xFF,0xFF,0x90
	.byte 0x49,0x8B,0x85,0x70,0xFF,0xFF,0xFF,0x48,0x83,0xF8,0x00,0x0F,0x84,0x09,0x00,0x00
	.byte 0x00,0x48,0x89,0xC8,0xE9,0x9F,0xFD,0xFF,0xFF,0x90,0x48,0x89,0xCF,0xFF,0xE1,0x90
	.byte 0x48,0x89,0xC1,0x49,0x8B,0xBD,0x30,0xFF,0xFF,0xFF,0x49,0x8B,0x85,0x20,0xFF,0xFF
	.byte 0xFF,0x48,0x39,0xC7,0x0F,0x84,0x8C,0x00,0x00,0x00,0x49,0x8B,0xBD,0x78,0xFF,0xFF
	.byte 0xFF,0x49,0x89,0xBD,0x60,0xFF,0xFF,0xFF,0x48,0x89,0xC7,0x48,0xC1,0xE0,0x03,0x49
	.byte 0x8B,0xB5,0x88,0xFE,0xFF,0xFF,0x48,0x01,0xF0,0x48,0x8B,0x30,0x49,0x8B,0x85,0x38
	.byte 0xFF,0xFF,0xFF,0x48,0xF7,0xE6,0x48,0x89,0xC6,0x31,0xC0,0x4D,0x8B,0x85,0x70,0xFF
	.byte 0xFF,0xFF,0x48,0x83,0xF8,0x01,0xF5,0x4C,0x11,0xC6,0xB8,0x00,0x00,0x00,0x00,0x40
	.byte 0x0F,0x92,0xC0,0x49,0x89,0xB5,0x78,0xFF,0xFF,0xFF,0x31,0xF6,0x48,0x83,0xF8,0x01
	.byte 0xF5,0x48,0x11,0xF2,0xB8,0x00,0x00,0x00,0x00,0x40,0x0F,0x92,0xC0,0x49,0x89,0x95
	.byte 0x68,0xFF,0xFF,0xFF,0x49,0x89,0x85,0x58,0xFF,0xFF,0xFF,0x49,0x89,0x95,0x70,0xFF
	.byte 0xFF,0xFF,0x48,0x83,0xC7,0x01,0x49,0x89,0xBD,0x20,0xFF,0xFF,0xFF,0x48,0x89,0xC8
	.byte 0xE9,0x5B,0xFF,0xFF,0xFF,0x90,0x49,0x8B,0x85,0x60,0xFF,0xFF,0xFF,0x49,0x89,0x85
	.byte 0x70,0xFF,0xFF,0xFF,0x48,0x89,0xCF,0xFF,0xE1,0x90,0x49,0x89,0xC0,0x49,0x8B,0xBD
	.byte 0x30,0xFF,0xFF,0xFF,0x49,0x8B,0x85,0x20,0xFF,0xFF,0xFF,0x48,0x39,0xC7,0x0F,0x84
	.byte 0xD4,0x00,0x00,0x00,0x48,0x89,0xC1,0x48,0xC1,0xE0,0x03,0x49,0x8B,0xBD,0x80,0xFE
	.byte 0xFF,0xFF,0x48,0x01,0xF8,0x48,0x8B,0x30,0x49,0x8B,0x85,0x38,0xFF,0xFF,0xFF,0x31
	.byte 0xFF,0x49,0x89,0xBD,0x60,0xFF,0xFF,0xFF,0x48,0xF7,0xE6,0x48,0x89,0xC6,0x31,0xC0
	.byte 0x4D,0x8B,0x8D,0x70,0xFF,0xFF,0xFF,0x48,0x83,0xF8,0x01,0xF5,0x4C,0x11,0xCE,0xB8
	.byte 0x00,0x00,0x00,0x00,0x40,0x0F,0x92,0xC0,0x45,0x31,0xC9,0x48,0x83,0xF8,0x01,0xF5
	.byte 0x4C,0x11,0xCA,0xB8,0x00,0x00,0x00,0x00,0x40,0x0F,0x92,0xC0,0x31,0xC0,0x48,0x83
	.byte 0xF8,0x01,0xF5,0x48,0x11,0xFE,0xB8,0x00,0x00,0x00,0x00,0x40,0x0F,0x92,0xC0,0x49
	.byte 0x89,0xB5,0x78,0xFF,0xFF,0xFF,0x31,0xFF,0x48,0x83,0xF8,0x01,0xF5,0x48,0x11,0xFA
	.byte 0xB8,0x00,0x00,0x00,0x00,0x40,0x0F,0x92,0xC0,0x49,0x89,0x95,0x68,0xFF,0xFF,0xFF
	.byte 0x49,0x89,0x85,0x58,0xFF,0xFF,0xFF,0x49,0x8B,0xBD,0x28,0xFF,0xFF,0xFF,0x48,0x89
	.byte 0xF8,0x48,0xC1,0xE0,0x03,0x4D,0x8B,0x8D,0x90,0xFE,0xFF,0xFF,0x4C,0x01,0xC8,0x48
	.byte 0x89,0x30,0x49,0x89,0x95,0x70,0xFF,0xFF,0xFF,0x48,0x83,0xC7,0x01,0x49,0x89,0xBD
	.byte 0x28,0xFF,0xFF,0xFF,0x48,0x83,0xC1,0x01,0x49,0x89,0x8D,0x20,0xFF,0xFF,0xFF,0x4C
	.byte 0x89,0xC0,0xE9,0x13,0xFF,0xFF,0xFF,0x90,0x49,0x8B,0xB5,0x70,0xFF,0xFF,0xFF,0x49
	.byte 0x8B,0x85,0x28,0xFF,0xFF,0xFF,0x48,0x89,0xC7,0x48,0xC1,0xE7,0x03,0x49,0x8B,0x95
	.byte 0x90,0xFE,0xFF,0xFF,0x48,0x01,0xD7,0x48,0x89,0x37,0x48,0x83,0xC0,0x01,0x49,0x89
	.byte 0x85,0x28,0xFF,0xFF,0xFF,0x4C,0x89,0xC7,0x41,0xFF,0xE0,0x90,0x49,0x8B,0xBD,0x70
	.byte 0xFF,0xFF,0xFF,0x48,0x83,0xFF,0x00,0x0F,0x8C,0x27,0x00,0x00,0x00,0x48,0x89,0xFE
	.byte 0x48,0x01,0xF7,0x49,0x89,0xBD,0x70,0xFF,0xFF,0xFF,0x49,0x8B,0xB5,0x68,0xFF,0xFF
	.byte 0xFF,0x48,0x89,0xF7,0x48,0x01,0xF7,0x49,0x89,0xBD,0x68,0xFF,0xFF,0xFF,0xE9,0xC9
	.byte 0xFF,0xFF,0xFF,0x90,0x48,0x89,0xC7,0xFF,0xE0,0x90,0x49,0x83,0xEE,0x10,0x4D,0x39
	.byte 0xEE,0x0F,0x82,0xE5,0xD2,0xFF,0xFF,0x90,0x49,0x8B,0xBD,0x28,0xFF,0xFF,0xFF,0x48
	.byte 0x83,0xFF,0x00,0x0F,0x84,0x81,0x00,0x00,0x00,0x48,0x83,0xC7,0xFF,0x49,0x89,0xBD
	.byte 0x28,0xFF,0xFF,0xFF,0x48,0xC1,0xE7,0x03,0x49,0x8B,0xB5,0x80,0xFE,0xFF,0xFF,0x48
	.byte 0x01,0xF7,0x48,0x8B,0x37,0x49,0x89,0xB5,0x78,0xFF,0xFF,0xFF,0x49,0x8B,0x95,0x30
	.byte 0xFF,0xFF,0xFF,0x49,0x8B,0xBD,0x68,0xFF,0xFF,0xFF,0x49,0x89,0x46,0x08,0x41,0xBB
	.byte 0x27,0x00,0x00,0x00,0x4D,0x89,0x1E,0x48,0x8D,0x05,0x06,0x00,0x00,0x00,0xE9,0x55
	.byte 0xE2,0xFF,0xFF,0x90,0x49,0x8B,0x46,0x08,0x49,0x8B,0xB5,0x98,0xFE,0xFF,0xFF,0x49
	.byte 0x89,0xBD,0x78,0xFF,0xFF,0xFF,0x49,0x89,0xB5,0x68,0xFF,0xFF,0xFF,0x49,0x8B,0xB5
	.byte 0x28,0xFF,0xFF,0xFF,0x48,0xC1,0xE6,0x03,0x49,0x8B,0x95,0x90,0xFE,0xFF,0xFF,0x48
	.byte 0x01,0xD6,0x48,0x89,0x3E,0xE9,0x6E,0xFF,0xFF,0xFF,0x48,0x89,0xC7,0x49,0x83,0xC6
	.byte 0x10,0xFF,0xE0,0x90,0x49,0x8B,0xBD,0x28,0xFF,0xFF,0xFF,0x48,0x83,0xFF,0x00,0x0F
	.byte 0x84,0x3D,0x00,0x00,0x00,0x48,0x83,0xC7,0xFF,0x49,0x89,0xBD,0x28,0xFF,0xFF,0xFF
	.byte 0x48,0x89,0xFE,0x48,0xC1,0xE7,0x03,0x49,0x8B,0x95,0x80,0xFE,0xFF,0xFF,0x48,0x01
	.byte 0xD7,0x48,0x8B,0x3F,0x49,0x89,0xBD,0x78,0xFF,0xFF,0xFF,0x48,0xC1,0xE6,0x03,0x49
	.byte 0x8B,0x95,0x90,0xFE,0xFF,0xFF,0x48,0x01,0xD6,0x48,0x89,0x3E,0xE9,0xB3,0xFF,0xFF
	.byte 0xFF,0x90,0x48,0x89,0xC7,0xFF,0xE0,0x90,0x49,0x83,0xEE,0x10,0x4D,0x39,0xEE,0x0F
	.byte 0x82,0xE7,0xD1,0xFF,0xFF,0x90,0x49,0x8B,0xBD,0x40,0xFF,0xFF,0xFF,0x48,0x83,0xFF
	.byte 0x00,0x0F,0x84,0x83,0x00,0x00,0x00,0x48,0x83,0xC7,0xFF,0x49,0x89,0xBD,0x40,0xFF
	.byte 0xFF,0xFF,0x49,0x8B,0xBD,0x18,0xFF,0xFF,0xFF,0x48,0x89,0xFE,0x48,0xC1,0xE6,0x03
	.byte 0x49,0x8B,0x95,0x80,0xFE,0xFF,0xFF,0x48,0x01,0xD6,0x48,0x8B,0x36,0x49,0x89,0xB5
	.byte 0x38,0xFF,0xFF,0xFF,0x48,0x83,0xC7,0x01,0x49,0x89,0xBD,0x18,0xFF,0xFF,0xFF,0x31
	.byte 0xFF,0x49,0x89,0xBD,0x20,0xFF,0xFF,0xFF,0x49,0x89,0xBD,0x70,0xFF,0xFF,0xFF,0x49
	.byte 0x89,0x46,0x08,0x41,0xBB,0x28,0x00,0x00,0x00,0x4D,0x89,0x1E,0x48,0x8D,0x05,0x05
	.byte 0x00,0x00,0x00,0xE9,0x44,0x00,0x00,0x00,0x49,0x8B,0x46,0x08,0x49,0x8B,0xBD,0x28
	.byte 0xFF,0xFF,0xFF,0x49,0x8B,0xB5,0x30,0xFF,0xFF,0xFF,0x48,0x29,0xF7,0x49,0x89,0xBD
	.byte 0x28,0xFF,0xFF,0xFF,0xE9,0x6D,0xFF,0xFF,0xFF,0x90,0x49,0x8B,0xBD,0x30,0xFF,0xFF
	.byte 0xFF,0x49,0x8B,0xB5,0x28,0xFF,0xFF,0xFF,0x48,0x01,0xF7,0x49,0x89,0xBD,0x28,0xFF
	.byte 0xFF,0xFF,0x48,0x89,0xC7,0x49,0x83,0xC6,0x10,0xFF,0xE0,0x90,0x48,0x89,0xC1,0x49
	.byte 0x8B,0xBD,0x30,0xFF,0xFF,0xFF,0x49,0x8B,0x85,0x20,0xFF,0xFF,0xFF,0x48,0x39,0xC7
	.byte 0x0F,0x84,0xE4,0x00,0x00,0x00,0x49,0x8B,0x9D,0x28,0xFF,0xFF,0xFF,0x48,0x89,0xDF
	.byte 0x48,0xC1,0xE7,0x03,0x4D,0x8B,0x8D,0x90,0xFE,0xFF,0xFF,0x4C,0x01,0xCF,0x4C,0x8B
	.byte 0x3F,0x4D,0x89,0xBD,0x60,0xFF,0xFF,0xFF,0x49,0x89,0xC0,0x48,0xC1,0xE0,0x03,0x49
	.byte 0x8B,0xBD,0x88,0xFE,0xFF,0xFF,0x48,0x01,0xF8,0x48,0x8B,0x30,0x49,0x8B,0x85,0x38
	.byte 0xFF,0xFF,0xFF,0x48,0xF7,0xE6,0x48,0x89,0xC7,0x31,0xC0,0x49,0x8B,0xB5,0x70,0xFF
	.byte 0xFF,0xFF,0x48,0x83,0xF8,0x01,0xF5,0x48,0x11,0xF7,0xB8,0x00,0x00,0x00,0x00,0x40
	.byte 0x0F,0x92,0xC0,0x31,0xF6,0x48,0x83,0xF8,0x01,0xF5,0x48,0x11,0xF2,0xB8,0x00,0x00
	.byte 0x00,0x00,0x40,0x0F,0x92,0xC0,0x31,0xC0,0x48,0x83,0xF8,0x01,0xF5,0x4C,0x11,0xFF
	.byte 0xB8,0x00,0x00,0x00,0x00,0x40,0x0F,0x92,0xC0,0x49,0x89,0xBD,0x78,0xFF,0xFF,0xFF
	.byte 0x31,0xF6,0x48,0x83,0xF8,0x01,0xF5,0x48,0x11,0xF2,0xB8,0x00,0x00,0x00,0x00,0x40
	.byte 0x0F,0x92,0xC0,0x49,0x89,0x95,0x68,0xFF,0xFF,0xFF,0x49,0x89,0x85,0x58,0xFF,0xFF
	.byte 0xFF,0x48,0x89,0xD8,0x48,0x89,0xDE,0x48,0xC1,0xE0,0x03,0x4C,0x01,0xC8,0x48,0x89
	.byte 0x38,0x49,0x89,0x95,0x70,0xFF,0xFF,0xFF,0x48,0x83,0xC6,0x01,0x49,0x89,0xB5,0x28
	.byte 0xFF,0xFF,0xFF,0x4C,0x89,0xC0,0x48,0x83,0xC0,0x01,0x49,0x89,0x85,0x20,0xFF,0xFF
	.byte 0xFF,0x48,0x89,0xC8,0xE9,0x03,0xFF,0xFF,0xFF,0x90,0x49,0x8B,0xB5,0x70,0xFF,0xFF
	.byte 0xFF,0x49,0x8B,0x85,0x28,0xFF,0xFF,0xFF,0x48,0x89,0xC7,0x48,0xC1,0xE7,0x03,0x49
	.byte 0x8B,0x95,0x90,0xFE,0xFF,0xFF,0x48,0x01,0xD7,0x48,0x89,0x37,0x48,0x83,0xC0,0x01
	.byte 0x49,0x89,0x85,0x28,0xFF,0xFF,0xFF,0x48,0x89,0xCF,0xFF,0xE1,0x49,0x8B,0xBD,0x28
	.byte 0xFF,0xFF,0xFF,0x48,0x83,0xFF,0x00,0x0F,0x84,0x29,0x00,0x00,0x00,0x48,0x83,0xC7
	.byte 0xFF,0x49,0x89,0xBD,0x28,0xFF,0xFF,0xFF,0x49,0x8B,0xB5,0x78,0xFF,0xFF,0xFF,0x48
	.byte 0xC1,0xE7,0x03,0x49,0x8B,0x95,0x90,0xFE,0xFF,0xFF,0x48,0x01,0xD7,0x48,0x89,0x37
	.byte 0xE9,0xC7,0xFF,0xFF,0xFF,0x90,0x48,0x89,0xC7,0xFF,0xE0,0x90,0x49,0x8B,0xBD,0x28
	.byte 0xFF,0xFF,0xFF,0x48,0x83,0xFF,0x00,0x0F,0x84,0x45,0x00,0x00,0x00,0x48,0x83,0xC7
	.byte 0xFF,0x49,0x89,0xBD,0x28,0xFF,0xFF,0xFF,0x48,0xC1,0xE7,0x03,0x49,0x8B,0xB5,0x90
	.byte 0xFE,0xFF,0xFF,0x48,0x01,0xF7,0x48,0x8B,0x3F,0x49,0x89,0xBD,0x38,0xFF,0xFF,0xFF
	.byte 0x48,0x83,0xFF,0x00,0x0F,0x85,0x06,0x00,0x00,0x00,0xE9,0xBD,0xFF,0xFF,0xFF,0x90
	.byte 0x49,0x8B,0xBD,0x28,0xFF,0xFF,0xFF,0x48,0x83,0xC7,0x01,0x49,0x89,0xBD,0x28,0xFF
	.byte 0xFF,0xFF,0x48,0x89,0xC7,0xFF,0xE0,0x90,0x48,0x89,0xC6,0x49,0x8B,0x85,0x70,0xFF
	.byte 0xFF,0xFF,0x48,0x83,0xF8,0x01,0x0F,0x84,0x7E,0x00,0x00,0x00,0x48,0x83,0xC0,0xFF
	.byte 0x49,0x89,0x85,0x70,0xFF,0xFF,0xFF,0x49,0x8B,0xBD,0x28,0xFF,0xFF,0xFF,0x48,0x89
	.byte 0xF8,0x48,0xC1,0xE0,0x03,0x49,0x8B,0x95,0x80,0xFE,0xFF,0xFF,0x48,0x01,0xD0,0x48
	.byte 0x8B,0x08,0x49,0x8B,0x85,0x60,0xFF,0xFF,0xFF,0x49,0x8B,0x95,0x30,0xFF,0xFF,0xFF
	.byte 0x48,0xF7,0xD2,0x48,0x83,0xF8,0x01,0xF5,0x48,0x11,0xD1,0xB8,0x00,0x00,0x00,0x00
	.byte 0x40,0x0F,0x92,0xC0,0x49,0x89,0x8D,0x38,0xFF,0xFF,0xFF,0x49,0x89,0x85,0x60,0xFF
	.byte 0xFF,0xFF,0x48,0x89,0xF8,0x48,0xC1,0xE0,0x03,0x49,0x8B,0x95,0x90,0xFE,0xFF,0xFF
	.byte 0x48,0x01,0xD0,0x48,0x89,0x08,0x48,0x83,0xC7,0x01,0x49,0x89,0xBD,0x28,0xFF,0xFF
	.byte 0xFF,0x48,0x89,0xF0,0xE9,0x6F,0xFF,0xFF,0xFF,0x90,0x31,0xC0,0x49,0x89,0x85,0x70
	.byte 0xFF,0xFF,0xFF,0x48,0x89,0xF7,0xFF,0xE6,0x48,0x89,0xC6,0x49,0x8B,0x85,0x70,0xFF
	.byte 0xFF,0xFF,0x48,0x83,0xF8,0x01,0x0F,0x84,0x92,0x00,0x00,0x00,0x48,0x83,0xC0,0xFF
	.byte 0x49,0x89,0x85,0x70,0xFF,0xFF,0xFF,0x49,0x8B,0x85,0x28,0xFF,0xFF,0xFF,0x48,0x89
	.byte 0xC7,0x48,0xC1,0xE7,0x03,0x49,0x8B,0x95,0x80,0xFE,0xFF,0xFF,0x48,0x01,0xD7,0x48
	.byte 0x8B,0x17,0x48,0x89,0xC7,0x48,0xC1,0xE0,0x03,0x49,0x8B,0x8D,0x88,0xFE,0xFF,0xFF
	.byte 0x48,0x01,0xC8,0x48,0x8B,0x08,0x49,0x89,0x8D,0x30,0xFF,0xFF,0xFF,0x49,0x8B,0x85
	.byte 0x60,0xFF,0xFF,0xFF,0x48,0xF7,0xD1,0x48,0x83,0xF8,0x01,0xF5,0x48,0x11,0xCA,0xB8
	.byte 0x00,0x00,0x00,0x00,0x40,0x0F,0x92,0xC0,0x49,0x89,0x95,0x38,0xFF,0xFF,0xFF,0x49
	.byte 0x89,0x85,0x60,0xFF,0xFF,0xFF,0x48,0x89,0xF8,0x48,0xC1,0xE0,0x03,0x49,0x8B,0x8D
	.byte 0x90,0xFE,0xFF,0xFF,0x48,0x01,0xC8,0x48,0x89,0x10,0x48,0x83,0xC7,0x01,0x49,0x89
	.byte 0xBD,0x28,0xFF,0xFF,0xFF,0x48,0x89,0xF0,0xE9,0x5B,0xFF,0xFF,0xFF,0x90,0x31,0xC0
	.byte 0x49,0x89,0x85,0x70,0xFF,0xFF,0xFF,0x48,0x89,0xF7,0xFF,0xE6,0x49,0x8B,0xB5,0x28
	.byte 0xFF,0xFF,0xFF,0x48,0x83,0xFE,0x00,0x0F,0x84,0x81,0x00,0x00,0x00,0x48,0x83,0xC6
	.byte 0xFF,0x49,0x89,0xB5,0x28,0xFF,0xFF,0xFF,0x48,0x89,0xF7,0x48,0xC1,0xE6,0x03,0x49
	.byte 0x8B,0x95,0x80,0xFE,0xFF,0xFF,0x48,0x01,0xD6,0x48,0x8B,0x36,0x49,0x89,0xB5,0x38
	.byte 0xFF,0xFF,0xFF,0x48,0xC1,0xE7,0x03,0x49,0x8B,0x95,0x88,0xFE,0xFF,0xFF,0x48,0x01
	.byte 0xD7,0x48,0x8B,0x3F,0x49,0x89,0xBD,0x30,0xFF,0xFF,0xFF,0x48,0x39,0xFE,0x0F,0x85
	.byte 0x06,0x00,0x00,0x00,0xE9,0xA3,0xFF,0xFF,0xFF,0x90,0x49,0x8B,0xBD,0x38,0xFF,0xFF
	.byte 0xFF,0x49,0x8B,0xB5,0x30,0xFF,0xFF,0xFF,0x48,0x39,0xF7,0x0F,0x82,0x11,0x00,0x00
	.byte 0x00,0xBF,0x02,0x00,0x00,0x00,0x49,0x89,0xBD,0x28,0xFF,0xFF,0xFF,0xE9,0x0C,0x00
	.byte 0x00,0x00,0xBF,0x01,0x00,0x00,0x00,0x49,0x89,0xBD,0x28,0xFF,0xFF,0xFF,0x48,0x89
	.byte 0xC7,0xFF,0xE0,0x90,0x48,0x89,0xC2,0x49,0x8B,0x85,0x70,0xFF,0xFF,0xFF,0x48,0x83
	.byte 0xF8,0x01,0x0F,0x84,0x7A,0x00,0x00,0x00,0x48,0x83,0xC0,0xFF,0x49,0x89,0x85,0x70
	.byte 0xFF,0xFF,0xFF,0x49,0x8B,0xBD,0x28,0xFF,0xFF,0xFF,0x48,0x89,0xF8,0x48,0xC1,0xE0
	.byte 0x03,0x49,0x8B,0xB5,0x80,0xFE,0xFF,0xFF,0x48,0x01,0xF0,0x48,0x8B,0x30,0x49,0x8B
	.byte 0x85,0x60,0xFF,0xFF,0xFF,0x49,0x8B,0x8D,0x30,0xFF,0xFF,0xFF,0x48,0x83,0xF8,0x01
	.byte 0xF5,0x48,0x11,0xCE,0xB8,0x00,0x00,0x00,0x00,0x40,0x0F,0x92,0xC0,0x49,0x89,0xB5
	.byte 0x38,0xFF,0xFF,0xFF,0x49,0x89,0x85,0x60,0xFF,0xFF,0xFF,0x48,0x89,0xF8,0x48,0xC1
	.byte 0xE0,0x03,0x49,0x8B,0x8D,0x90,0xFE,0xFF,0xFF,0x48,0x01,0xC8,0x48,0x89,0x30,0x48
	.byte 0x83,0xC7,0x01,0x49,0x89,0xBD,0x28,0xFF,0xFF,0xFF,0x48,0x89,0xD0,0xE9,0x72,0xFF
	.byte 0xFF,0xFF,0x31,0xC0,0x49,0x89,0x85,0x70,0xFF,0xFF,0xFF,0x48,0x89,0xD7,0xFF,0xE2
	.byte 0x48,0x89,0xC2,0x49,0x8B,0x85,0x70,0xFF,0xFF,0xFF,0x48,0x83,0xF8,0x01,0x0F,0x84
	.byte 0x8E,0x00,0x00,0x00,0x48,0x83,0xC0,0xFF,0x49,0x89,0x85,0x70,0xFF,0xFF,0xFF,0x49
	.byte 0x8B,0x85,0x28,0xFF,0xFF,0xFF,0x48,0x89,0xC7,0x48,0xC1,0xE7,0x03,0x49,0x8B,0xB5
	.byte 0x80,0xFE,0xFF,0xFF,0x48,0x01,0xF7,0x48,0x8B,0x37,0x48,0x89,0xC7,0x48,0xC1,0xE0
	.byte 0x03,0x49,0x8B,0x8D,0x88,0xFE,0xFF,0xFF,0x48,0x01,0xC8,0x48,0x8B,0x08,0x49,0x89
	.byte 0x8D,0x30,0xFF,0xFF,0xFF,0x49,0x8B,0x85,0x60,0xFF,0xFF,0xFF,0x48,0x83,0xF8,0x01
	.byte 0xF5,0x48,0x11,0xCE,0xB8,0x00,0x00,0x00,0x00,0x40,0x0F,0x92,0xC0,0x49,0x89,0xB5
	.byte 0x38,0xFF,0xFF,0xFF,0x49,0x89,0x85,0x60,0xFF,0xFF,0xFF,0x48,0x89,0xF8,0x48,0xC1
	.byte 0xE0,0x03,0x49,0x8B,0x8D,0x90,0xFE,0xFF,0xFF,0x48,0x01,0xC8,0x48,0x89,0x30,0x48
	.byte 0x83,0xC7,0x01,0x49,0x89,0xBD,0x28,0xFF,0xFF,0xFF,0x48,0x89,0xD0,0xE9,0x5E,0xFF
	.byte 0xFF,0xFF,0x31,0xC0,0x49,0x89,0x85,0x70,0xFF,0xFF,0xFF,0x48,0x89,0xD7,0xFF,0xE2
	.byte 0x49,0x83,0xEE,0x30,0x4D,0x39,0xEE,0x0F,0x82,0x1F,0xCC,0xFF,0xFF,0x90,0x49,0x89
	.byte 0xC0,0x49,0x8B,0x75,0xC0,0x31,0xC0,0x48,0xD1,0xE0,0x4C,0x01,0xE0,0x49,0x89,0x76
	.byte 0x28,0x48,0xC1,0xEE,0x09,0x48,0x01,0xF0,0x48,0x8B,0x48,0x08,0x48,0x89,0xFA,0x48
	.byte 0x01,0xCA,0xB8,0x00,0x00,0x00,0x00,0x40,0x0F,0x90,0xC0,0x48,0x89,0xCE,0x48,0x09
	.byte 0xF9,0x48,0x09,0xC1,0x48,0xF7,0xC1,0x01,0x00,0x00,0x00,0x0F,0x84,0x35,0x00,0x00
	.byte 0x00,0x4D,0x8B,0x5E,0x28,0x4D,0x89,0x5E,0x20,0x4D,0x89,0x46,0x28,0x49,0x89,0x76
	.byte 0x18,0x49,0x89,0x7E,0x10,0x41,0xBB,0x29,0x00,0x00,0x00,0x4D,0x89,0x1E,0x48,0x8D
	.byte 0x05,0x05,0x00,0x00,0x00,0xE9,0x58,0xD8,0xFF,0xFF,0x49,0x8B,0x76,0x20,0x48,0x89
	.byte 0xFA,0xE9,0x08,0x00,0x00,0x00,0x49,0x8B,0x76,0x28,0x4D,0x89,0x46,0x28,0x48,0x89
	.byte 0xF0,0x48,0xC1,0xEE,0x09,0x4C,0x01,0xE6,0x48,0x8B,0x0E,0x48,0xC1,0xE9,0x20,0x48
	.byte 0xC1,0xE1,0x02,0x49,0x89,0x46,0x18,0x48,0xC1,0xE8,0x09,0x4C,0x01,0xE0,0x48,0x89
	.byte 0x50,0x08,0xB8,0x02,0x00,0x00,0x00,0x48,0x89,0xD7,0x48,0x89,0xCE,0x48,0x09,0xF9
	.byte 0x48,0xF7,0xC1,0x01,0x00,0x00,0x00,0x0F,0x84,0x33,0x00,0x00,0x00,0x49,0x89,0x46
	.byte 0x20,0x49,0x89,0x76,0x10,0x49,0x89,0x7E,0x08,0x41,0xBB,0x2A,0x00,0x00,0x00,0x4D
	.byte 0x89,0x1E,0x48,0x8D,0x05,0x05,0x00,0x00,0x00,0xE9,0x5C,0xD8,0xFF,0xFF,0x49,0x8B
	.byte 0x46,0x20,0x49,0x8B,0x56,0x08,0xBE,0x01,0x00,0x00,0x00,0xE9,0x08,0x00,0x00,0x00
	.byte 0x49,0x89,0x76,0x10,0x48,0x89,0xFA,0x90,0x48,0x39,0xF7,0x0F,0x8D,0x0F,0x00,0x00
	.byte 0x00,0x48,0x89,0xC7,0x4D,0x8B,0x5E,0x28,0x49,0x83,0xC6,0x30,0x41,0xFF,0xE3,0x90
	.byte 0x31,0xC9,0x48,0x89,0xD7,0x48,0x01,0xD7,0xB8,0x00,0x00,0x00,0x00,0x40,0x0F,0x90
	.byte 0xC0,0x48,0x89,0xD6,0x48,0x09,0xF2,0x48,0x09,0xC2,0x48,0xF7,0xC2,0x01,0x00,0x00
	.byte 0x00,0x0F,0x84,0x27,0x00,0x00,0x00,0x48,0x89,0xF7,0x49,0x89,0x76,0x20,0x49,0x89
	.byte 0x4E,0x08,0x41,0xBB,0x2B,0x00,0x00,0x00,0x4D,0x89,0x1E,0x48,0x8D,0x05,0x06,0x00
	.byte 0x00,0x00,0xE9,0x6B,0xD7,0xFF,0xFF,0x90,0xE9,0x05,0x00,0x00,0x00,0x90,0x49,0x89
	.byte 0x4E,0x08,0x48,0xF7,0xC7,0x01,0x00,0x00,0x00,0x0F,0x84,0x3B,0x00,0x00,0x00,0x48
	.byte 0xBF,0xFF,0xFF,0xFF,0xFF,0xFF,0xFF,0xFF,0xFF,0x41,0xBB,0x2C,0x00,0x00,0x00,0x4D
	.byte 0x89,0x1E,0x48,0x8D,0x05,0x05,0x00,0x00,0x00,0xE9,0x9A,0xCA,0xFF,0xFF,0x45,0x31
	.byte 0xDB,0x4D,0x89,0x5E,0x08,0x49,0x8B,0x7E,0x08,0x4D,0x8B,0x5E,0x08,0x4D,0x89,0x5E
	.byte 0x18,0x4D,0x8B,0x5E,0x08,0x4D,0x89,0x5E,0x10,0x90,0x49,0x89,0x7E,0x20,0x48,0xC1
	.byte 0xEF,0x02,0x49,0xBA,0x00,0x00,0x00,0x00,0x01,0x00,0x00,0x00,0x4C,0x39,0xD7,0x0F
	.byte 0x82,0x0F,0x00,0x00,0x00,0x48,0xBF,0xFF,0xFF,0xFF,0xFF,0xFF,0xFF,0xFF,0xFF,0xE9
	.byte 0x08,0x00,0x00,0x00,0x48,0x83,0xC7,0x01,0x48,0xC1,0xE7,0x03,0x49,0x8B,0x45,0xD8
	.byte 0x49,0x8B,0x75,0xF8,0x48,0x29,0xF0,0x48,0x39,0xF8,0x0F,0x82,0x1E,0x00,0x00,0x00
	.byte 0x49,0x8B,0x7E,0x20,0x4D,0x8B,0x5E,0x18,0x4D,0x89,0x5E,0x20,0x4D,0x8B,0x5E,0x10
	.byte 0x4D,0x89,0x5E,0x18,0x49,0x8B,0x76,0x08,0xE9,0x2F,0x00,0x00,0x00,0x90,0x41,0xBB
	.byte 0x2D,0x00,0x00,0x00,0x4D,0x89,0x1E,0x48,0x8D,0x05,0x06,0x00,0x00,0x00,0xE9,0x05
	.byte 0xCA,0xFF,0xFF,0x90,0x49,0x8B,0x7E,0x20,0x4D,0x8B,0x5E,0x18,0x4D,0x89,0x5E,0x20
	.byte 0x4D,0x8B,0x5E,0x10,0x4D,0x89,0x5E,0x18,0x49,0x8B,0x76,0x08,0x49,0x89,0x7E,0x10
	.byte 0x49,0x89,0x76,0x08,0x41,0xBB,0x2E,0x00,0x00,0x00,0x4D,0x89,0x1E,0x48,0x8D,0x05
	.byte 0x06,0x00,0x00,0x00,0xE9,0xDD,0xD1,0xFF,0xFF,0x90,0x48,0x89,0xF8,0x49,0x8B,0x7E
	.byte 0x18,0x49,0x89,0x45,0xC0,0x49,0x89,0x46,0x18,0x48,0xC1,0xE8,0x09,0x4C,0x01,0xE0
	.byte 0x49,0x89,0x45,0xB8,0xB8,0x04,0x00,0x00,0x00,0x48,0x89,0xFA,0x48,0x29,0xC2,0xB8
	.byte 0x00,0x00,0x00,0x00,0x40,0x0F,0x90,0xC0,0x48,0x89,0xFE,0x48,0x09,0xC6,0x48,0x83
	.byte 0xCE,0x04,0x48,0xF7,0xC6,0x01,0x00,0x00,0x00,0x0F,0x84,0x37,0x00,0x00,0x00,0xBE
	.byte 0x04,0x00,0x00,0x00,0x49,0x89,0x7E,0x10,0x49,0x89,0x76,0x08,0x41,0xBB,0x2F,0x00
	.byte 0x00,0x00,0x4D,0x89,0x1E,0x48,0x8D,0x05,0x06,0x00,0x00,0x00,0xE9,0x09,0xD6,0xFF
	.byte 0xFF,0x90,0x48,0x89,0xFA,0x49,0x8B,0x46,0x28,0x49,0x8B,0x76,0x20,0x49,0x8B,0x7E
	.byte 0x18,0xE9,0x0C,0x00,0x00,0x00,0x49,0x8B,0x46,0x28,0x49,0x8B,0x76,0x20,0x49,0x8B
	.byte 0x7E,0x18,0x49,0x83,0xEE,0x08,0x4D,0x39,0xEE,0x0F,0x82,0x2D,0xC9,0xFF,0xFF,0xE9
	.byte 0x0E,0x00,0x00,0x00,0x49,0x83,0xEE,0x38,0x4D,0x39,0xEE,0x0F,0x82,0x1B,0xC9,0xFF
	.byte 0xFF,0x90,0x48,0x89,0xD1,0x48,0xD1,0xE2,0x4C,0x01,0xE2,0x49,0x89,0x76,0x28,0x48
	.byte 0xC1,0xEE,0x09,0x49,0x89,0xD0,0x49,0x01,0xF0,0x49,0x8B,0x70,0x08,0x49,0x89,0x7E
	.byte 0x20,0x48,0xC1,0xEF,0x09,0x48,0x01,0xFA,0x48,0x89,0x72,0x08,0xBA,0x02,0x00,0x00
	.byte 0x00,0x31,0xF6,0x48,0x89,0xCF,0x48,0xF7,0xC6,0x01,0x00,0x00,0x00,0x0F,0x84,0x5F
	.byte 0x00,0x00,0x00,0x48,0x39,0xF7,0x0F,0x84,0x42,0x00,0x00,0x00,0x49,0x89,0x46,0x30
	.byte 0x49,0x89,0x76,0x08,0x49,0x89,0x56,0x18,0x49,0x89,0x7E,0x10,0x41,0xBB,0x30,0x00
	.byte 0x00,0x00,0x4D,0x89,0x1E,0x48,0x8D,0x05,0x06,0x00,0x00,0x00,0xE9,0x73,0xD7,0xFF
	.byte 0xFF,0x90,0x49,0x8B,0x56,0x18,0x49,0x8B,0x46,0x10,0xBE,0x01,0x00,0x00,0x00,0x49
	.byte 0x89,0xFA,0x48,0x89,0xC7,0x4C,0x89,0xD0,0xE9,0x09,0x00,0x00,0x00,0x90,0x49,0x89
	.byte 0x46,0x30,0x48,0x89,0xF8,0x90,0x48,0x89,0xF9,0x48,0x89,0xC7,0xE9,0x09,0x00,0x00
	.byte 0x00,0x90,0x49,0x89,0x46,0x30,0x48,0x89,0xF9,0x90,0x48,0x39,0xF7,0x0F,0x85,0x0F
	.byte 0x00,0x00,0x00,0x48,0x89,0xD7,0x4D,0x8B,0x5E,0x30,0x49,0x83,0xC6,0x38,0x41,0xFF
	.byte 0xE3,0x90,0xB8,0x04,0x00,0x00,0x00,0x48,0x89,0xCA,0x48,0x29,0xC2,0xB8,0x00,0x00
	.byte 0x00,0x00,0x40,0x0F,0x90,0xC0,0x48,0x89,0xCF,0x48,0x09,0xC1,0x48,0x83,0xC9,0x04
	.byte 0x48,0xF7,0xC1,0x01,0x00,0x00,0x00,0x0F,0x84,0x37,0x00,0x00,0x00,0xBE,0x04,0x00
	.byte 0x00,0x00,0x49,0x89,0x76,0x10,0x49,0x89,0x7E,0x18,0x41,0xBB,0x31,0x00,0x00,0x00
	.byte 0x4D,0x89,0x1E,0x48,0x8D,0x05,0x06,0x00,0x00,0x00,0xE9,0xBB,0xD4,0xFF,0xFF,0x90
	.byte 0x48,0x89,0xFA,0x49,0x8B,0x46,0x30,0x49,0x8B,0x76,0x28,0x49,0x8B,0x7E,0x20,0xE9
	.byte 0x0C,0x00,0x00,0x00,0x49,0x8B,0x46,0x30,0x49,0x8B,0x76,0x28,0x49,0x8B,0x7E,0x20
	.byte 0xE9,0xCD,0xFE,0xFF,0xFF,0x90,0x49,0x83,0xEE,0x20,0x4D,0x39,0xEE,0x0F,0x82,0xD9
	.byte 0xC7,0xFF,0xFF,0x90,0x31,0xF6,0xBF,0x0C,0x00,0x00,0x00,0x49,0x89,0x7E,0x10,0xBA
	.byte 0x20,0x00,0x00,0x00,0x49,0x8B,0x7D,0xD8,0x49,0x8B,0x4D,0xF8,0x48,0x29,0xCF,0x48
	.byte 0x39,0xD7,0x0F,0x82,0x0A,0x00,0x00,0x00,0x49,0x89,0x46,0x18,0xE9,0x23,0x00,0x00
	.byte 0x00,0x90,0xBF,0x20,0x00,0x00,0x00,0x49,0x89,0x46,0x18,0x49,0x89,0x76,0x08,0x41
	.byte 0xBB,0x32,0x00,0x00,0x00,0x4D,0x89,0x1E,0x48,0x8D,0x05,0x05,0x00,0x00,0x00,0xE9
	.byte 0x94,0xC7,0xFF,0xFF,0x31,0xF6,0xBF,0x0C,0x00,0x00,0x00,0x49,0x89,0x7E,0x10,0x49
	.byte 0x89,0x76,0x08,0x41,0xBB,0x33,0x00,0x00,0x00,0x4D,0x89,0x1E,0x48,0x8D,0x05,0x05
	.byte 0x00,0x00,0x00,0xE9,0x7E,0xCF,0xFF,0xFF,0xBE,0x04,0x00,0x00,0x00,0x48,0x89,0xF8
	.byte 0x48,0xC1,0xEF,0x09,0x4C,0x01,0xE7,0x48,0x89,0x77,0x08,0x49,0x89,0x45,0xC0,0x48
	.byte 0xC1,0xE8,0x09,0x4C,0x01,0xE0,0x49,0x89,0x45,0xB8,0x41,0xBB,0x34,0x00,0x00,0x00
	.byte 0x4D,0x89,0x1E,0x49,0x83,0xEE,0x18,0x4D,0x39,0xEE,0x0F,0x82,0x2C,0xC7,0xFF,0xFF
	.byte 0x41,0xBB,0x01,0x00,0x00,0x00,0x4D,0x89,0x1E,0x4C,0x8D,0x1D,0x3C,0x00,0x00,0x00
	.byte 0x4D,0x89,0x5E,0x08,0x4D,0x8B,0x5D,0xC8,0x4D,0x89,0x5E,0x10,0x4D,0x89,0xF3,0x4D
	.byte 0x29,0xEB,0x49,0xC1,0xEB,0x03,0x4D,0x89,0x5D,0xC8,0x48,0x8D,0x05,0x05,0x00,0x00
	.byte 0x00,0xE9,0x8A,0xC5,0x00,0x00,0x4D,0x8B,0x5E,0x10,0x4D,0x89,0x5D,0xC8,0x49,0x83
	.byte 0xC6,0x18,0x49,0x8B,0x46,0x18,0xE9,0x05,0x00,0x00,0x00,0x90,0x49,0x8B,0x46,0x18
	.byte 0x49,0x83,0xC6,0x20,0xFF,0xE0,0x49,0x83,0xEE,0x28,0x4D,0x39,0xEE,0x0F,0x82,0xC9
	.byte 0xC6,0xFF,0xFF,0x90,0x49,0x89,0xC0,0x48,0x89,0xF1,0x48,0x83,0xFF,0x02,0x0F,0x85
	.byte 0x0A,0x00,0x00,0x00,0x48,0x89,0xCF,0x49,0x83,0xC6,0x28,0x41,0xFF,0xE0,0xB8,0x04
	.byte 0x00,0x00,0x00,0x48,0x89,0xC6,0x48,0xD1,0xE0,0x4C,0x01,0xE0,0x48,0xC1,0xEF,0x09
	.byte 0x48,0x01,0xF8,0x48,0x8B,0x78,0x08,0x48,0x01,0xCE,0xB8,0x00,0x00,0x00,0x00,0x40
	.byte 0x0F,0x90,0xC0,0x48,0x89,0xCA,0x48,0x09,0xC1,0x48,0x83,0xC9,0x04,0x48,0xF7,0xC1
	.byte 0x01,0x00,0x00,0x00,0x0F,0x84,0x40,0x00,0x00,0x00,0xB8,0x04,0x00,0x00,0x00,0x49
	.byte 0x89,0x7E,0x18,0x48,0x89,0xC7,0x48,0x89,0xD6,0x4D,0x89,0x46,0x20,0x49,0x89,0x56
	.byte 0x10,0x49,0x89,0x46,0x08,0x41,0xBB,0x35,0x00,0x00,0x00,0x4D,0x89,0x1E,0x48,0x8D
	.byte 0x05,0x05,0x00,0x00,0x00,0xE9,0xE8,0xD2,0xFF,0xFF,0x48,0x89,0xFE,0x49,0x8B,0x46
	.byte 0x20,0x49,0x8B,0x7E,0x18,0xE9,0x04,0x00,0x00,0x00,0x4C,0x89,0xC0,0x90,0xE9,0x61
	.byte 0xFF,0xFF,0xFF,0x90,0x49,0x83,0xEE,0x30,0x4D,0x39,0xEE,0x0F,0x82,0x1B,0xC6,0xFF
	.byte 0xFF,0x90,0x48,0x89,0xC1,0x48,0x83,0xFF,0x02,0x0F,0x85,0x09,0x00,0x00,0x00,0x48
	.byte 0x89,0xD7,0x49,0x83,0xC6,0x30,0xFF,0xE1,0x45,0x31,0xC0,0x49,0xD1,0xE0,0x4D,0x01
	.byte 0xE0,0x48,0x89,0xF8,0x48,0xC1,0xEF,0x09,0x49,0x01,0xF8,0x49,0x8B,0x78,0x08,0x49
	.byte 0x89,0xF0,0x48,0xC1,0xEE,0x02,0x4C,0x01,0xE6,0x49,0x89,0x56,0x28,0x48,0xC1,0xEA
	.byte 0x09,0x48,0x01,0xD6,0x48,0x83,0xC6,0x08,0x48,0xC1,0xEF,0x02,0x40,0x88,0x3E,0xBF
	.byte 0x04,0x00,0x00,0x00,0x48,0xD1,0xE7,0x4C,0x01,0xE7,0x48,0xC1,0xE8,0x09,0x48,0x01
	.byte 0xC7,0x48,0x8B,0x7F,0x08,0xBE,0x04,0x00,0x00,0x00,0x4C,0x01,0xC6,0xB8,0x00,0x00
	.byte 0x00,0x00,0x40,0x0F,0x90,0xC0,0x4C,0x89,0xC2,0x49,0x09,0xC0,0x49,0x83,0xC8,0x04
	.byte 0x49,0xF7,0xC0,0x01,0x00,0x00,0x00,0x0F,0x84,0x4D,0x00,0x00,0x00,0xB8,0x04,0x00
	.byte 0x00,0x00,0x49,0x89,0x7E,0x20,0x48,0x89,0xC7,0x48,0x89,0xD6,0x4D,0x8B,0x5E,0x28
	.byte 0x4D,0x89,0x5E,0x18,0x49,0x89,0x4E,0x28,0x49,0x89,0x56,0x10,0x49,0x89,0x46,0x08
	.byte 0x41,0xBB,0x36,0x00,0x00,0x00,0x4D,0x89,0x1E,0x48,0x8D,0x05,0x06,0x00,0x00,0x00
	.byte 0xE9,0xFD,0xD1,0xFF,0xFF,0x90,0x48,0x89,0xFE,0x49,0x8B,0x46,0x28,0x49,0x8B,0x7E
	.byte 0x20,0x49,0x8B,0x56,0x18,0xE9,0x08,0x00,0x00,0x00,0x48,0x89,0xC8,0x49,0x8B,0x56
	.byte 0x28,0x90,0xE9,0x1B,0xFF,0xFF,0xFF,0x90,0x49,0x83,0xEE,0x30,0x4D,0x39,0xEE,0x0F
	.byte 0x82,0x27,0xC5,0xFF,0xFF,0x90,0x49,0x89,0xC0,0x48,0x83,0xFE,0x00,0x0F,0x85,0x07
	.byte 0x00,0x00,0x00,0x49,0x83,0xC6,0x30,0x41,0xFF,0xE0,0xB8,0x04,0x00,0x00,0x00,0x49
	.byte 0x89,0xF1,0x49,0x29,0xC1,0xB8,0x00,0x00,0x00,0x00,0x40,0x0F,0x90,0xC0,0x48,0x89
	.byte 0xF1,0x48,0x09,0xC6,0x48,0x83,0xCE,0x04,0x48,0xF7,0xC6,0x01,0x00,0x00,0x00,0x0F
	.byte 0x84,0x3B,0x00,0x00,0x00,0xBE,0x04,0x00,0x00,0x00,0x49,0x89,0x7E,0x20,0x48,0x89
	.byte 0xCF,0x4D,0x89,0x46,0x28,0x49,0x89,0x4E,0x08,0x49,0x89,0x76,0x10,0x49,0x89,0x56
	.byte 0x18,0x41,0xBB,0x37,0x00,0x00,0x00,0x4D,0x89,0x1E,0x48,0x8D,0x05,0x05,0x00,0x00
	.byte 0x00,0xE9,0x64,0xD1,0xFF,0xFF,0x49,0x89,0x7E,0x10,0xE9,0x11,0x00,0x00,0x00,0x90
	.byte 0x4D,0x89,0x4E,0x10,0x4D,0x89,0x46,0x28,0x49,0x89,0x7E,0x20,0x49,0x89,0x56,0x18
	.byte 0x49,0x8B,0x45,0xD8,0x49,0x8B,0x7D,0xF8,0x48,0x29,0xF8,0x48,0x83,0xF8,0x18,0x0F
	.byte 0x82,0x15,0x00,0x00,0x00,0x49,0x8B,0x46,0x28,0x4D,0x8B,0x46,0x20,0x49,0x8B,0x4E
	.byte 0x18,0x49,0x8B,0x7E,0x10,0xE9,0x2A,0x00,0x00,0x00,0xBF,0x18,0x00,0x00,0x00,0x41
	.byte 0xBB,0x38,0x00,0x00,0x00,0x4D,0x89,0x1E,0x48,0x8D,0x05,0x05,0x00,0x00,0x00,0xE9
	.byte 0x64,0xC4,0xFF,0xFF,0x49,0x8B,0x46,0x28,0x4D,0x8B,0x46,0x20,0x49,0x8B,0x4E,0x18
	.byte 0x49,0x8B,0x7E,0x10,0x48,0x89,0xFE,0x48,0xC1,0xEF,0x02,0x4C,0x01,0xE7,0x48,0x89
	.byte 0xCA,0x48,0xC1,0xE9,0x09,0x48,0x01,0xCF,0x48,0x83,0xC7,0x08,0x48,0x0F,0xB6,0x3F
	.byte 0x48,0xC1,0xE7,0x02,0x49,0x8B,0x4D,0xF8,0x49,0xB9,0x03,0x00,0x00,0x00,0x02,0x00
	.byte 0x00,0x00,0x4C,0x89,0x09,0x48,0x89,0x79,0x08,0x4C,0x89,0x41,0x10,0x48,0x89,0xCF
	.byte 0x4C,0x29,0xE7,0x48,0xC1,0xE7,0x09,0x48,0x83,0xCF,0x05,0x48,0x83,0xC1,0x18,0x49
	.byte 0x89,0x4D,0xF8,0xE9,0xCE,0xFE,0xFF,0xFF,0x49,0x83,0xEE,0x28,0x4D,0x39,0xEE,0x0F
	.byte 0x82,0xE7,0xC3,0xFF,0xFF,0x90,0x48,0x89,0xC2,0x48,0x89,0xF1,0x48,0x83,0xFF,0x02
	.byte 0x0F,0x85,0x0A,0x00,0x00,0x00,0x48,0x89,0xCF,0x49,0x83,0xC6,0x28,0xFF,0xE2,0x90
	.byte 0xBE,0x04,0x00,0x00,0x00,0x48,0xD1,0xE6,0x4C,0x01,0xE6,0x48,0x89,0xF8,0x48,0xC1
	.byte 0xE8,0x09,0x48,0x01,0xC6,0x48,0x8B,0x7E,0x08,0x31,0xF6,0x48,0xD1,0xE6,0x4C,0x01
	.byte 0xE6,0x48,0x01,0xC6,0x48,0x8B,0x46,0x08,0x48,0xC1,0xE8,0x09,0x4C,0x01,0xE0,0x4C
	.byte 0x8B,0x08,0x49,0xC1,0xE9,0x1D,0x49,0x83,0xC1,0xF8,0x49,0xC1,0xE1,0x02,0x4C,0x89
	.byte 0xCE,0x48,0x01,0xCE,0xB8,0x00,0x00,0x00,0x00,0x40,0x0F,0x90,0xC0,0x49,0x89,0xC8
	.byte 0x4C,0x09,0xC9,0x48,0x09,0xC1,0x48,0xF7,0xC1,0x01,0x00,0x00,0x00,0x0F,0x84,0x3B
	.byte 0x00,0x00,0x00,0x49,0x89,0x7E,0x18,0x4C,0x89,0xCF,0x4C,0x89,0xC6,0x49,0x89,0x56
	.byte 0x20,0x4D,0x89,0x46,0x08,0x4D,0x89,0x4E,0x10,0x41,0xBB,0x39,0x00,0x00,0x00,0x4D
	.byte 0x89,0x1E,0x48,0x8D,0x05,0x05,0x00,0x00,0x00,0xE9,0xE4,0xCF,0xFF,0xFF,0x48,0x89
	.byte 0xFE,0x49,0x8B,0x46,0x20,0x49,0x8B,0x7E,0x18,0xE9,0x04,0x00,0x00,0x00,0x48,0x89
	.byte 0xD0,0x90,0xE9,0x3F,0xFF,0xFF,0xFF,0x90,0x49,0x83,0xEE,0x40,0x4D,0x39,0xEE,0x0F
	.byte 0x82,0x17,0xC3,0xFF,0xFF,0x90,0x49,0x89,0xF0,0x48,0x83,0xFF,0x02,0x0F,0x85,0x09
	.byte 0x00,0x00,0x00,0x48,0x89,0xD7,0x49,0x83,0xC6,0x40,0xFF,0xE0,0x31,0xF6,0x48,0xD1
	.byte 0xE6,0x4C,0x01,0xE6,0x49,0x89,0x7E,0x20,0x48,0xC1,0xEF,0x09,0x48,0x01,0xFE,0x48
	.byte 0x8B,0x76,0x08,0x48,0x89,0xF7,0x48,0xC1,0xEE,0x09,0x4C,0x01,0xE6,0x48,0x8B,0x0E
	.byte 0x48,0xC1,0xE9,0x1D,0x48,0x83,0xC1,0xF8,0x48,0xC1,0xE1,0x02,0x31,0xF6,0x49,0x89
	.byte 0x4E,0x30,0x49,0x89,0xCA,0x48,0x89,0xD1,0x49,0x89,0x56,0x18,0x4C,0x89,0xD2,0x49
	.byte 0x89,0x46,0x38,0x4D,0x89,0x46,0x28,0x49,0x89,0x76,0x10,0x49,0x89,0x7E,0x08,0x41
	.byte 0xBB,0x3A,0x00,0x00,0x00,0x4D,0x89,0x1E,0x48,0x8D,0x05,0x05,0x00,0x00,0x00,0xE9
	.byte 0x7E,0xD5,0xFF,0xFF,0x4D,0x8B,0x46,0x30,0x49,0x8B,0x4E,0x28,0x49,0x8B,0x7E,0x20
	.byte 0x4D,0x8B,0x5E,0x18,0x4D,0x89,0x5E,0x30,0xB8,0x04,0x00,0x00,0x00,0x48,0xD1,0xE0
	.byte 0x4C,0x01,0xE0,0x48,0xC1,0xEF,0x09,0x48,0x01,0xF8,0x48,0x8B,0x78,0x08,0x4C,0x89
	.byte 0xC6,0x48,0x01,0xCE,0xB8,0x00,0x00,0x00,0x00,0x40,0x0F,0x90,0xC0,0x48,0x89,0xCA
	.byte 0x4C,0x09,0xC2,0x48,0x09,0xC2,0x48,0xF7,0xC2,0x01,0x00,0x00,0x00,0x0F,0x84,0x43
	.byte 0x00,0x00,0x00,0x4D,0x8B,0x5E,0x30,0x4D,0x89,0x5E,0x28,0x49,0x89,0x7E,0x30,0x4C
	.byte 0x89,0xC7,0x48,0x89,0xCE,0x4D,0x89,0x46,0x20,0x49,0x89,0x4E,0x18,0x41,0xBB,0x3B
	.byte 0x00,0x00,0x00,0x4D,0x89,0x1E,0x48,0x8D,0x05,0x05,0x00,0x00,0x00,0xE9,0xC0,0xCE
	.byte 0xFF,0xFF,0x48,0x89,0xFE,0x49,0x8B,0x46,0x38,0x49,0x8B,0x7E,0x30,0x49,0x8B,0x56
	.byte 0x28,0xE9,0x08,0x00,0x00,0x00,0x49,0x8B,0x46,0x38,0x49,0x8B,0x56,0x30,0xE9,0xE3
	.byte 0xFE,0xFF,0xFF,0x90,0x49,0x83,0xEE,0x50,0x4D,0x39,0xEE,0x0F,0x82,0xEB,0xC1,0xFF
	.byte 0xFF,0x90,0x48,0x89,0xF1,0x49,0x89,0xC1,0x49,0x89,0xF8,0x48,0xC1,0xEE,0x09,0x4C
	.byte 0x01,0xE6,0x48,0x8B,0x56,0x10,0x48,0xBF,0xFC,0xFF,0xFF,0xFF,0xFF,0xFF,0xFF,0xFF
	.byte 0x48,0x01,0xD7,0xB8,0x00,0x00,0x00,0x00,0x40,0x0F,0x90,0xC0,0x48,0x89,0xD6,0x48
	.byte 0x09,0xC2,0x48,0x83,0xCA,0xFC,0x48,0xF7,0xC2,0x01,0x00,0x00,0x00,0x0F,0x84,0x39
	.byte 0x00,0x00,0x00,0x48,0xBF,0xFC,0xFF,0xFF,0xFF,0xFF,0xFF,0xFF,0xFF,0x4D,0x89,0x4E
	.byte 0x48,0x49,0x89,0x7E,0x30,0x49,0x89,0x4E,0x40,0x4D,0x89,0x46,0x38,0x49,0x89,0x76
	.byte 0x28,0x41,0xBB,0x3C,0x00,0x00,0x00,0x4D,0x89,0x1E,0x48,0x8D,0x05,0x05,0x00,0x00
	.byte 0x00,0xE9,0x1C,0xCE,0xFF,0xFF,0xE9,0x0D,0x00,0x00,0x00,0x90,0x4D,0x89,0x4E,0x48
	.byte 0x49,0x89,0x4E,0x40,0x4D,0x89,0x46,0x38,0x31,0xD2,0x31,0xC0,0x48,0xF7,0xC7,0x01
	.byte 0x00,0x00,0x00,0x0F,0x84,0x3D,0x00,0x00,0x00,0x31,0xF6,0x49,0x89,0x56,0x28,0x49
	.byte 0x89,0x7E,0x30,0x41,0xBB,0x3D,0x00,0x00,0x00,0x4D,0x89,0x1E,0x48,0x8D,0x05,0x05
	.byte 0x00,0x00,0x00,0xE9,0x52,0xCE,0xFF,0xFF,0x49,0x8B,0x76,0x40,0x4D,0x8B,0x5E,0x38
	.byte 0x4D,0x89,0x5E,0x40,0x4D,0x8B,0x5E,0x30,0x4D,0x89,0x5E,0x38,0xB8,0x01,0x00,0x00
	.byte 0x00,0xE9,0x10,0x00,0x00,0x00,0x49,0x8B,0x76,0x40,0x4D,0x8B,0x5E,0x38,0x4D,0x89
	.byte 0x5E,0x40,0x49,0x89,0x7E,0x38,0x48,0x39,0xC7,0x0F,0x8D,0x13,0x05,0x00,0x00,0x48
	.byte 0x89,0xF0,0x48,0xC1,0xEE,0x09,0x4C,0x01,0xE6,0x48,0x8B,0x7E,0x10,0x48,0x83,0xFF
	.byte 0x14,0x0F,0x8D,0x07,0x02,0x00,0x00,0x48,0x83,0xFF,0x08,0x0F,0x8D,0xC3,0x00,0x00
	.byte 0x00,0x48,0x83,0xFF,0x04,0x0F,0x8D,0x5B,0x00,0x00,0x00,0x48,0x89,0xC6,0x48,0xC1
	.byte 0xE8,0x09,0x4C,0x01,0xE0,0x48,0x8B,0x50,0x08,0x49,0x8B,0x7E,0x40,0x41,0xBB,0x3E
	.byte 0x00,0x00,0x00,0x4D,0x89,0x1E,0x48,0x8D,0x05,0x03,0x00,0x00,0x00,0xFF,0xE2,0x90
	.byte 0x49,0x8B,0x46,0x48,0x48,0x89,0xFE,0x48,0xC1,0xEE,0x09,0x4C,0x01,0xE6,0x48,0x8B
	.byte 0x76,0x10,0x48,0x83,0xFE,0x00,0x0F,0x85,0x14,0x00,0x00,0x00,0x48,0x89,0xFE,0x48
	.byte 0xC1,0xEE,0x09,0x4C,0x01,0xE6,0x48,0x8B,0x76,0x08,0x49,0x83,0xC6,0x50,0xFF,0xE6
	.byte 0xE9,0x8D,0xFE,0xFF,0xFF,0x90,0x48,0x89,0xC2,0x48,0xC1,0xE8,0x09,0x4C,0x01,0xE0
	.byte 0x48,0x8B,0x48,0x08,0x49,0x8B,0x7E,0x38,0x49,0x8B,0x76,0x40,0x41,0xBB,0x3F,0x00
	.byte 0x00,0x00,0x4D,0x89,0x1E,0x48,0x8D,0x05,0x02,0x00,0x00,0x00,0xFF,0xE1,0x49,0x8B
	.byte 0x46,0x48,0x48,0x89,0xFE,0x48,0xC1,0xEE,0x09,0x4C,0x01,0xE6,0x48,0x8B,0x76,0x10
	.byte 0x48,0x83,0xFE,0x00,0x0F,0x85,0x14,0x00,0x00,0x00,0x48,0x89,0xFE,0x48,0xC1,0xEE
	.byte 0x09,0x4C,0x01,0xE6,0x48,0x8B,0x76,0x08,0x49,0x83,0xC6,0x50,0xFF,0xE6,0xE9,0x2F
	.byte 0xFE,0xFF,0xFF,0x90,0x48,0x83,0xFF,0x0C,0x0F,0x8D,0x60,0x00,0x00,0x00,0x48,0x89
	.byte 0xC1,0x48,0xC1,0xE8,0x09,0x4C,0x01,0xE0,0x4C,0x8B,0x40,0x08,0x49,0x8B,0x76,0x38
	.byte 0x49,0x8B,0x56,0x40,0x41,0xBB,0x40,0x00,0x00,0x00,0x4D,0x89,0x1E,0x48,0x8D,0x05
	.byte 0x04,0x00,0x00,0x00,0x41,0xFF,0xE0,0x90,0x49,0x8B,0x46,0x48,0x48,0x89,0xFE,0x48
	.byte 0xC1,0xEE,0x09,0x4C,0x01,0xE6,0x48,0x8B,0x76,0x10,0x48,0x83,0xFE,0x00,0x0F,0x85
	.byte 0x14,0x00,0x00,0x00,0x48,0x89,0xFE,0x48,0xC1,0xEE,0x09,0x4C,0x01,0xE6,0x48,0x8B
	.byte 0x76,0x08,0x49,0x83,0xC6,0x50,0xFF,0xE6,0xE9,0xC5,0xFD,0xFF,0xFF,0x90,0x48,0x83
	.byte 0xFF,0x10,0x0F,0x8D,0x62,0x00,0x00,0x00,0x49,0x89,0xC0,0x48,0xC1,0xE8,0x09,0x4C
	.byte 0x01,0xE0,0x4C,0x8B,0x48,0x08,0x48,0x89,0xFE,0x49,0x8B,0x56,0x38,0x49,0x8B,0x4E
	.byte 0x40,0x41,0xBB,0x41,0x00,0x00,0x00,0x4D,0x89,0x1E,0x48,0x8D,0x05,0x03,0x00,0x00
	.byte 0x00,0x41,0xFF,0xE1,0x49,0x8B,0x46,0x48,0x48,0x89,0xFE,0x48,0xC1,0xEE,0x09,0x4C
	.byte 0x01,0xE6,0x48,0x8B,0x76,0x10,0x48,0x83,0xFE,0x00,0x0F,0x85,0x14,0x00,0x00,0x00
	.byte 0x48,0x89,0xFE,0x48,0xC1,0xEE,0x09,0x4C,0x01,0xE6,0x48,0x8B,0x76,0x08,0x49,0x83
	.byte 0xC6,0x50,0xFF,0xE6,0xE9,0x59,0xFD,0xFF,0xFF,0x90,0x49,0x89,0xC1,0x48,0xC1,0xE8
	.byte 0x09,0x4C,0x01,0xE0,0x48,0x8B,0x58,0x08,0x48,0x89,0xFE,0x48,0x89,0xFA,0x49,0x8B
	.byte 0x4E,0x38,0x4D,0x8B,0x46,0x40,0x41,0xBB,0x42,0x00,0x00,0x00,0x4D,0x89,0x1E,0x48
	.byte 0x8D,0x05,0x02,0x00,0x00,0x00,0xFF,0xE3,0x49,0x8B,0x46,0x48,0x48,0x89,0xFE,0x48
	.byte 0xC1,0xEE,0x09,0x4C,0x01,0xE6,0x48,0x8B,0x76,0x10,0x48,0x83,0xFE,0x00,0x0F,0x85
	.byte 0x14,0x00,0x00,0x00,0x48,0x89,0xFE,0x48,0xC1,0xEE,0x09,0x4C,0x01,0xE6,0x48,0x8B
	.byte 0x76,0x08,0x49,0x83,0xC6,0x50,0xFF,0xE6,0xE9,0xF5,0xFC,0xFF,0xFF,0x90,0x48,0x83
	.byte 0xFF,0x1C,0x0F,0x8D,0xEE,0x00,0x00,0x00,0x48,0x83,0xFF,0x18,0x0F,0x8D,0x68,0x00
	.byte 0x00,0x00,0x48,0x89,0xC3,0x48,0xC1,0xE8,0x09,0x4C,0x01,0xE0,0x4C,0x8B,0x78,0x08
	.byte 0x48,0x89,0xFE,0x48,0x89,0xFA,0x48,0x89,0xF9,0x4D,0x8B,0x46,0x38,0x4D,0x8B,0x4E
	.byte 0x40,0x41,0xBB,0x43,0x00,0x00,0x00,0x4D,0x89,0x1E,0x48,0x8D,0x05,0x03,0x00,0x00
	.byte 0x00,0x41,0xFF,0xE7,0x49,0x8B,0x46,0x48,0x48,0x89,0xFE,0x48,0xC1,0xEE,0x09,0x4C
	.byte 0x01,0xE6,0x48,0x8B,0x76,0x10,0x48,0x83,0xFE,0x00,0x0F,0x85,0x14,0x00,0x00,0x00
	.byte 0x48,0x89,0xFE,0x48,0xC1,0xEE,0x09,0x4C,0x01,0xE6,0x48,0x8B,0x76,0x08,0x49,0x83
	.byte 0xC6,0x50,0xFF,0xE6,0xE9,0x79,0xFC,0xFF,0xFF,0x90,0x49,0x89,0xC7,0x48,0xC1,0xE8
	.byte 0x09,0x4C,0x01,0xE0,0x48,0x8B,0x40,0x08,0x48,0x89,0xFE,0x48,0x89,0xFA,0x48,0x89
	.byte 0xF9,0x49,0x89,0xF8,0x4D,0x8B,0x4E,0x38,0x49,0x8B,0x5E,0x40,0x4D,0x8B,0x5E,0x48
	.byte 0x4D,0x89,0x5E,0x40,0x49,0x89,0x46,0x48,0x4D,0x8B,0x56,0x48,0x41,0xBB,0x44,0x00
	.byte 0x00,0x00,0x4D,0x89,0x1E,0x48,0x8D,0x05,0x04,0x00,0x00,0x00,0x41,0xFF,0xE2,0x90
	.byte 0x49,0x8B,0x46,0x40,0x48,0x89,0xFE,0x48,0xC1,0xEE,0x09,0x4C,0x01,0xE6,0x48,0x8B
	.byte 0x76,0x10,0x48,0x83,0xFE,0x00,0x0F,0x85,0x14,0x00,0x00,0x00,0x48,0x89,0xFE,0x48
	.byte 0xC1,0xEE,0x09,0x4C,0x01,0xE6,0x48,0x8B,0x76,0x08,0x49,0x83,0xC6,0x50,0xFF,0xE6
	.byte 0xE9,0xFD,0xFB,0xFF,0xFF,0x90,0x48,0x83,0xFF,0x20,0x0F,0x8D,0x96,0x00,0x00,0x00
	.byte 0x48,0x89,0xC6,0x48,0xC1,0xE8,0x09,0x4C,0x01,0xE0,0x48,0x8B,0x40,0x08,0x49,0x8B
	.byte 0x5E,0x38,0x4D,0x8B,0x5E,0x48,0x4D,0x89,0x5E,0x38,0x49,0x89,0x76,0x48,0x48,0x89
	.byte 0xFE,0x48,0x89,0xFA,0x48,0x89,0xF9,0x49,0x89,0xF8,0x49,0x89,0xF9,0x4D,0x8B,0x7E
	.byte 0x40,0x49,0x89,0x46,0x40,0x4D,0x8B,0x56,0x40,0x41,0xBB,0x45,0x00,0x00,0x00,0x4D
	.byte 0x89,0x1E,0x49,0x83,0xEE,0x08,0x4D,0x39,0xEE,0x0F,0x82,0x8D,0xBD,0xFF,0xFF,0x4D
	.byte 0x8B,0x5E,0x50,0x4D,0x89,0x1E,0x48,0x8D,0x05,0x03,0x00,0x00,0x00,0x41,0xFF,0xE2
	.byte 0x49,0x8B,0x46,0x38,0x48,0x89,0xFE,0x48,0xC1,0xEE,0x09,0x4C,0x01,0xE6,0x48,0x8B
	.byte 0x76,0x10,0x48,0x83,0xFE,0x00,0x0F,0x85,0x14,0x00,0x00,0x00,0x48,0x89,0xFE,0x48
	.byte 0xC1,0xEE,0x09,0x4C,0x01,0xE6,0x48,0x8B,0x76,0x08,0x49,0x83,0xC6,0x50,0xFF,0xE6
	.byte 0xE9,0x5D,0xFB,0xFF,0xFF,0x90,0x48,0x83,0xFF,0x24,0x0F,0x8D,0xA6,0x00,0x00,0x00
	.byte 0x48,0x89,0xC6,0x48,0xC1,0xE8,0x09,0x4C,0x01,0xE0,0x48,0x8B,0x40,0x08,0x4D,0x8B
	.byte 0x5E,0x48,0x4D,0x89,0x5E,0x30,0x4D,0x8B,0x5E,0x40,0x4D,0x89,0x5E,0x48,0x49,0x89
	.byte 0x76,0x40,0x48,0x89,0xFE,0x48,0x89,0xFA,0x48,0x89,0xF9,0x49,0x89,0xF8,0x49,0x89
	.byte 0xF9,0x48,0x89,0xFB,0x4D,0x8B,0x7E,0x38,0x49,0x89,0x46,0x38,0x4D,0x8B,0x56,0x38
	.byte 0x41,0xBB,0x46,0x00,0x00,0x00,0x4D,0x89,0x1E,0x49,0x83,0xEE,0x10,0x4D,0x39,0xEE
	.byte 0x0F,0x82,0xE6,0xBC,0xFF,0xFF,0x4D,0x8B,0x5E,0x58,0x4D,0x89,0x5E,0x08,0x4D,0x8B
	.byte 0x5E,0x50,0x4D,0x89,0x1E,0x48,0x8D,0x05,0x04,0x00,0x00,0x00,0x41,0xFF,0xE2,0x90
	.byte 0x49,0x8B,0x46,0x30,0x48,0x89,0xFE,0x48,0xC1,0xEE,0x09,0x4C,0x01,0xE6,0x48,0x8B
	.byte 0x76,0x10,0x48,0x83,0xFE,0x00,0x0F,0x85,0x14,0x00,0x00,0x00,0x48,0x89,0xFE,0x48
	.byte 0xC1,0xEE,0x09,0x4C,0x01,0xE6,0x48,0x8B,0x76,0x08,0x49,0x83,0xC6,0x50,0xFF,0xE6
	.byte 0xE9,0xAD,0xFA,0xFF,0xFF,0x90,0x48,0x89,0xC6,0x48,0xC1,0xE8,0x09,0x4C,0x01,0xE0
	.byte 0x48,0x8B,0x40,0x08,0x4D,0x8B,0x5E,0x48,0x4D,0x89,0x5E,0x28,0x4D,0x8B,0x5E,0x38
	.byte 0x4D,0x89,0x5E,0x48,0x49,0x89,0x76,0x38,0x48,0x89,0xFE,0x48,0x89,0xFA,0x48,0x89
	.byte 0xF9,0x49,0x89,0xF8,0x49,0x89,0xF9,0x48,0x89,0xFB,0x49,0x89,0xFF,0x49,0x89,0x46
	.byte 0x30,0x4D,0x8B,0x56,0x30,0x41,0xBB,0x47,0x00,0x00,0x00,0x4D,0x89,0x1E,0x49,0x83
	.byte 0xEE,0x18,0x4D,0x39,0xEE,0x0F,0x82,0x41,0xBC,0xFF,0xFF,0x4D,0x8B,0x5E,0x60,0x4D
	.byte 0x89,0x5E,0x10,0x4D,0x8B,0x5E,0x58,0x4D,0x89,0x5E,0x08,0x4D,0x8B,0x5E,0x50,0x4D
	.byte 0x89,0x1E,0x48,0x8D,0x05,0x03,0x00,0x00,0x00,0x41,0xFF,0xE2,0x49,0x8B,0x46,0x28
	.byte 0x48,0x89,0xFE,0x48,0xC1,0xEE,0x09,0x4C,0x01,0xE6,0x48,0x8B,0x76,0x10,0x48,0x83
	.byte 0xFE,0x00,0x0F,0x85,0x14,0x00,0x00,0x00,0x48,0x89,0xFE,0x48,0xC1,0xEE,0x09,0x4C
	.byte 0x01,0xE6,0x48,0x8B,0x76,0x08,0x49,0x83,0xC6,0x50,0xFF,0xE6,0xE9,0x01,0xFA,0xFF
	.byte 0xFF,0x90,0x48,0xF7,0xC6,0x01,0x00,0x00,0x00,0x0F,0x84,0x1F,0x00,0x00,0x00,0x48
	.byte 0x89,0xF0,0x48,0xC1,0xEE,0x09,0x4C,0x01,0xE6,0x48,0x8B,0x36,0x48,0xBF,0xFE,0xFF
	.byte 0xFF,0xFF,0x00,0x00,0x00,0x00,0x48,0x21,0xFE,0xE9,0x04,0x00,0x00,0x00,0x48,0x89
	.byte 0xF0,0x90,0x48,0x81,0xFE,0xE2,0x01,0x00,0x00,0x0F,0x85,0x21,0x02,0x00,0x00,0x49
	.byte 0x89,0x46,0x30,0x48,0xC1,0xE8,0x09,0x4C,0x01,0xE0,0x48,0x8B,0x48,0x10,0xBA,0x08
	.byte 0x00,0x00,0x00,0x48,0xBF,0xFC,0xFF,0xFF,0xFF,0xFF,0xFF,0xFF,0xFF,0x48,0x01,0xCF
	.byte 0xB8,0x00,0x00,0x00,0x00,0x40,0x0F,0x90,0xC0,0x48,0x89,0xCE,0x48,0x09,0xC6,0x48
	.byte 0x83,0xCE,0xFC,0x48,0xF7,0xC6,0x01,0x00,0x00,0x00,0x0F,0x84,0x58,0x00,0x00,0x00
	.byte 0x48,0xBF,0xFC,0xFF,0xFF,0xFF,0xFF,0xFF,0xFF,0xFF,0x48,0x89,0xCE,0x4D,0x8B,0x5E
	.byte 0x38,0x4D,0x89,0x5E,0x28,0x4D,0x8B,0x5E,0x40,0x4D,0x89,0x5E,0x38,0x49,0x89,0x4E
	.byte 0x40,0x49,0x89,0x7E,0x18,0x49,0x89,0x56,0x20,0x41,0xBB,0x48,0x00,0x00,0x00,0x4D
	.byte 0x89,0x1E,0x48,0x8D,0x05,0x05,0x00,0x00,0x00,0xE9,0xD4,0xC7,0xFF,0xFF,0x49,0x8B
	.byte 0x4E,0x40,0x4D,0x8B,0x5E,0x30,0x4D,0x89,0x5E,0x40,0x4D,0x8B,0x5E,0x20,0x4D,0x89
	.byte 0x5E,0x30,0xE9,0x1D,0x00,0x00,0x00,0x90,0x4D,0x8B,0x5E,0x38,0x4D,0x89,0x5E,0x28
	.byte 0x4D,0x8B,0x5E,0x40,0x4D,0x89,0x5E,0x38,0x4D,0x8B,0x5E,0x30,0x4D,0x89,0x5E,0x40
	.byte 0x49,0x89,0x56,0x30,0x49,0x89,0xF8,0x48,0xD1,0xEF,0x48,0x89,0xF8,0x48,0x89,0xCE
	.byte 0x48,0xF7,0xE6,0x48,0x89,0xCE,0x4C,0x09,0xC1,0x48,0x83,0xE1,0x01,0x48,0x09,0xD1
	.byte 0x48,0x89,0xC7,0x48,0xD1,0xEF,0x48,0x83,0xF9,0x00,0x0F,0x84,0x2A,0x00,0x00,0x00
	.byte 0x4C,0x89,0xC7,0x49,0x89,0x76,0x18,0x4D,0x89,0x46,0x20,0x41,0xBB,0x49,0x00,0x00
	.byte 0x00,0x4D,0x89,0x1E,0x48,0x8D,0x05,0x05,0x00,0x00,0x00,0xE9,0x64,0xC7,0xFF,0xFF
	.byte 0x49,0x8B,0x4E,0x30,0xE9,0x05,0x00,0x00,0x00,0x90,0x49,0x8B,0x4E,0x30,0x48,0x89
	.byte 0xF8,0x48,0x83,0xCF,0x08,0x48,0x89,0xFE,0x48,0xC1,0xEE,0x3F,0x48,0x09,0xFE,0x48
	.byte 0xF7,0xC6,0x01,0x00,0x00,0x00,0x0F,0x84,0x30,0x00,0x00,0x00,0xBE,0x08,0x00,0x00
	.byte 0x00,0x48,0x89,0xC7,0x49,0x89,0x46,0x30,0x49,0x89,0x76,0x20,0x41,0xBB,0x4A,0x00
	.byte 0x00,0x00,0x4D,0x89,0x1E,0x48,0x8D,0x05,0x06,0x00,0x00,0x00,0xE9,0x1D,0xC7,0xFF
	.byte 0xFF,0x90,0x49,0x89,0x7E,0x30,0xE9,0x0F,0x00,0x00,0x00,0x90,0x31,0xD2,0x48,0xF7
	.byte 0xF1,0x48,0xC1,0xE0,0x02,0x49,0x89,0x46,0x30,0x90,0x49,0x8B,0x45,0xD8,0x49,0x8B
	.byte 0x7D,0xF8,0x48,0x29,0xF8,0x48,0x83,0xF8,0x28,0x0F,0x82,0x19,0x00,0x00,0x00,0x49
	.byte 0x8B,0x76,0x48,0x49,0x8B,0x4E,0x40,0x4D,0x8B,0x46,0x38,0x49,0x8B,0x46,0x30,0x49
	.byte 0x8B,0x56,0x28,0xE9,0x2E,0x00,0x00,0x00,0xBF,0x28,0x00,0x00,0x00,0x41,0xBB,0x4B
	.byte 0x00,0x00,0x00,0x4D,0x89,0x1E,0x48,0x8D,0x05,0x05,0x00,0x00,0x00,0xE9,0x06,0xBA
	.byte 0xFF,0xFF,0x49,0x8B,0x76,0x48,0x49,0x8B,0x4E,0x40,0x4D,0x8B,0x46,0x38,0x49,0x8B
	.byte 0x46,0x30,0x49,0x8B,0x56,0x28,0x49,0x8B,0x7D,0xB8,0x48,0x8B,0x7F,0x10,0x48,0xD1
	.byte 0xE0,0x4C,0x01,0xE0,0x48,0xC1,0xEF,0x09,0x48,0x01,0xF8,0x48,0x8B,0x78,0x08,0x49
	.byte 0x8B,0x45,0xF8,0x49,0xB9,0xF3,0x01,0x00,0x00,0x04,0x00,0x00,0x00,0x4C,0x89,0x08
	.byte 0x48,0x89,0x78,0x08,0x48,0x89,0x50,0x10,0x48,0x89,0x48,0x18,0x4C,0x89,0x40,0x20
	.byte 0x48,0x89,0xC7,0x4C,0x29,0xE7,0x48,0xC1,0xE7,0x09,0x48,0x81,0xCF,0xE9,0x01,0x00
	.byte 0x00,0x48,0x83,0xC0,0x28,0x49,0x89,0x45,0xF8,0x49,0x83,0xC6,0x50,0xFF,0xE6,0x90
	.byte 0x48,0xA9,0x01,0x00,0x00,0x00,0x0F,0x84,0x1C,0x00,0x00,0x00,0x49,0x89,0x46,0x30
	.byte 0x48,0xC1,0xE8,0x09,0x4C,0x01,0xE0,0x48,0x8B,0x30,0x48,0xC1,0xEE,0x20,0x48,0xC1
	.byte 0xE6,0x02,0xE9,0x07,0x00,0x00,0x00,0x90,0x31,0xF6,0x49,0x89,0x46,0x30,0x48,0xBF
	.byte 0xF4,0xFF,0xFF,0xFF,0xFF,0xFF,0xFF,0xFF,0x48,0x01,0xF7,0xB8,0x00,0x00,0x00,0x00
	.byte 0x40,0x0F,0x90,0xC0,0x48,0x89,0xF2,0x48,0x09,0xC2,0x48,0x83,0xCA,0xF4,0x48,0xF7
	.byte 0xC2,0x01,0x00,0x00,0x00,0x0F,0x84,0x39,0x00,0x00,0x00,0x48,0xBF,0xF4,0xFF,0xFF
	.byte 0xFF,0xFF,0xFF,0xFF,0xFF,0x49,0x89,0x7E,0x20,0x49,0x89,0x76,0x28,0x41,0xBB,0x4C
	.byte 0x00,0x00,0x00,0x4D,0x89,0x1E,0x48,0x8D,0x05,0x05,0x00,0x00,0x00,0xE9,0xB0,0xC5
	.byte 0xFF,0xFF,0x49,0x8B,0x46,0x30,0x49,0x8B,0x76,0x38,0x49,0x89,0x7E,0x30,0xE9,0x0D
	.byte 0x00,0x00,0x00,0x90,0x49,0x8B,0x46,0x30,0x49,0x89,0x7E,0x30,0x49,0x8B,0x76,0x38
	.byte 0x49,0x89,0x46,0x38,0x48,0xC1,0xE8,0x09,0x4C,0x01,0xE0,0x48,0x8B,0x50,0x18,0xB9
	.byte 0x04,0x00,0x00,0x00,0x48,0x01,0xF1,0xB8,0x00,0x00,0x00,0x00,0x40,0x0F,0x90,0xC0
	.byte 0x49,0x89,0x76,0x28,0x48,0x09,0xC6,0x48,0x83,0xCE,0x04,0x48,0xF7,0xC6,0x01,0x00
	.byte 0x00,0x00,0x0F,0x84,0x42,0x00,0x00,0x00,0xBF,0x04,0x00,0x00,0x00,0x49,0x8B,0x76
	.byte 0x28,0x49,0x89,0x56,0x08,0x4D,0x8B,0x56,0x40,0x4D,0x8B,0x5E,0x30,0x4D,0x89,0x5E
	.byte 0x40,0x4D,0x89,0x56,0x30,0x49,0x89,0x7E,0x20,0x41,0xBB,0x4D,0x00,0x00,0x00,0x4D
	.byte 0x89,0x1E,0x48,0x8D,0x05,0x05,0x00,0x00,0x00,0xE9,0x24,0xC5,0xFF,0xFF,0x48,0x89
	.byte 0xF9,0x49,0x8B,0x76,0x40,0xE9,0x10,0x00,0x00,0x00,0x49,0x89,0x56,0x08,0x49,0x8B
	.byte 0x76,0x30,0x4D,0x8B,0x5E,0x40,0x4D,0x89,0x5E,0x30,0x48,0x89,0xCF,0x48,0x01,0xF1
	.byte 0xB8,0x00,0x00,0x00,0x00,0x40,0x0F,0x90,0xC0,0x49,0x89,0x76,0x20,0x48,0x09,0xFE
	.byte 0x48,0x09,0xC6,0x48,0xF7,0xC6,0x01,0x00,0x00,0x00,0x0F,0x84,0x22,0x00,0x00,0x00
	.byte 0x49,0x8B,0x76,0x20,0x49,0x89,0x7E,0x40,0x41,0xBB,0x4E,0x00,0x00,0x00,0x4D,0x89
	.byte 0x1E,0x48,0x8D,0x05,0x06,0x00,0x00,0x00,0xE9,0xC5,0xC4,0xFF,0xFF,0x90,0x48,0x89
	.byte 0xF9,0x90,0xBA,0x08,0x00,0x00,0x00,0x48,0xBF,0xFC,0xFF,0xFF,0xFF,0xFF,0xFF,0xFF
	.byte 0xFF,0x48,0x01,0xCF,0xB8,0x00,0x00,0x00,0x00,0x40,0x0F,0x90,0xC0,0x48,0x89,0xCE
	.byte 0x48,0x09,0xC6,0x48,0x83,0xCE,0xFC,0x48,0xF7,0xC6,0x01,0x00,0x00,0x00,0x0F,0x84
	.byte 0x48,0x00,0x00,0x00,0x48,0xBF,0xFC,0xFF,0xFF,0xFF,0xFF,0xFF,0xFF,0xFF,0x48,0x89
	.byte 0xCE,0x49,0x89,0x56,0x40,0x49,0x89,0x7E,0x10,0x4D,0x8B,0x5E,0x20,0x4D,0x89,0x5E
	.byte 0x18,0x49,0x89,0x4E,0x20,0x41,0xBB,0x4F,0x00,0x00,0x00,0x4D,0x89,0x1E,0x48,0x8D
	.byte 0x05,0x05,0x00,0x00,0x00,0xE9,0x58,0xC4,0xFF,0xFF,0x49,0x8B,0x4E,0x20,0x4D,0x8B
	.byte 0x5E,0x18,0x4D,0x89,0x5E,0x20,0xE9,0x05,0x00,0x00,0x00,0x90,0x49,0x89,0x56,0x40
	.byte 0x48,0x89,0xF8,0x48,0xD1,0xE8,0x48,0x89,0xCE,0x48,0xF7,0xE6,0x48,0x89,0xCE,0x48
	.byte 0x09,0xF9,0x48,0x83,0xE1,0x01,0x48,0x09,0xD1,0x48,0xD1,0xE8,0x48,0x83,0xF9,0x00
	.byte 0x0F,0x84,0x3A,0x00,0x00,0x00,0x49,0x89,0x7E,0x10,0x49,0x89,0x76,0x18,0x41,0xBB
	.byte 0x50,0x00,0x00,0x00,0x4D,0x89,0x1E,0x48,0x8D,0x05,0x06,0x00,0x00,0x00,0xE9,0x11
	.byte 0xC4,0xFF,0xFF,0x90,0x48,0x89,0xF8,0x49,0x8B,0x4E,0x40,0x4D,0x8B,0x5E,0x38,0x4D
	.byte 0x89,0x5E,0x40,0x4D,0x8B,0x5E,0x20,0x4D,0x89,0x5E,0x38,0xE9,0x14,0x00,0x00,0x00
	.byte 0x49,0x8B,0x4E,0x40,0x4D,0x8B,0x5E,0x38,0x4D,0x89,0x5E,0x40,0x4D,0x8B,0x5E,0x20
	.byte 0x4D,0x89,0x5E,0x38,0x48,0x89,0xC6,0x48,0x83,0xCE,0x08,0x48,0x89,0xF7,0x48,0xC1
	.byte 0xEF,0x3F,0x48,0x09,0xF7,0x48,0xF7,0xC7,0x01,0x00,0x00,0x00,0x0F,0x84,0x32,0x00
	.byte 0x00,0x00,0xBE,0x08,0x00,0x00,0x00,0x48,0x89,0xC7,0x49,0x89,0x76,0x20,0x49,0x89
	.byte 0x46,0x18,0x41,0xBB,0x51,0x00,0x00,0x00,0x4D,0x89,0x1E,0x48,0x8D,0x05,0x06,0x00
	.byte 0x00,0x00,0xE9,0xA7,0xC3,0xFF,0xFF,0x90,0x48,0x89,0xFA,0x49,0x8B,0x76,0x38,0xE9
	.byte 0x10,0x00,0x00,0x00,0x31,0xD2,0x48,0xF7,0xF1,0x48,0x89,0xC2,0x48,0xC1,0xE2,0x02
	.byte 0x49,0x8B,0x76,0x38,0x48,0x89,0xD7,0x48,0x01,0xF7,0xB8,0x00,0x00,0x00,0x00,0x40
	.byte 0x0F,0x90,0xC0,0x48,0x89,0xF1,0x48,0x09,0xD1,0x48,0x09,0xC1,0x48,0xF7,0xC1,0x01
	.byte 0x00,0x00,0x00,0x0F,0x84,0x25,0x00,0x00,0x00,0x48,0x89,0xD7,0x49,0x89,0x56,0x20
	.byte 0x49,0x89,0x76,0x38,0x41,0xBB,0x52,0x00,0x00,0x00,0x4D,0x89,0x1E,0x48,0x8D,0x05
	.byte 0x06,0x00,0x00,0x00,0xE9,0x29,0xC3,0xFF,0xFF,0x90,0x49,0x8B,0x76,0x38,0x49,0x8B
	.byte 0x45,0xB8,0x48,0x8B,0x40,0x10,0x48,0xD1,0xE7,0x4C,0x01,0xE7,0x48,0xC1,0xE8,0x09
	.byte 0x48,0x01,0xC7,0x48,0x8B,0x57,0x08,0xBF,0x10,0x00,0x00,0x00,0x48,0x01,0xF7,0xB8
	.byte 0x00,0x00,0x00,0x00,0x40,0x0F,0x90,0xC0,0x49,0x89,0x76,0x10,0x48,0x09,0xC6,0x48
	.byte 0x83,0xCE,0x10,0x48,0xF7,0xC6,0x01,0x00,0x00,0x00,0x0F,0x84,0x2C,0x00,0x00,0x00
	.byte 0xBF,0x10,0x00,0x00,0x00,0x49,0x8B,0x76,0x10,0x49,0x89,0x7E,0x38,0x49,0x89,0x56
	.byte 0x18,0x41,0xBB,0x53,0x00,0x00,0x00,0x4D,0x89,0x1E,0x48,0x8D,0x05,0x05,0x00,0x00
	.byte 0x00,0xE9,0xBC,0xC2,0xFF,0xFF,0xE9,0x05,0x00,0x00,0x00,0x90,0x49,0x89,0x56,0x18
	.byte 0xB8,0x0C,0x00,0x00,0x00,0x48,0xF7,0xC7,0x01,0x00,0x00,0x00,0x0F,0x84,0x60,0x00
	.byte 0x00,0x00,0x48,0xBF,0xFF,0xFF,0xFF,0xFF,0xFF,0xFF,0xFF,0xFF,0x41,0xBB,0x54,0x00
	.byte 0x00,0x00,0x4D,0x89,0x1E,0x48,0x8D,0x05,0x06,0x00,0x00,0x00,0xE9,0xE7,0xB5,0xFF
	.byte 0xFF,0x90,0x45,0x31,0xDB,0x4D,0x89,0x5E,0x10,0x4D,0x8B,0x5E,0x10,0x4D,0x89,0x5E
	.byte 0x08,0x4D,0x8B,0x5E,0x10,0x4D,0x89,0x5E,0x40,0x4D,0x8B,0x5E,0x10,0x4D,0x89,0x5E
	.byte 0x38,0x4D,0x8B,0x5E,0x10,0x4D,0x89,0x5E,0x30,0x4D,0x8B,0x5E,0x10,0x4D,0x89,0x5E
	.byte 0x28,0x49,0x8B,0x7E,0x10,0x4D,0x8B,0x5E,0x10,0x4D,0x89,0x5E,0x18,0xE9,0x04,0x00
	.byte 0x00,0x00,0x49,0x89,0x46,0x38,0x49,0x89,0x7E,0x20,0x48,0xC1,0xEF,0x02,0x49,0xBA
	.byte 0x00,0x00,0x00,0x00,0x01,0x00,0x00,0x00,0x4C,0x39,0xD7,0x0F,0x82,0x0F,0x00,0x00
	.byte 0x00,0x48,0xBF,0xFF,0xFF,0xFF,0xFF,0xFF,0xFF,0xFF,0xFF,0xE9,0x08,0x00,0x00,0x00
	.byte 0x48,0x83,0xC7,0x01,0x48,0xC1,0xE7,0x03,0x49,0x8B,0x45,0xD8,0x49,0x8B,0x75,0xF8
	.byte 0x48,0x29,0xF0,0x48,0x39,0xF8,0x0F,0x82,0x22,0x00,0x00,0x00,0x4D,0x8B,0x4E,0x40
	.byte 0x49,0x8B,0x5E,0x38,0x49,0x8B,0x56,0x30,0x49,0x8B,0x4E,0x28,0x49,0x8B,0x7E,0x20
	.byte 0x4D,0x8B,0x46,0x18,0x4D,0x8B,0x7E,0x10,0xE9,0x33,0x00,0x00,0x00,0x90,0x41,0xBB
	.byte 0x55,0x00,0x00,0x00,0x4D,0x89,0x1E,0x48,0x8D,0x05,0x06,0x00,0x00,0x00,0xE9,0x25
	.byte 0xB5,0xFF,0xFF,0x90,0x4D,0x8B,0x4E,0x40,0x49,0x8B,0x5E,0x38,0x49,0x8B,0x56,0x30
	.byte 0x49,0x8B,0x4E,0x28,0x49,0x8B,0x7E,0x20,0x4D,0x8B,0x46,0x18,0x4D,0x8B,0x7E,0x10
	.byte 0x49,0x8B,0x75,0xF8,0x48,0x89,0xF8,0x48,0xC1,0xE0,0x1E,0x48,0x0D,0xF3,0x01,0x00
	.byte 0x00,0x49,0x89,0x7E,0x38,0x48,0xC1,0xEF,0x02,0x48,0x89,0x06,0x4C,0x89,0x46,0x08
	.byte 0x48,0x89,0x4E,0x10,0x4D,0x8B,0x56,0x08,0x4C,0x89,0x56,0x18,0x48,0x89,0x56,0x20
	.byte 0x48,0x89,0xF0,0x4C,0x29,0xE0,0x48,0xC1,0xE0,0x09,0x48,0x83,0xC8,0x01,0x48,0x0D
	.byte 0xE0,0x01,0x00,0x00,0x48,0x83,0xFF,0x0F,0x0F,0x82,0x12,0x00,0x00,0x00,0x48,0x83
	.byte 0xC8,0x1E,0x49,0x89,0xFA,0x48,0x89,0xC7,0x4C,0x89,0xD0,0xE9,0x0E,0x00,0x00,0x00
	.byte 0x49,0x89,0x7E,0x40,0x48,0xD1,0xE7,0x48,0x09,0xC7,0x49,0x8B,0x46,0x40,0x48,0xC1
	.byte 0xE0,0x03,0x48,0x01,0xF0,0x48,0x83,0xC0,0x08,0x49,0x89,0x45,0xF8,0x48,0x83,0xC6
	.byte 0x28,0x48,0x89,0xD8,0x49,0x89,0x5E,0x20,0x48,0xD1,0xE0,0x4C,0x01,0xE0,0x4D,0x89
	.byte 0x4E,0x40,0x49,0xC1,0xE9,0x09,0x4C,0x01,0xC8,0x48,0x83,0xC0,0x08,0x4D,0x85,0xFF
	.byte 0x0F,0x84,0x3C,0x00,0x00,0x00,0x49,0x89,0x4E,0x10,0x48,0x89,0xF9,0x4C,0x89,0xFF
	.byte 0x49,0x89,0x56,0x30,0x48,0x89,0xF2,0x48,0x89,0xC6,0x4D,0x89,0x46,0x18,0x4D,0x89
	.byte 0x7E,0x28,0x41,0xBB,0x56,0x00,0x00,0x00,0x4D,0x89,0x1E,0x48,0x8D,0x05,0x06,0x00
	.byte 0x00,0x00,0xE9,0xE5,0xC6,0xFF,0xFF,0x90,0x49,0x8B,0x46,0x48,0xE9,0x05,0x00,0x00
	.byte 0x00,0x90,0x49,0x8B,0x46,0x48,0x49,0x83,0xC6,0x50,0xFF,0xE0,0x49,0x83,0xEE,0x60
	.byte 0x4D,0x39,0xEE,0x0F,0x82,0x03,0xB4,0xFF,0xFF,0x90,0x49,0x89,0xC1,0x48,0x89,0xD0
	.byte 0x49,0x89,0xF8,0x48,0xC1,0xE8,0x09,0x4C,0x01,0xE0,0x48,0x8B,0x58,0x10,0x48,0xBF
	.byte 0xF8,0xFF,0xFF,0xFF,0xFF,0xFF,0xFF,0xFF,0x48,0x01,0xDF,0xB8,0x00,0x00,0x00,0x00
	.byte 0x40,0x0F,0x90,0xC0,0x48,0x89,0xD9,0x48,0x09,0xC3,0x48,0x83,0xCB,0xF8,0x48,0xF7
	.byte 0xC3,0x01,0x00,0x00,0x00,0x0F,0x84,0x41,0x00,0x00,0x00,0x48,0xBF,0xF8,0xFF,0xFF
	.byte 0xFF,0xFF,0xFF,0xFF,0xFF,0x49,0x89,0x76,0x50,0x48,0x89,0xCE,0x4D,0x89,0x4E,0x58
	.byte 0x49,0x89,0x4E,0x30,0x4D,0x89,0x46,0x48,0x49,0x89,0x7E,0x38,0x49,0x89,0x56,0x40
	.byte 0x41,0xBB,0x57,0x00,0x00,0x00,0x4D,0x89,0x1E,0x48,0x8D,0x05,0x06,0x00,0x00,0x00
	.byte 0xE9,0x2D,0xC0,0xFF,0xFF,0x90,0xE9,0x11,0x00,0x00,0x00,0x90,0x4D,0x89,0x4E,0x58
	.byte 0x49,0x89,0x76,0x50,0x4D,0x89,0x46,0x48,0x49,0x89,0x56,0x40,0x31,0xD2,0x31,0xC0
	.byte 0x48,0xF7,0xC7,0x01,0x00,0x00,0x00,0x0F,0x84,0x35,0x00,0x00,0x00,0x31,0xF6,0x4D
	.byte 0x8B,0x5E,0x40,0x4D,0x89,0x5E,0x38,0x49,0x89,0x7E,0x40,0x49,0x89,0x56,0x30,0x41
	.byte 0xBB,0x58,0x00,0x00,0x00,0x4D,0x89,0x1E,0x48,0x8D,0x05,0x05,0x00,0x00,0x00,0xE9
	.byte 0x56,0xC0,0xFF,0xFF,0x49,0x8B,0x76,0x38,0xB8,0x01,0x00,0x00,0x00,0xE9,0x08,0x00
	.byte 0x00,0x00,0x49,0x8B,0x76,0x40,0x49,0x89,0x7E,0x40,0x48,0x39,0xC7,0x0F,0x8D,0x5B
	.byte 0x05,0x00,0x00,0x48,0x89,0xF0,0x48,0xC1,0xEE,0x09,0x4C,0x01,0xE6,0x48,0x8B,0x7E
	.byte 0x10,0x48,0x83,0xFF,0x14,0x0F,0x8D,0x35,0x02,0x00,0x00,0x48,0x83,0xFF,0x08,0x0F
	.byte 0x8D,0xDD,0x00,0x00,0x00,0x48,0x83,0xFF,0x04,0x0F,0x8D,0x71,0x00,0x00,0x00,0x48
	.byte 0x89,0xC6,0x48,0xC1,0xE8,0x09,0x4C,0x01,0xE0,0x48,0x8B,0x50,0x08,0x49,0x8B,0x7E
	.byte 0x50,0x4D,0x8B,0x5E,0x48,0x4D,0x89,0x5E,0x50,0x41,0xBB,0x59,0x00,0x00,0x00,0x4D
	.byte 0x89,0x1E,0x48,0x8D,0x05,0x03,0x00,0x00,0x00,0xFF,0xE2,0x90,0x49,0x8B,0x46,0x58
	.byte 0x49,0x8B,0x4E,0x50,0x48,0x89,0xFE,0x48,0xC1,0xEF,0x09,0x4C,0x01,0xE7,0x48,0x8B
	.byte 0x7F,0x10,0x48,0x83,0xFF,0x00,0x0F,0x85,0x18,0x00,0x00,0x00,0x48,0x89,0xF7,0x48
	.byte 0xC1,0xEF,0x09,0x4C,0x01,0xE7,0x48,0x8B,0x57,0x08,0x48,0x89,0xCF,0x49,0x83,0xC6
	.byte 0x60,0xFF,0xE2,0x90,0x48,0x89,0xCF,0x49,0x83,0xC6,0x10,0xE9,0x92,0xF0,0xFF,0xFF
	.byte 0x48,0x89,0xC2,0x48,0xC1,0xE8,0x09,0x4C,0x01,0xE0,0x48,0x8B,0x48,0x08,0x49,0x8B
	.byte 0x7E,0x48,0x49,0x8B,0x76,0x50,0x41,0xBB,0x5A,0x00,0x00,0x00,0x4D,0x89,0x1E,0x48
	.byte 0x8D,0x05,0x02,0x00,0x00,0x00,0xFF,0xE1,0x49,0x8B,0x46,0x58,0x48,0x89,0xFE,0x48
	.byte 0xC1,0xEE,0x09,0x4C,0x01,0xE6,0x48,0x8B,0x76,0x10,0x48,0x83,0xFE,0x00,0x0F,0x85
	.byte 0x14,0x00,0x00,0x00,0x48,0x89,0xFE,0x48,0xC1,0xEE,0x09,0x4C,0x01,0xE6,0x48,0x8B
	.byte 0x76,0x08,0x49,0x83,0xC6,0x60,0xFF,0xE6,0x49,0x83,0xC6,0x10,0xE9,0x31,0xF0,0xFF
	.byte 0xFF,0x90,0x48,0x83,0xFF,0x0C,0x0F,0x8D,0x68,0x00,0x00,0x00,0x48,0x89,0xC1,0x48
	.byte 0xC1,0xE8,0x09,0x4C,0x01,0xE0,0x4C,0x8B,0x40,0x08,0x49,0x8B,0x7E,0x40,0x49,0x8B
	.byte 0x76,0x48,0x49,0x8B,0x56,0x50,0x41,0xBB,0x5B,0x00,0x00,0x00,0x4D,0x89,0x1E,0x48
	.byte 0x8D,0x05,0x04,0x00,0x00,0x00,0x41,0xFF,0xE0,0x90,0x49,0x8B,0x46,0x58,0x48,0x89
	.byte 0xFE,0x48,0xC1,0xEE,0x09,0x4C,0x01,0xE6,0x48,0x8B,0x76,0x10,0x48,0x83,0xFE,0x00
	.byte 0x0F,0x85,0x14,0x00,0x00,0x00,0x48,0x89,0xFE,0x48,0xC1,0xEE,0x09,0x4C,0x01,0xE6
	.byte 0x48,0x8B,0x76,0x08,0x49,0x83,0xC6,0x60,0xFF,0xE6,0x49,0x83,0xC6,0x10,0xE9,0xBF
	.byte 0xEF,0xFF,0xFF,0x90,0x48,0x83,0xFF,0x10,0x0F,0x8D,0x68,0x00,0x00,0x00,0x49,0x89
	.byte 0xC0,0x48,0xC1,0xE8,0x09,0x4C,0x01,0xE0,0x4C,0x8B,0x48,0x08,0x49,0x8B,0x76,0x40
	.byte 0x49,0x8B,0x56,0x48,0x49,0x8B,0x4E,0x50,0x41,0xBB,0x5C,0x00,0x00,0x00,0x4D,0x89
	.byte 0x1E,0x48,0x8D,0x05,0x04,0x00,0x00,0x00,0x41,0xFF,0xE1,0x90,0x49,0x8B,0x46,0x58
	.byte 0x48,0x89,0xFE,0x48,0xC1,0xEE,0x09,0x4C,0x01,0xE6,0x48,0x8B,0x76,0x10,0x48,0x83
	.byte 0xFE,0x00,0x0F,0x85,0x14,0x00,0x00,0x00,0x48,0x89,0xFE,0x48,0xC1,0xEE,0x09,0x4C
	.byte 0x01,0xE6,0x48,0x8B,0x76,0x08,0x49,0x83,0xC6,0x60,0xFF,0xE6,0x49,0x83,0xC6,0x10
	.byte 0xE9,0x4D,0xEF,0xFF,0xFF,0x90,0x49,0x89,0xC1,0x48,0xC1,0xE8,0x09,0x4C,0x01,0xE0
	.byte 0x48,0x8B,0x58,0x08,0x48,0x89,0xFE,0x49,0x8B,0x56,0x40,0x49,0x8B,0x4E,0x48,0x4D
	.byte 0x8B,0x46,0x50,0x41,0xBB,0x5D,0x00,0x00,0x00,0x4D,0x89,0x1E,0x48,0x8D,0x05,0x03
	.byte 0x00,0x00,0x00,0xFF,0xE3,0x90,0x49,0x8B,0x46,0x58,0x48,0x89,0xFE,0x48,0xC1,0xEE
	.byte 0x09,0x4C,0x01,0xE6,0x48,0x8B,0x76,0x10,0x48,0x83,0xFE,0x00,0x0F,0x85,0x14,0x00
	.byte 0x00,0x00,0x48,0x89,0xFE,0x48,0xC1,0xEE,0x09,0x4C,0x01,0xE6,0x48,0x8B,0x76,0x08
	.byte 0x49,0x83,0xC6,0x60,0xFF,0xE6,0x49,0x83,0xC6,0x10,0xE9,0xE3,0xEE,0xFF,0xFF,0x90
	.byte 0x48,0x83,0xFF,0x1C,0x0F,0x8D,0xF8,0x00,0x00,0x00,0x48,0x83,0xFF,0x18,0x0F,0x8D
	.byte 0x6E,0x00,0x00,0x00,0x48,0x89,0xC3,0x48,0xC1,0xE8,0x09,0x4C,0x01,0xE0,0x4C,0x8B
	.byte 0x78,0x08,0x48,0x89,0xFE,0x48,0x89,0xFA,0x49,0x8B,0x4E,0x40,0x4D,0x8B,0x46,0x48
	.byte 0x4D,0x8B,0x4E,0x50,0x41,0xBB,0x5E,0x00,0x00,0x00,0x4D,0x89,0x1E,0x48,0x8D,0x05
	.byte 0x04,0x00,0x00,0x00,0x41,0xFF,0xE7,0x90,0x49,0x8B,0x46,0x58,0x48,0x89,0xFE,0x48
	.byte 0xC1,0xEE,0x09,0x4C,0x01,0xE6,0x48,0x8B,0x76,0x10,0x48,0x83,0xFE,0x00,0x0F,0x85
	.byte 0x14,0x00,0x00,0x00,0x48,0x89,0xFE,0x48,0xC1,0xEE,0x09,0x4C,0x01,0xE6,0x48,0x8B
	.byte 0x76,0x08,0x49,0x83,0xC6,0x60,0xFF,0xE6,0x49,0x83,0xC6,0x10,0xE9,0x61,0xEE,0xFF
	.byte 0xFF,0x90,0x49,0x89,0xC7,0x48,0xC1,0xE8,0x09,0x4C,0x01,0xE0,0x48,0x8B,0x40,0x08
	.byte 0x48,0x89,0xFE,0x48,0x89,0xFA,0x48,0x89,0xF9,0x4D,0x8B,0x46,0x40,0x4D,0x8B,0x4E
	.byte 0x48,0x49,0x8B,0x5E,0x50,0x4D,0x8B,0x5E,0x58,0x4D,0x89,0x5E,0x50,0x49,0x89,0x46
	.byte 0x58,0x4D,0x8B,0x56,0x58,0x41,0xBB,0x5F,0x00,0x00,0x00,0x4D,0x89,0x1E,0x48,0x8D
	.byte 0x05,0x03,0x00,0x00,0x00,0x41,0xFF,0xE2,0x49,0x8B,0x46,0x50,0x48,0x89,0xFE,0x48
	.byte 0xC1,0xEE,0x09,0x4C,0x01,0xE6,0x48,0x8B,0x76,0x10,0x48,0x83,0xFE,0x00,0x0F,0x85
	.byte 0x14,0x00,0x00,0x00,0x48,0x89,0xFE,0x48,0xC1,0xEE,0x09,0x4C,0x01,0xE6,0x48,0x8B
	.byte 0x76,0x08,0x49,0x83,0xC6,0x60,0xFF,0xE6,0x49,0x83,0xC6,0x10,0xE9,0xE1,0xED,0xFF
	.byte 0xFF,0x90,0x48,0x83,0xFF,0x20,0x0F,0x8D,0x9C,0x00,0x00,0x00,0x48,0x89,0xC6,0x48
	.byte 0xC1,0xE8,0x09,0x4C,0x01,0xE0,0x48,0x8B,0x40,0x08,0x49,0x8B,0x5E,0x48,0x4D,0x8B
	.byte 0x5E,0x58,0x4D,0x89,0x5E,0x48,0x49,0x89,0x76,0x58,0x48,0x89,0xFE,0x48,0x89,0xFA
	.byte 0x48,0x89,0xF9,0x49,0x89,0xF8,0x4D,0x8B,0x4E,0x40,0x4D,0x8B,0x7E,0x50,0x49,0x89
	.byte 0x46,0x50,0x4D,0x8B,0x56,0x50,0x41,0xBB,0x60,0x00,0x00,0x00,0x4D,0x89,0x1E,0x49
	.byte 0x83,0xEE,0x08,0x4D,0x39,0xEE,0x0F,0x82,0x70,0xAF,0xFF,0xFF,0x4D,0x8B,0x5E,0x60
	.byte 0x4D,0x89,0x1E,0x48,0x8D,0x05,0x04,0x00,0x00,0x00,0x41,0xFF,0xE2,0x90,0x49,0x8B
	.byte 0x46,0x48,0x48,0x89,0xFE,0x48,0xC1,0xEE,0x09,0x4C,0x01,0xE6,0x48,0x8B,0x76,0x10
	.byte 0x48,0x83,0xFE,0x00,0x0F,0x85,0x14,0x00,0x00,0x00,0x48,0x89,0xFE,0x48,0xC1,0xEE
	.byte 0x09,0x4C,0x01,0xE6,0x48,0x8B,0x76,0x08,0x49,0x83,0xC6,0x60,0xFF,0xE6,0x49,0x83
	.byte 0xC6,0x10,0xE9,0x3B,0xED,0xFF,0xFF,0x90,0x48,0x83,0xFF,0x24,0x0F,0x8D,0xAA,0x00
	.byte 0x00,0x00,0x48,0x89,0xC6,0x48,0xC1,0xE8,0x09,0x4C,0x01,0xE0,0x48,0x8B,0x40,0x08
	.byte 0x49,0x8B,0x5E,0x40,0x4D,0x8B,0x5E,0x58,0x4D,0x89,0x5E,0x40,0x4D,0x8B,0x5E,0x50
	.byte 0x4D,0x89,0x5E,0x58,0x49,0x89,0x76,0x50,0x48,0x89,0xFE,0x48,0x89,0xFA,0x48,0x89
	.byte 0xF9,0x49,0x89,0xF8,0x49,0x89,0xF9,0x4D,0x8B,0x7E,0x48,0x49,0x89,0x46,0x48,0x4D
	.byte 0x8B,0x56,0x48,0x41,0xBB,0x61,0x00,0x00,0x00,0x4D,0x89,0x1E,0x49,0x83,0xEE,0x10
	.byte 0x4D,0x39,0xEE,0x0F,0x82,0xC3,0xAE,0xFF,0xFF,0x4D,0x8B,0x5E,0x68,0x4D,0x89,0x5E
	.byte 0x08,0x4D,0x8B,0x5E,0x60,0x4D,0x89,0x1E,0x48,0x8D,0x05,0x03,0x00,0x00,0x00,0x41
	.byte 0xFF,0xE2,0x49,0x8B,0x46,0x40,0x48,0x89,0xFE,0x48,0xC1,0xEE,0x09,0x4C,0x01,0xE6
	.byte 0x48,0x8B,0x76,0x10,0x48,0x83,0xFE,0x00,0x0F,0x85,0x14,0x00,0x00,0x00,0x48,0x89
	.byte 0xFE,0x48,0xC1,0xEE,0x09,0x4C,0x01,0xE6,0x48,0x8B,0x76,0x08,0x49,0x83,0xC6,0x60
	.byte 0xFF,0xE6,0x49,0x83,0xC6,0x10,0xE9,0x87,0xEC,0xFF,0xFF,0x90,0x48,0x89,0xC6,0x48
	.byte 0xC1,0xE8,0x09,0x4C,0x01,0xE0,0x48,0x8B,0x40,0x08,0x4D,0x8B,0x5E,0x58,0x4D,0x89
	.byte 0x5E,0x38,0x4D,0x8B,0x5E,0x48,0x4D,0x89,0x5E,0x58,0x49,0x89,0x76,0x48,0x48,0x89
	.byte 0xFE,0x48,0x89,0xFA,0x48,0x89,0xF9,0x49,0x89,0xF8,0x49,0x89,0xF9,0x48,0x89,0xFB
	.byte 0x4D,0x8B,0x7E,0x40,0x49,0x89,0x46,0x40,0x4D,0x8B,0x56,0x40,0x41,0xBB,0x62,0x00
	.byte 0x00,0x00,0x4D,0x89,0x1E,0x49,0x83,0xEE,0x18,0x4D,0x39,0xEE,0x0F,0x82,0x1A,0xAE
	.byte 0xFF,0xFF,0x4D,0x8B,0x5E,0x70,0x4D,0x89,0x5E,0x10,0x4D,0x8B,0x5E,0x68,0x4D,0x89
	.byte 0x5E,0x08,0x4D,0x8B,0x5E,0x60,0x4D,0x89,0x1E,0x48,0x8D,0x05,0x04,0x00,0x00,0x00
	.byte 0x41,0xFF,0xE2,0x90,0x49,0x8B,0x46,0x38,0x48,0x89,0xFE,0x48,0xC1,0xEE,0x09,0x4C
	.byte 0x01,0xE6,0x48,0x8B,0x76,0x10,0x48,0x83,0xFE,0x00,0x0F,0x85,0x14,0x00,0x00,0x00
	.byte 0x48,0x89,0xFE,0x48,0xC1,0xEE,0x09,0x4C,0x01,0xE6,0x48,0x8B,0x76,0x08,0x49,0x83
	.byte 0xC6,0x60,0xFF,0xE6,0x49,0x83,0xC6,0x10,0xE9,0xD5,0xEB,0xFF,0xFF,0x90,0x48,0xF7
	.byte 0xC6,0x01,0x00,0x00,0x00,0x0F,0x84,0x1F,0x00,0x00,0x00,0x48,0x89,0xF0,0x48,0xC1
	.byte 0xEE,0x09,0x4C,0x01,0xE6,0x48,0x8B,0x36,0x48,0xBF,0xFE,0xFF,0xFF,0xFF,0x00,0x00
	.byte 0x00,0x00,0x48,0x21,0xFE,0xE9,0x04,0x00,0x00,0x00,0x48,0x89,0xF0,0x90,0x48,0x81
	.byte 0xFE,0xE2,0x01,0x00,0x00,0x0F,0x85,0x81,0x02,0x00,0x00,0x49,0x89,0x46,0x30,0x48
	.byte 0xC1,0xE8,0x09,0x4C,0x01,0xE0,0x48,0x8B,0x48,0x10,0xBA,0x08,0x00,0x00,0x00,0x48
	.byte 0xBF,0xFC,0xFF,0xFF,0xFF,0xFF,0xFF,0xFF,0xFF,0x48,0x01,0xCF,0xB8,0x00,0x00,0x00
	.byte 0x00,0x40,0x0F,0x90,0xC0,0x48,0x89,0xCE,0x48,0x09,0xC6,0x48,0x83,0xCE,0xFC,0x48
	.byte 0xF7,0xC6,0x01,0x00,0x00,0x00,0x0F,0x84,0x50,0x00,0x00,0x00,0x48,0xBF,0xFC,0xFF
	.byte 0xFF,0xFF,0xFF,0xFF,0xFF,0xFF,0x48,0x89,0xCE,0x4D,0x8B,0x5E,0x48,0x4D,0x89,0x5E
	.byte 0x38,0x49,0x89,0x56,0x48,0x4D,0x8B,0x5E,0x30,0x4D,0x89,0x5E,0x28,0x49,0x89,0x4E
	.byte 0x30,0x49,0x89,0x7E,0x20,0x41,0xBB,0x63,0x00,0x00,0x00,0x4D,0x89,0x1E,0x48,0x8D
	.byte 0x05,0x05,0x00,0x00,0x00,0xE9,0xA8,0xB9,0xFF,0xFF,0x49,0x8B,0x4E,0x30,0x4D,0x8B
	.byte 0x5E,0x28,0x4D,0x89,0x5E,0x30,0xE9,0x0D,0x00,0x00,0x00,0x90,0x4D,0x8B,0x5E,0x48
	.byte 0x4D,0x89,0x5E,0x38,0x49,0x89,0x56,0x48,0x49,0x89,0xF8,0x48,0xD1,0xEF,0x48,0x89
	.byte 0xF8,0x48,0x89,0xCE,0x48,0xF7,0xE6,0x48,0x89,0xCE,0x4C,0x09,0xC1,0x48,0x83,0xE1
	.byte 0x01,0x48,0x09,0xD1,0x48,0x89,0xC7,0x48,0xD1,0xEF,0x48,0x83,0xF9,0x00,0x0F,0x84
	.byte 0x3A,0x00,0x00,0x00,0x4C,0x89,0xC7,0x4D,0x89,0x46,0x28,0x4D,0x8B,0x56,0x50,0x4D
	.byte 0x8B,0x5E,0x48,0x4D,0x89,0x5E,0x50,0x4D,0x89,0x56,0x48,0x49,0x89,0x76,0x20,0x41
	.byte 0xBB,0x64,0x00,0x00,0x00,0x4D,0x89,0x1E,0x48,0x8D,0x05,0x05,0x00,0x00,0x00,0xE9
	.byte 0x40,0xB9,0xFF,0xFF,0x49,0x8B,0x4E,0x50,0xE9,0x0D,0x00,0x00,0x00,0x90,0x49,0x8B
	.byte 0x4E,0x48,0x4D,0x8B,0x5E,0x50,0x4D,0x89,0x5E,0x48,0x48,0x89,0xF8,0x48,0x83,0xCF
	.byte 0x08,0x48,0x89,0xFE,0x48,0xC1,0xEE,0x3F,0x48,0x09,0xFE,0x48,0xF7,0xC6,0x01,0x00
	.byte 0x00,0x00,0x0F,0x84,0x2E,0x00,0x00,0x00,0xBE,0x08,0x00,0x00,0x00,0x48,0x89,0xC7
	.byte 0x49,0x89,0x76,0x50,0x49,0x89,0x46,0x28,0x41,0xBB,0x65,0x00,0x00,0x00,0x4D,0x89
	.byte 0x1E,0x48,0x8D,0x05,0x06,0x00,0x00,0x00,0xE9,0xF1,0xB8,0xFF,0xFF,0x90,0x48,0x89
	.byte 0xFE,0xE9,0x0C,0x00,0x00,0x00,0x31,0xD2,0x48,0xF7,0xF1,0x48,0x89,0xC6,0x48,0xC1
	.byte 0xE6,0x02,0xBF,0x04,0x00,0x00,0x00,0x48,0x01,0xF7,0xB8,0x00,0x00,0x00,0x00,0x40
	.byte 0x0F,0x90,0xC0,0x48,0x89,0xF2,0x48,0x09,0xC2,0x48,0x83,0xCA,0x04,0x48,0xF7,0xC2
	.byte 0x01,0x00,0x00,0x00,0x0F,0x84,0x2C,0x00,0x00,0x00,0xBF,0x04,0x00,0x00,0x00,0x49
	.byte 0x89,0x76,0x28,0x49,0x89,0x7E,0x50,0x41,0xBB,0x66,0x00,0x00,0x00,0x4D,0x89,0x1E
	.byte 0x48,0x8D,0x05,0x05,0x00,0x00,0x00,0xE9,0x76,0xB8,0xFF,0xFF,0x49,0x89,0x7E,0x50
	.byte 0xE9,0x05,0x00,0x00,0x00,0x90,0x49,0x89,0x7E,0x50,0x49,0x8B,0x45,0xD8,0x49,0x8B
	.byte 0x7D,0xF8,0x48,0x29,0xF8,0x48,0x83,0xF8,0x30,0x0F,0x82,0x1D,0x00,0x00,0x00,0x49
	.byte 0x8B,0x76,0x58,0x49,0x8B,0x46,0x50,0x49,0x8B,0x56,0x48,0x4D,0x8B,0x4E,0x40,0x49
	.byte 0x8B,0x4E,0x38,0x4D,0x8B,0x46,0x30,0xE9,0x32,0x00,0x00,0x00,0xBF,0x30,0x00,0x00
	.byte 0x00,0x41,0xBB,0x67,0x00,0x00,0x00,0x4D,0x89,0x1E,0x48,0x8D,0x05,0x05,0x00,0x00
	.byte 0x00,0xE9,0x82,0xAB,0xFF,0xFF,0x49,0x8B,0x76,0x58,0x49,0x8B,0x46,0x50,0x49,0x8B
	.byte 0x56,0x48,0x4D,0x8B,0x4E,0x40,0x49,0x8B,0x4E,0x38,0x4D,0x8B,0x46,0x30,0x49,0x8B
	.byte 0x7D,0xB8,0x48,0x8B,0x7F,0x10,0x48,0xD1,0xE0,0x4C,0x01,0xE0,0x48,0xC1,0xEF,0x09
	.byte 0x48,0x01,0xF8,0x48,0x8B,0x78,0x08,0x49,0x8B,0x45,0xF8,0x48,0xBB,0xF3,0x01,0x00
	.byte 0x00,0x05,0x00,0x00,0x00,0x48,0x89,0x18,0x48,0x89,0x78,0x08,0x4C,0x89,0x48,0x10
	.byte 0x4C,0x89,0x40,0x18,0x48,0x89,0x48,0x20,0x48,0x89,0x50,0x28,0x48,0x89,0xC7,0x4C
	.byte 0x29,0xE7,0x48,0xC1,0xE7,0x09,0x48,0x81,0xCF,0xEB,0x01,0x00,0x00,0x48,0x83,0xC0
	.byte 0x30,0x49,0x89,0x45,0xF8,0x49,0x83,0xC6,0x60,0xFF,0xE6,0x90,0x48,0xA9,0x01,0x00
	.byte 0x00,0x00,0x0F,0x84,0x1C,0x00,0x00,0x00,0x49,0x89,0x46,0x38,0x48,0xC1,0xE8,0x09
	.byte 0x4C,0x01,0xE0,0x48,0x8B,0x30,0x48,0xC1,0xEE,0x20,0x48,0xC1,0xE6,0x02,0xE9,0x07
	.byte 0x00,0x00,0x00,0x90,0x31,0xF6,0x49,0x89,0x46,0x38,0x48,0xBF,0xF4,0xFF,0xFF,0xFF
	.byte 0xFF,0xFF,0xFF,0xFF,0x48,0x01,0xF7,0xB8,0x00,0x00,0x00,0x00,0x40,0x0F,0x90,0xC0
	.byte 0x48,0x89,0xF2,0x48,0x09,0xC2,0x48,0x83,0xCA,0xF4,0x48,0xF7,0xC2,0x01,0x00,0x00
	.byte 0x00,0x0F,0x84,0x41,0x00,0x00,0x00,0x48,0xBF,0xF4,0xFF,0xFF,0xFF,0xFF,0xFF,0xFF
	.byte 0xFF,0x49,0x89,0x76,0x30,0x4D,0x8B,0x5E,0x48,0x4D,0x89,0x5E,0x28,0x49,0x89,0x7E
	.byte 0x48,0x41,0xBB,0x68,0x00,0x00,0x00,0x4D,0x89,0x1E,0x48,0x8D,0x05,0x05,0x00,0x00
	.byte 0x00,0xE9,0x1C,0xB7,0xFF,0xFF,0x49,0x8B,0x76,0x40,0x49,0x8B,0x46,0x38,0x49,0x89
	.byte 0x7E,0x48,0xE9,0x15,0x00,0x00,0x00,0x90,0x4D,0x8B,0x5E,0x48,0x4D,0x89,0x5E,0x28
	.byte 0x49,0x89,0x7E,0x48,0x49,0x8B,0x76,0x40,0x49,0x8B,0x46,0x38,0x49,0x89,0x46,0x20
	.byte 0x48,0xC1,0xE8,0x09,0x4C,0x01,0xE0,0x48,0x8B,0x50,0x18,0xBF,0x08,0x00,0x00,0x00
	.byte 0x48,0x01,0xF7,0xB8,0x00,0x00,0x00,0x00,0x40,0x0F,0x90,0xC0,0x49,0x89,0x76,0x38
	.byte 0x48,0x09,0xC6,0x48,0x83,0xCE,0x08,0x48,0xF7,0xC6,0x01,0x00,0x00,0x00,0x0F,0x84
	.byte 0x40,0x00,0x00,0x00,0xBF,0x08,0x00,0x00,0x00,0x49,0x8B,0x76,0x38,0x49,0x89,0x7E
	.byte 0x40,0x4D,0x8B,0x56,0x50,0x4D,0x8B,0x5E,0x48,0x4D,0x89,0x5E,0x50,0x4D,0x89,0x56
	.byte 0x48,0x49,0x89,0x56,0x10,0x41,0xBB,0x69,0x00,0x00,0x00,0x4D,0x89,0x1E,0x48,0x8D
	.byte 0x05,0x05,0x00,0x00,0x00,0xE9,0x88,0xB6,0xFF,0xFF,0x49,0x8B,0x76,0x50,0xE9,0x11
	.byte 0x00,0x00,0x00,0x90,0x49,0x8B,0x76,0x48,0x4D,0x8B,0x5E,0x50,0x4D,0x89,0x5E,0x48
	.byte 0x49,0x89,0x56,0x10,0x48,0x89,0xF9,0x48,0x01,0xF1,0xB8,0x00,0x00,0x00,0x00,0x40
	.byte 0x0F,0x90,0xC0,0x48,0x89,0xF2,0x48,0x09,0xFA,0x48,0x09,0xC2,0x48,0xF7,0xC2,0x01
	.byte 0x00,0x00,0x00,0x0F,0x84,0x2B,0x00,0x00,0x00,0x49,0x89,0x76,0x50,0x49,0x89,0x7E
	.byte 0x40,0x41,0xBB,0x6A,0x00,0x00,0x00,0x4D,0x89,0x1E,0x48,0x8D,0x05,0x05,0x00,0x00
	.byte 0x00,0xE9,0x2C,0xB6,0xFF,0xFF,0x49,0x8B,0x76,0x50,0x49,0x89,0x7E,0x50,0xE9,0x05
	.byte 0x00,0x00,0x00,0x90,0x49,0x89,0x4E,0x50,0xBF,0x04,0x00,0x00,0x00,0x48,0x01,0xF7
	.byte 0xB8,0x00,0x00,0x00,0x00,0x40,0x0F,0x90,0xC0,0x49,0x89,0x76,0x40,0x48,0x09,0xC6
	.byte 0x48,0x83,0xCE,0x04,0x48,0xF7,0xC6,0x01,0x00,0x00,0x00,0x0F,0x84,0x31,0x00,0x00
	.byte 0x00,0xBF,0x04,0x00,0x00,0x00,0x49,0x8B,0x76,0x40,0x49,0x89,0x7E,0x30,0x41,0xBB
	.byte 0x6B,0x00,0x00,0x00,0x4D,0x89,0x1E,0x48,0x8D,0x05,0x06,0x00,0x00,0x00,0xE9,0xCF
	.byte 0xB5,0xFF,0xFF,0x90,0x49,0x8B,0x4E,0x50,0x49,0x89,0x7E,0x50,0xE9,0x09,0x00,0x00
	.byte 0x00,0x90,0x49,0x8B,0x4E,0x50,0x49,0x89,0x7E,0x50,0xBA,0x08,0x00,0x00,0x00,0x48
	.byte 0xBF,0xFC,0xFF,0xFF,0xFF,0xFF,0xFF,0xFF,0xFF,0x48,0x01,0xCF,0xB8,0x00,0x00,0x00
	.byte 0x00,0x40,0x0F,0x90,0xC0,0x48,0x89,0xCE,0x48,0x09,0xC6,0x48,0x83,0xCE,0xFC,0x48
	.byte 0xF7,0xC6,0x01,0x00,0x00,0x00,0x0F,0x84,0x50,0x00,0x00,0x00,0x48,0xBF,0xFC,0xFF
	.byte 0xFF,0xFF,0xFF,0xFF,0xFF,0xFF,0x48,0x89,0xCE,0x49,0x89,0x7E,0x08,0x49,0x89,0x4E
	.byte 0x30,0x4D,0x8B,0x5E,0x20,0x4D,0x89,0x5E,0x18,0x49,0x89,0x56,0x20,0x41,0xBB,0x6C
	.byte 0x00,0x00,0x00,0x4D,0x89,0x1E,0x48,0x8D,0x05,0x05,0x00,0x00,0x00,0xE9,0x50,0xB5
	.byte 0xFF,0xFF,0x49,0x8B,0x4E,0x30,0x4D,0x8B,0x5E,0x20,0x4D,0x89,0x5E,0x30,0x4D,0x8B
	.byte 0x5E,0x18,0x4D,0x89,0x5E,0x20,0xE9,0x05,0x00,0x00,0x00,0x90,0x49,0x89,0x56,0x30
	.byte 0x48,0x89,0xF8,0x48,0xD1,0xE8,0x48,0x89,0xCE,0x48,0xF7,0xE6,0x48,0x89,0xCE,0x48
	.byte 0x09,0xF9,0x48,0x83,0xE1,0x01,0x48,0x09,0xD1,0x48,0xD1,0xE8,0x48,0x83,0xF9,0x00
	.byte 0x0F,0x84,0x2A,0x00,0x00,0x00,0x49,0x89,0x76,0x08,0x49,0x89,0x7E,0x18,0x41,0xBB
	.byte 0x6D,0x00,0x00,0x00,0x4D,0x89,0x1E,0x48,0x8D,0x05,0x06,0x00,0x00,0x00,0xE9,0x01
	.byte 0xB5,0xFF,0xFF,0x90,0x48,0x89,0xF8,0x49,0x8B,0x4E,0x30,0xE9,0x04,0x00,0x00,0x00
	.byte 0x49,0x8B,0x4E,0x30,0x48,0x89,0xC6,0x48,0x83,0xCE,0x08,0x48,0x89,0xF7,0x48,0xC1
	.byte 0xEF,0x3F,0x48,0x09,0xF7,0x48,0xF7,0xC7,0x01,0x00,0x00,0x00,0x0F,0x84,0x42,0x00
	.byte 0x00,0x00,0xBE,0x08,0x00,0x00,0x00,0x48,0x89,0xC7,0x49,0x89,0x46,0x18,0x49,0x89
	.byte 0x76,0x30,0x41,0xBB,0x6E,0x00,0x00,0x00,0x4D,0x89,0x1E,0x48,0x8D,0x05,0x06,0x00
	.byte 0x00,0x00,0xE9,0xB7,0xB4,0xFF,0xFF,0x90,0x48,0x89,0xFA,0x49,0x8B,0x76,0x50,0x4D
	.byte 0x8B,0x5E,0x48,0x4D,0x89,0x5E,0x50,0x4D,0x8B,0x5E,0x40,0x4D,0x89,0x5E,0x48,0xE9
	.byte 0x20,0x00,0x00,0x00,0x31,0xD2,0x48,0xF7,0xF1,0x48,0x89,0xC2,0x48,0xC1,0xE2,0x02
	.byte 0x49,0x8B,0x76,0x50,0x4D,0x8B,0x5E,0x48,0x4D,0x89,0x5E,0x50,0x4D,0x8B,0x5E,0x40
	.byte 0x4D,0x89,0x5E,0x48,0x48,0x89,0xD7,0x48,0x01,0xF7,0xB8,0x00,0x00,0x00,0x00,0x40
	.byte 0x0F,0x90,0xC0,0x48,0x89,0xF1,0x48,0x09,0xD1,0x48,0x09,0xC1,0x48,0xF7,0xC1,0x01
	.byte 0x00,0x00,0x00,0x0F,0x84,0x2B,0x00,0x00,0x00,0x48,0x89,0xD7,0x49,0x89,0x76,0x30
	.byte 0x49,0x89,0x56,0x40,0x41,0xBB,0x6F,0x00,0x00,0x00,0x4D,0x89,0x1E,0x48,0x8D,0x05
	.byte 0x06,0x00,0x00,0x00,0xE9,0x19,0xB4,0xFF,0xFF,0x90,0x49,0x8B,0x76,0x48,0xE9,0x05
	.byte 0x00,0x00,0x00,0x90,0x49,0x8B,0x76,0x48,0x49,0x8B,0x45,0xB8,0x48,0x8B,0x40,0x10
	.byte 0x48,0xD1,0xE7,0x4C,0x01,0xE7,0x48,0xC1,0xE8,0x09,0x48,0x01,0xC7,0x48,0x8B,0x57
	.byte 0x08,0xBF,0x14,0x00,0x00,0x00,0x48,0x01,0xF7,0xB8,0x00,0x00,0x00,0x00,0x40,0x0F
	.byte 0x90,0xC0,0x49,0x89,0x76,0x40,0x48,0x09,0xC6,0x48,0x83,0xCE,0x14,0x48,0xF7,0xC6
	.byte 0x01,0x00,0x00,0x00,0x0F,0x84,0x2C,0x00,0x00,0x00,0xBF,0x14,0x00,0x00,0x00,0x49
	.byte 0x8B,0x76,0x40,0x49,0x89,0x56,0x30,0x49,0x89,0x7E,0x48,0x41,0xBB,0x70,0x00,0x00
	.byte 0x00,0x4D,0x89,0x1E,0x48,0x8D,0x05,0x05,0x00,0x00,0x00,0xE9,0xA2,0xB3,0xFF,0xFF
	.byte 0xE9,0x05,0x00,0x00,0x00,0x90,0x49,0x89,0x56,0x30,0xB8,0x0C,0x00,0x00,0x00,0x48
	.byte 0xF7,0xC7,0x01,0x00,0x00,0x00,0x0F,0x84,0x68,0x00,0x00,0x00,0x48,0xBF,0xFF,0xFF
	.byte 0xFF,0xFF,0xFF,0xFF,0xFF,0xFF,0x41,0xBB,0x71,0x00,0x00,0x00,0x4D,0x89,0x1E,0x48
	.byte 0x8D,0x05,0x06,0x00,0x00,0x00,0xE9,0xCD,0xA6,0xFF,0xFF,0x90,0x45,0x31,0xDB,0x4D
	.byte 0x89,0x5E,0x10,0x4D,0x8B,0x5E,0x10,0x4D,0x89,0x5E,0x30,0x4D,0x8B,0x5E,0x10,0x4D
	.byte 0x89,0x5E,0x50,0x49,0x8B,0x7E,0x10,0x4D,0x8B,0x5E,0x10,0x4D,0x89,0x5E,0x40,0x4D
	.byte 0x8B,0x5E,0x10,0x4D,0x89,0x5E,0x38,0x4D,0x8B,0x5E,0x10,0x4D,0x89,0x5E,0x28,0x4D
	.byte 0x8B,0x5E,0x10,0x4D,0x89,0x5E,0x20,0x4D,0x8B,0x5E,0x10,0x4D,0x89,0x5E,0x18,0xE9
	.byte 0x04,0x00,0x00,0x00,0x49,0x89,0x46,0x18,0x49,0x89,0x7E,0x48,0x48,0xC1,0xEF,0x02
	.byte 0x49,0xBA,0x00,0x00,0x00,0x00,0x01,0x00,0x00,0x00,0x4C,0x39,0xD7,0x0F,0x82,0x0F
	.byte 0x00,0x00,0x00,0x48,0xBF,0xFF,0xFF,0xFF,0xFF,0xFF,0xFF,0xFF,0xFF,0xE9,0x08,0x00
	.byte 0x00,0x00,0x48,0x83,0xC7,0x01,0x48,0xC1,0xE7,0x03,0x49,0x8B,0x45,0xD8,0x49,0x8B
	.byte 0x75,0xF8,0x48,0x29,0xF0,0x48,0x39,0xF8,0x0F,0x82,0x2A,0x00,0x00,0x00,0x49,0x8B
	.byte 0x56,0x50,0x49,0x8B,0x7E,0x48,0x49,0x8B,0x4E,0x40,0x4D,0x8B,0x7E,0x38,0x49,0x8B
	.byte 0x5E,0x28,0x4D,0x8B,0x4E,0x20,0x4D,0x8B,0x46,0x18,0x4D,0x8B,0x5E,0x10,0x4D,0x89
	.byte 0x5E,0x38,0xE9,0x3B,0x00,0x00,0x00,0x90,0x41,0xBB,0x72,0x00,0x00,0x00,0x4D,0x89
	.byte 0x1E,0x48,0x8D,0x05,0x06,0x00,0x00,0x00,0xE9,0xFB,0xA5,0xFF,0xFF,0x90,0x49,0x8B
	.byte 0x56,0x50,0x49,0x8B,0x7E,0x48,0x49,0x8B,0x4E,0x40,0x4D,0x8B,0x7E,0x38,0x49,0x8B
	.byte 0x5E,0x28,0x4D,0x8B,0x4E,0x20,0x4D,0x8B,0x46,0x18,0x4D,0x8B,0x5E,0x10,0x4D,0x89
	.byte 0x5E,0x38,0x49,0x8B,0x45,0xF8,0x48,0x89,0xFE,0x48,0xC1,0xE6,0x1E,0x48,0x81,0xCE
	.byte 0xF3,0x01,0x00,0x00,0x49,0x89,0x7E,0x50,0x48,0xC1,0xEF,0x02,0x48,0x89,0x30,0x4D
	.byte 0x8B,0x56,0x30,0x4C,0x89,0x50,0x08,0x4C,0x89,0x78,0x10,0x4D,0x8B,0x56,0x38,0x4C
	.byte 0x89,0x50,0x18,0x48,0x89,0x58,0x20,0x48,0x89,0x50,0x28,0x49,0x89,0x46,0x48,0x4C
	.byte 0x29,0xE0,0x48,0xC1,0xE0,0x09,0x48,0x83,0xC8,0x01,0x48,0x0D,0xE0,0x01,0x00,0x00
	.byte 0x48,0x83,0xFF,0x0F,0x0F,0x82,0x12,0x00,0x00,0x00,0x48,0x83,0xC8,0x1E,0x49,0x89
	.byte 0xFA,0x48,0x89,0xC7,0x4C,0x89,0xD0,0xE9,0x0C,0x00,0x00,0x00,0x48,0x89,0xFE,0x48
	.byte 0xD1,0xE7,0x48,0x09,0xC7,0x48,0x89,0xF0,0x48,0xC1,0xE0,0x03,0x49,0x8B,0x76,0x48
	.byte 0x48,0x01,0xF0,0x48,0x83,0xC0,0x08,0x49,0x89,0x45,0xF8,0x48,0x83,0xC6,0x30,0x4C
	.byte 0x89,0xC0,0x4D,0x89,0x46,0x20,0x48,0xD1,0xE0,0x4C,0x01,0xE0,0x4D,0x89,0x4E,0x48
	.byte 0x49,0xC1,0xE9,0x09,0x4C,0x01,0xC8,0x48,0x83,0xC0,0x08,0x48,0x85,0xC9,0x0F,0x84
	.byte 0x3E,0x00,0x00,0x00,0x49,0x89,0x4E,0x28,0x49,0x89,0xCA,0x48,0x89,0xF9,0x4C,0x89
	.byte 0xD7,0x49,0x89,0x56,0x10,0x48,0x89,0xF2,0x48,0x89,0xC6,0x4D,0x89,0x7E,0x40,0x49
	.byte 0x89,0x5E,0x18,0x41,0xBB,0x73,0x00,0x00,0x00,0x4D,0x89,0x1E,0x48,0x8D,0x05,0x05
	.byte 0x00,0x00,0x00,0xE9,0xA4,0xB7,0xFF,0xFF,0x49,0x8B,0x46,0x58,0xE9,0x05,0x00,0x00
	.byte 0x00,0x90,0x49,0x8B,0x46,0x58,0x49,0x83,0xC6,0x60,0xFF,0xE0,0x49,0x83,0xEE,0x68
	.byte 0x4D,0x39,0xEE,0x0F,0x82,0xC3,0xA4,0xFF,0xFF,0x90,0x48,0x89,0xC3,0x48,0x89,0xC8
	.byte 0x48,0xC1,0xE8,0x09,0x4C,0x01,0xE0,0x4C,0x8B,0x48,0x10,0x49,0xB8,0xF4,0xFF,0xFF
	.byte 0xFF,0xFF,0xFF,0xFF,0xFF,0x4D,0x01,0xC8,0xB8,0x00,0x00,0x00,0x00,0x40,0x0F,0x90
	.byte 0xC0,0x4D,0x89,0xCF,0x49,0x09,0xC1,0x49,0x83,0xC9,0xF4,0x49,0xF7,0xC1,0x01,0x00
	.byte 0x00,0x00,0x0F,0x84,0x4A,0x00,0x00,0x00,0x48,0xB8,0xF4,0xFF,0xFF,0xFF,0xFF,0xFF
	.byte 0xFF,0xFF,0x49,0x89,0x7E,0x48,0x48,0x89,0xC7,0x49,0x89,0x76,0x50,0x4C,0x89,0xFE
	.byte 0x49,0x89,0x5E,0x60,0x49,0x89,0x4E,0x58,0x49,0x89,0x46,0x38,0x4D,0x89,0x7E,0x30
	.byte 0x49,0x89,0x56,0x40,0x41,0xBB,0x74,0x00,0x00,0x00,0x4D,0x89,0x1E,0x48,0x8D,0x05
	.byte 0x06,0x00,0x00,0x00,0xE9,0xE9,0xB0,0xFF,0xFF,0x90,0x49,0x89,0xF8,0xE9,0x14,0x00
	.byte 0x00,0x00,0x49,0x89,0x5E,0x60,0x49,0x89,0x4E,0x58,0x49,0x89,0x76,0x50,0x49,0x89
	.byte 0x7E,0x48,0x49,0x89,0x56,0x40,0x31,0xD2,0x31,0xC0,0x4C,0x89,0xC7,0x48,0xF7,0xC7
	.byte 0x01,0x00,0x00,0x00,0x0F,0x84,0x3E,0x00,0x00,0x00,0x31,0xF6,0x49,0x89,0x56,0x30
	.byte 0x49,0x89,0x7E,0x38,0x41,0xBB,0x75,0x00,0x00,0x00,0x4D,0x89,0x1E,0x48,0x8D,0x05
	.byte 0x06,0x00,0x00,0x00,0xE9,0x11,0xB1,0xFF,0xFF,0x90,0x49,0x8B,0x76,0x58,0x4D,0x8B
	.byte 0x5E,0x40,0x4D,0x89,0x5E,0x58,0x4D,0x8B,0x5E,0x38,0x4D,0x89,0x5E,0x40,0xB8,0x01
	.byte 0x00,0x00,0x00,0xE9,0x10,0x00,0x00,0x00,0x49,0x8B,0x76,0x58,0x4D,0x8B,0x5E,0x40
	.byte 0x4D,0x89,0x5E,0x58,0x49,0x89,0x7E,0x40,0x48,0x39,0xC7,0x0F,0x8D,0x77,0x05,0x00
	.byte 0x00,0x48,0x89,0xF0,0x48,0xC1,0xEE,0x09,0x4C,0x01,0xE6,0x48,0x8B,0x7E,0x10,0x48
	.byte 0x83,0xFF,0x14,0x0F,0x8D,0x4D,0x02,0x00,0x00,0x48,0x83,0xFF,0x08,0x0F,0x8D,0xF1
	.byte 0x00,0x00,0x00,0x48,0x83,0xFF,0x04,0x0F,0x8D,0x7D,0x00,0x00,0x00,0x48,0x89,0xC6
	.byte 0x48,0xC1,0xE8,0x09,0x4C,0x01,0xE0,0x48,0x8B,0x50,0x08,0x49,0x8B,0x7E,0x58,0x4D
	.byte 0x8B,0x5E,0x50,0x4D,0x89,0x5E,0x58,0x4D,0x8B,0x5E,0x48,0x4D,0x89,0x5E,0x50,0x41
	.byte 0xBB,0x76,0x00,0x00,0x00,0x4D,0x89,0x1E,0x48,0x8D,0x05,0x03,0x00,0x00,0x00,0xFF
	.byte 0xE2,0x90,0x49,0x8B,0x46,0x60,0x49,0x8B,0x76,0x58,0x4D,0x8B,0x46,0x50,0x48,0x89
	.byte 0xFA,0x48,0xC1,0xEF,0x09,0x4C,0x01,0xE7,0x48,0x8B,0x7F,0x10,0x48,0x83,0xFF,0x04
	.byte 0x0F,0x85,0x18,0x00,0x00,0x00,0x48,0x89,0xD7,0x48,0xC1,0xEF,0x09,0x4C,0x01,0xE7
	.byte 0x48,0x8B,0x4F,0x08,0x4C,0x89,0xC7,0x49,0x83,0xC6,0x68,0xFF,0xE1,0x90,0x4C,0x89
	.byte 0xC7,0x49,0x83,0xC6,0x08,0xE9,0x10,0xEF,0xFF,0xFF,0x48,0x89,0xC2,0x48,0xC1,0xE8
	.byte 0x09,0x4C,0x01,0xE0,0x48,0x8B,0x48,0x08,0x49,0x8B,0x7E,0x50,0x49,0x8B,0x76,0x58
	.byte 0x41,0xBB,0x77,0x00,0x00,0x00,0x4D,0x89,0x1E,0x48,0x8D,0x05,0x02,0x00,0x00,0x00
	.byte 0xFF,0xE1,0x48,0x89,0xFA,0x49,0x8B,0x46,0x60,0x49,0x8B,0x7E,0x48,0x48,0x89,0xD6
	.byte 0x48,0xC1,0xEA,0x09,0x4C,0x01,0xE2,0x48,0x8B,0x52,0x10,0x48,0x83,0xFA,0x00,0x0F
	.byte 0x85,0x15,0x00,0x00,0x00,0x48,0x89,0xF2,0x48,0xC1,0xEA,0x09,0x4C,0x01,0xE2,0x48
	.byte 0x8B,0x52,0x08,0x49,0x83,0xC6,0x68,0xFF,0xE2,0x90,0x49,0x83,0xC6,0x18,0xE9,0xBF
	.byte 0xE0,0xFF,0xFF,0x90,0x48,0x83,0xFF,0x0C,0x0F,0x8D,0x68,0x00,0x00,0x00,0x48,0x89
	.byte 0xC1,0x48,0xC1,0xE8,0x09,0x4C,0x01,0xE0,0x4C,0x8B,0x40,0x08,0x49,0x8B,0x7E,0x48
	.byte 0x49,0x8B,0x76,0x50,0x49,0x8B,0x56,0x58,0x41,0xBB,0x78,0x00,0x00,0x00,0x4D,0x89
	.byte 0x1E,0x48,0x8D,0x05,0x04,0x00,0x00,0x00,0x41,0xFF,0xE0,0x90,0x49,0x8B,0x46,0x60
	.byte 0x48,0x89,0xFE,0x48,0xC1,0xEE,0x09,0x4C,0x01,0xE6,0x48,0x8B,0x76,0x10,0x48,0x83
	.byte 0xFE,0x00,0x0F,0x85,0x14,0x00,0x00,0x00,0x48,0x89,0xFE,0x48,0xC1,0xEE,0x09,0x4C
	.byte 0x01,0xE6,0x48,0x8B,0x76,0x08,0x49,0x83,0xC6,0x68,0xFF,0xE6,0x49,0x83,0xC6,0x18
	.byte 0xE9,0x4D,0xE0,0xFF,0xFF,0x90,0x48,0x83,0xFF,0x10,0x0F,0x8D,0x6C,0x00,0x00,0x00
	.byte 0x49,0x89,0xC0,0x48,0xC1,0xE8,0x09,0x4C,0x01,0xE0,0x4C,0x8B,0x48,0x08,0x49,0x8B
	.byte 0x7E,0x40,0x49,0x8B,0x76,0x48,0x49,0x8B,0x56,0x50,0x49,0x8B,0x4E,0x58,0x41,0xBB
	.byte 0x79,0x00,0x00,0x00,0x4D,0x89,0x1E,0x48,0x8D,0x05,0x04,0x00,0x00,0x00,0x41,0xFF
	.byte 0xE1,0x90,0x49,0x8B,0x46,0x60,0x48,0x89,0xFE,0x48,0xC1,0xEE,0x09,0x4C,0x01,0xE6
	.byte 0x48,0x8B,0x76,0x10,0x48,0x83,0xFE,0x00,0x0F,0x85,0x14,0x00,0x00,0x00,0x48,0x89
	.byte 0xFE,0x48,0xC1,0xEE,0x09,0x4C,0x01,0xE6,0x48,0x8B,0x76,0x08,0x49,0x83,0xC6,0x68
	.byte 0xFF,0xE6,0x49,0x83,0xC6,0x18,0xE9,0xD7,0xDF,0xFF,0xFF,0x90,0x49,0x89,0xC1,0x48
	.byte 0xC1,0xE8,0x09,0x4C,0x01,0xE0,0x48,0x8B,0x58,0x08,0x49,0x8B,0x76,0x40,0x49,0x8B
	.byte 0x56,0x48,0x49,0x8B,0x4E,0x50,0x4D,0x8B,0x46,0x58,0x41,0xBB,0x7A,0x00,0x00,0x00
	.byte 0x4D,0x89,0x1E,0x48,0x8D,0x05,0x02,0x00,0x00,0x00,0xFF,0xE3,0x49,0x8B,0x46,0x60
	.byte 0x48,0x89,0xFE,0x48,0xC1,0xEE,0x09,0x4C,0x01,0xE6,0x48,0x8B,0x76,0x10,0x48,0x83
	.byte 0xFE,0x00,0x0F,0x85,0x14,0x00,0x00,0x00,0x48,0x89,0xFE,0x48,0xC1,0xEE,0x09,0x4C
	.byte 0x01,0xE6,0x48,0x8B,0x76,0x08,0x49,0x83,0xC6,0x68,0xFF,0xE6,0x49,0x83,0xC6,0x18
	.byte 0xE9,0x6D,0xDF,0xFF,0xFF,0x90,0x48,0x83,0xFF,0x1C,0x0F,0x8D,0xFA,0x00,0x00,0x00
	.byte 0x48,0x83,0xFF,0x18,0x0F,0x8D,0x6E,0x00,0x00,0x00,0x48,0x89,0xC3,0x48,0xC1,0xE8
	.byte 0x09,0x4C,0x01,0xE0,0x4C,0x8B,0x78,0x08,0x48,0x89,0xFE,0x49,0x8B,0x56,0x40,0x49
	.byte 0x8B,0x4E,0x48,0x4D,0x8B,0x46,0x50,0x4D,0x8B,0x4E,0x58,0x41,0xBB,0x7B,0x00,0x00
	.byte 0x00,0x4D,0x89,0x1E,0x48,0x8D,0x05,0x03,0x00,0x00,0x00,0x41,0xFF,0xE7,0x49,0x8B
	.byte 0x46,0x60,0x48,0x89,0xFE,0x48,0xC1,0xEE,0x09,0x4C,0x01,0xE6,0x48,0x8B,0x76,0x10
	.byte 0x48,0x83,0xFE,0x00,0x0F,0x85,0x14,0x00,0x00,0x00,0x48,0x89,0xFE,0x48,0xC1,0xEE
	.byte 0x09,0x4C,0x01,0xE6,0x48,0x8B,0x76,0x08,0x49,0x83,0xC6,0x68,0xFF,0xE6,0x49,0x83
	.byte 0xC6,0x18,0xE9,0xEB,0xDE,0xFF,0xFF,0x90,0x49,0x89,0xC7,0x48,0xC1,0xE8,0x09,0x4C
	.byte 0x01,0xE0,0x48,0x8B,0x40,0x08,0x48,0x89,0xFE,0x48,0x89,0xFA,0x49,0x8B,0x4E,0x40
	.byte 0x4D,0x8B,0x46,0x48,0x4D,0x8B,0x4E,0x50,0x49,0x8B,0x5E,0x58,0x4D,0x8B,0x5E,0x60
	.byte 0x4D,0x89,0x5E,0x58,0x49,0x89,0x46,0x60,0x4D,0x8B,0x56,0x60,0x41,0xBB,0x7C,0x00
	.byte 0x00,0x00,0x4D,0x89,0x1E,0x48,0x8D,0x05,0x04,0x00,0x00,0x00,0x41,0xFF,0xE2,0x90
	.byte 0x49,0x8B,0x46,0x58,0x48,0x89,0xFE,0x48,0xC1,0xEE,0x09,0x4C,0x01,0xE6,0x48,0x8B
	.byte 0x76,0x10,0x48,0x83,0xFE,0x00,0x0F,0x85,0x14,0x00,0x00,0x00,0x48,0x89,0xFE,0x48
	.byte 0xC1,0xEE,0x09,0x4C,0x01,0xE6,0x48,0x8B,0x76,0x08,0x49,0x83,0xC6,0x68,0xFF,0xE6
	.byte 0x49,0x83,0xC6,0x18,0xE9,0x69,0xDE,0xFF,0xFF,0x90,0x48,0x83,0xFF,0x20,0x0F,0x8D
	.byte 0x9C,0x00,0x00,0x00,0x48,0x89,0xC6,0x48,0xC1,0xE8,0x09,0x4C,0x01,0xE0,0x48,0x8B
	.byte 0x40,0x08,0x49,0x8B,0x5E,0x50,0x4D,0x8B,0x5E,0x60,0x4D,0x89,0x5E,0x50,0x49,0x89
	.byte 0x76,0x60,0x48,0x89,0xFE,0x48,0x89,0xFA,0x48,0x89,0xF9,0x4D,0x8B,0x46,0x40,0x4D
	.byte 0x8B,0x4E,0x48,0x4D,0x8B,0x7E,0x58,0x49,0x89,0x46,0x58,0x4D,0x8B,0x56,0x58,0x41
	.byte 0xBB,0x7D,0x00,0x00,0x00,0x4D,0x89,0x1E,0x49,0x83,0xEE,0x08,0x4D,0x39,0xEE,0x0F
	.byte 0x82,0xF7,0x9F,0xFF,0xFF,0x4D,0x8B,0x5E,0x68,0x4D,0x89,0x1E,0x48,0x8D,0x05,0x03
	.byte 0x00,0x00,0x00,0x41,0xFF,0xE2,0x49,0x8B,0x46,0x50,0x48,0x89,0xFE,0x48,0xC1,0xEE
	.byte 0x09,0x4C,0x01,0xE6,0x48,0x8B,0x76,0x10,0x48,0x83,0xFE,0x00,0x0F,0x85,0x14,0x00
	.byte 0x00,0x00,0x48,0x89,0xFE,0x48,0xC1,0xEE,0x09,0x4C,0x01,0xE6,0x48,0x8B,0x76,0x08
	.byte 0x49,0x83,0xC6,0x68,0xFF,0xE6,0x49,0x83,0xC6,0x18,0xE9,0xC3,0xDD,0xFF,0xFF,0x90
	.byte 0x48,0x83,0xFF,0x24,0x0F,0x8D,0xAC,0x00,0x00,0x00,0x48,0x89,0xC6,0x48,0xC1,0xE8
	.byte 0x09,0x4C,0x01,0xE0,0x48,0x8B,0x40,0x08,0x49,0x8B,0x5E,0x48,0x4D,0x8B,0x5E,0x60
	.byte 0x4D,0x89,0x5E,0x48,0x4D,0x8B,0x5E,0x58,0x4D,0x89,0x5E,0x60,0x49,0x89,0x76,0x58
	.byte 0x48,0x89,0xFE,0x48,0x89,0xFA,0x48,0x89,0xF9,0x49,0x89,0xF8,0x4D,0x8B,0x4E,0x40
	.byte 0x4D,0x8B,0x7E,0x50,0x49,0x89,0x46,0x50,0x4D,0x8B,0x56,0x50,0x41,0xBB,0x7E,0x00
	.byte 0x00,0x00,0x4D,0x89,0x1E,0x49,0x83,0xEE,0x10,0x4D,0x39,0xEE,0x0F,0x82,0x4A,0x9F
	.byte 0xFF,0xFF,0x4D,0x8B,0x5E,0x70,0x4D,0x89,0x5E,0x08,0x4D,0x8B,0x5E,0x68,0x4D,0x89
	.byte 0x1E,0x48,0x8D,0x05,0x04,0x00,0x00,0x00,0x41,0xFF,0xE2,0x90,0x49,0x8B,0x46,0x48
	.byte 0x48,0x89,0xFE,0x48,0xC1,0xEE,0x09,0x4C,0x01,0xE6,0x48,0x8B,0x76,0x10,0x48,0x83
	.byte 0xFE,0x00,0x0F,0x85,0x14,0x00,0x00,0x00,0x48,0x89,0xFE,0x48,0xC1,0xEE,0x09,0x4C
	.byte 0x01,0xE6,0x48,0x8B,0x76,0x08,0x49,0x83,0xC6,0x68,0xFF,0xE6,0x49,0x83,0xC6,0x18
	.byte 0xE9,0x0D,0xDD,0xFF,0xFF,0x90,0x48,0x89,0xC6,0x48,0xC1,0xE8,0x09,0x4C,0x01,0xE0
	.byte 0x48,0x8B,0x40,0x08,0x49,0x8B,0x5E,0x40,0x4D,0x8B,0x5E,0x60,0x4D,0x89,0x5E,0x40
	.byte 0x4D,0x8B,0x5E,0x50,0x4D,0x89,0x5E,0x60,0x49,0x89,0x76,0x50,0x48,0x89,0xFE,0x48
	.byte 0x89,0xFA,0x48,0x89,0xF9,0x49,0x89,0xF8,0x49,0x89,0xF9,0x4D,0x8B,0x7E,0x48,0x49
	.byte 0x89,0x46,0x48,0x4D,0x8B,0x56,0x48,0x41,0xBB,0x7F,0x00,0x00,0x00,0x4D,0x89,0x1E
	.byte 0x49,0x83,0xEE,0x18,0x4D,0x39,0xEE,0x0F,0x82,0x9F,0x9E,0xFF,0xFF,0x4D,0x8B,0x5E
	.byte 0x78,0x4D,0x89,0x5E,0x10,0x4D,0x8B,0x5E,0x70,0x4D,0x89,0x5E,0x08,0x4D,0x8B,0x5E
	.byte 0x68,0x4D,0x89,0x1E,0x48,0x8D,0x05,0x03,0x00,0x00,0x00,0x41,0xFF,0xE2,0x49,0x8B
	.byte 0x46,0x40,0x48,0x89,0xFE,0x48,0xC1,0xEE,0x09,0x4C,0x01,0xE6,0x48,0x8B,0x76,0x10
	.byte 0x48,0x83,0xFE,0x00,0x0F,0x85,0x14,0x00,0x00,0x00,0x48,0x89,0xFE,0x48,0xC1,0xEE
	.byte 0x09,0x4C,0x01,0xE6,0x48,0x8B,0x76,0x08,0x49,0x83,0xC6,0x68,0xFF,0xE6,0x49,0x83
	.byte 0xC6,0x18,0xE9,0x5B,0xDC,0xFF,0xFF,0x90,0x48,0xF7,0xC6,0x01,0x00,0x00,0x00,0x0F
	.byte 0x84,0x1F,0x00,0x00,0x00,0x48,0x89,0xF0,0x48,0xC1,0xEE,0x09,0x4C,0x01,0xE6,0x48
	.byte 0x8B,0x36,0x48,0xBF,0xFE,0xFF,0xFF,0xFF,0x00,0x00,0x00,0x00,0x48,0x21,0xFE,0xE9
	.byte 0x04,0x00,0x00,0x00,0x48,0x89,0xF0,0x90,0x48,0x81,0xFE,0xE2,0x01,0x00,0x00,0x0F
	.byte 0x85,0xB5,0x02,0x00,0x00,0x49,0x89,0x46,0x38,0x48,0xC1,0xE8,0x09,0x4C,0x01,0xE0
	.byte 0x48,0x8B,0x48,0x10,0xBA,0x08,0x00,0x00,0x00,0x48,0xBF,0xFC,0xFF,0xFF,0xFF,0xFF
	.byte 0xFF,0xFF,0xFF,0x48,0x01,0xCF,0xB8,0x00,0x00,0x00,0x00,0x40,0x0F,0x90,0xC0,0x48
	.byte 0x89,0xCE,0x48,0x09,0xC6,0x48,0x83,0xCE,0xFC,0x48,0xF7,0xC6,0x01,0x00,0x00,0x00
	.byte 0x0F,0x84,0x70,0x00,0x00,0x00,0x48,0xBF,0xFC,0xFF,0xFF,0xFF,0xFF,0xFF,0xFF,0xFF
	.byte 0x48,0x89,0xCE,0x49,0x89,0x7E,0x20,0x4D,0x8B,0x56,0x38,0x4D,0x8B,0x5E,0x58,0x4D
	.byte 0x89,0x5E,0x38,0x4D,0x89,0x56,0x58,0x4D,0x8B,0x5E,0x40,0x4D,0x89,0x5E,0x30,0x4D
	.byte 0x8B,0x5E,0x48,0x4D,0x89,0x5E,0x40,0x49,0x89,0x4E,0x48,0x49,0x89,0x56,0x28,0x41
	.byte 0xBB,0x80,0x00,0x00,0x00,0x4D,0x89,0x1E,0x48,0x8D,0x05,0x05,0x00,0x00,0x00,0xE9
	.byte 0x1E,0xAA,0xFF,0xFF,0x49,0x8B,0x4E,0x48,0x4D,0x8B,0x5E,0x40,0x4D,0x89,0x5E,0x48
	.byte 0x4D,0x8B,0x5E,0x30,0x4D,0x89,0x5E,0x40,0x4D,0x8B,0x5E,0x28,0x4D,0x89,0x5E,0x30
	.byte 0xE9,0x15,0x00,0x00,0x00,0x90,0x4D,0x8B,0x56,0x38,0x4D,0x8B,0x5E,0x58,0x4D,0x89
	.byte 0x5E,0x38,0x4D,0x89,0x56,0x58,0x49,0x89,0x56,0x30,0x49,0x89,0xF8,0x48,0xD1,0xEF
	.byte 0x48,0x89,0xF8,0x48,0x89,0xCE,0x48,0xF7,0xE6,0x48,0x89,0xCE,0x4C,0x09,0xC1,0x48
	.byte 0x83,0xE1,0x01,0x48,0x09,0xD1,0x48,0x89,0xC7,0x48,0xD1,0xEF,0x48,0x83,0xF9,0x00
	.byte 0x0F,0x84,0x3A,0x00,0x00,0x00,0x4C,0x89,0xC7,0x49,0x89,0x76,0x20,0x4D,0x89,0x46
	.byte 0x28,0x4D,0x8B,0x56,0x40,0x4D,0x8B,0x5E,0x30,0x4D,0x89,0x5E,0x40,0x4D,0x89,0x56
	.byte 0x30,0x41,0xBB,0x81,0x00,0x00,0x00,0x4D,0x89,0x1E,0x48,0x8D,0x05,0x05,0x00,0x00
	.byte 0x00,0xE9,0x9E,0xA9,0xFF,0xFF,0x49,0x8B,0x4E,0x40,0xE9,0x0D,0x00,0x00,0x00,0x90
	.byte 0x49,0x8B,0x4E,0x30,0x4D,0x8B,0x5E,0x40,0x4D,0x89,0x5E,0x30,0x48,0x89,0xF8,0x48
	.byte 0x83,0xCF,0x08,0x48,0x89,0xFE,0x48,0xC1,0xEE,0x3F,0x48,0x09,0xFE,0x48,0xF7,0xC6
	.byte 0x01,0x00,0x00,0x00,0x0F,0x84,0x2E,0x00,0x00,0x00,0xBE,0x08,0x00,0x00,0x00,0x48
	.byte 0x89,0xC7,0x49,0x89,0x46,0x28,0x49,0x89,0x76,0x40,0x41,0xBB,0x82,0x00,0x00,0x00
	.byte 0x4D,0x89,0x1E,0x48,0x8D,0x05,0x06,0x00,0x00,0x00,0xE9,0x4F,0xA9,0xFF,0xFF,0x90
	.byte 0x48,0x89,0xFE,0xE9,0x0C,0x00,0x00,0x00,0x31,0xD2,0x48,0xF7,0xF1,0x48,0x89,0xC6
	.byte 0x48,0xC1,0xE6,0x02,0xBF,0x08,0x00,0x00,0x00,0x48,0x01,0xF7,0xB8,0x00,0x00,0x00
	.byte 0x00,0x40,0x0F,0x90,0xC0,0x48,0x89,0xF2,0x48,0x09,0xC2,0x48,0x83,0xCA,0x08,0x48
	.byte 0xF7,0xC2,0x01,0x00,0x00,0x00,0x0F,0x84,0x2C,0x00,0x00,0x00,0xBF,0x08,0x00,0x00
	.byte 0x00,0x49,0x89,0x7E,0x28,0x49,0x89,0x76,0x40,0x41,0xBB,0x83,0x00,0x00,0x00,0x4D
	.byte 0x89,0x1E,0x48,0x8D,0x05,0x05,0x00,0x00,0x00,0xE9,0xD4,0xA8,0xFF,0xFF,0x49,0x89
	.byte 0x7E,0x40,0xE9,0x05,0x00,0x00,0x00,0x90,0x49,0x89,0x7E,0x40,0x49,0x8B,0x45,0xD8
	.byte 0x49,0x8B,0x7D,0xF8,0x48,0x29,0xF8,0x48,0x83,0xF8,0x38,0x0F,0x82,0x21,0x00,0x00
	.byte 0x00,0x49,0x8B,0x76,0x60,0x4D,0x8B,0x4E,0x58,0x49,0x8B,0x4E,0x50,0x4D,0x8B,0x46
	.byte 0x48,0x49,0x8B,0x46,0x40,0x49,0x8B,0x56,0x38,0x49,0x8B,0x5E,0x30,0xE9,0x36,0x00
	.byte 0x00,0x00,0xBF,0x38,0x00,0x00,0x00,0x41,0xBB,0x84,0x00,0x00,0x00,0x4D,0x89,0x1E
	.byte 0x48,0x8D,0x05,0x05,0x00,0x00,0x00,0xE9,0xDC,0x9B,0xFF,0xFF,0x49,0x8B,0x76,0x60
	.byte 0x4D,0x8B,0x4E,0x58,0x49,0x8B,0x4E,0x50,0x4D,0x8B,0x46,0x48,0x49,0x8B,0x46,0x40
	.byte 0x49,0x8B,0x56,0x38,0x49,0x8B,0x5E,0x30,0x49,0x8B,0x7D,0xB8,0x48,0x8B,0x7F,0x10
	.byte 0x48,0xD1,0xE0,0x4C,0x01,0xE0,0x48,0xC1,0xEF,0x09,0x48,0x01,0xF8,0x48,0x8B,0x78
	.byte 0x08,0x49,0x8B,0x45,0xF8,0x49,0xBF,0xF3,0x01,0x00,0x00,0x06,0x00,0x00,0x00,0x4C
	.byte 0x89,0x38,0x48,0x89,0x78,0x08,0x48,0x89,0x58,0x10,0x4C,0x89,0x48,0x18,0x4C,0x89
	.byte 0x40,0x20,0x48,0x89,0x48,0x28,0x48,0x89,0x50,0x30,0x48,0x89,0xC7,0x4C,0x29,0xE7
	.byte 0x48,0xC1,0xE7,0x09,0x48,0x81,0xCF,0xED,0x01,0x00,0x00,0x48,0x83,0xC0,0x38,0x49
	.byte 0x89,0x45,0xF8,0x49,0x83,0xC6,0x68,0xFF,0xE6,0x90,0x48,0xA9,0x01,0x00,0x00,0x00
	.byte 0x0F,0x84,0x1C,0x00,0x00,0x00,0x49,0x89,0x46,0x38,0x48,0xC1,0xE8,0x09,0x4C,0x01
	.byte 0xE0,0x48,0x8B,0x30,0x48,0xC1,0xEE,0x20,0x48,0xC1,0xE6,0x02,0xE9,0x07,0x00,0x00
	.byte 0x00,0x90,0x31,0xF6,0x49,0x89,0x46,0x38,0x48,0xBF,0xF4,0xFF,0xFF,0xFF,0xFF,0xFF
	.byte 0xFF,0xFF,0x48,0x01,0xF7,0xB8,0x00,0x00,0x00,0x00,0x40,0x0F,0x90,0xC0,0x48,0x89
	.byte 0xF2,0x48,0x09,0xC2,0x48,0x83,0xCA,0xF4,0x48,0xF7,0xC2,0x01,0x00,0x00,0x00,0x0F
	.byte 0x84,0x41,0x00,0x00,0x00,0x48,0xBF,0xF4,0xFF,0xFF,0xFF,0xFF,0xFF,0xFF,0xFF,0x4D
	.byte 0x8B,0x5E,0x58,0x4D,0x89,0x5E,0x30,0x49,0x89,0x7E,0x58,0x49,0x89,0x76,0x28,0x41
	.byte 0xBB,0x85,0x00,0x00,0x00,0x4D,0x89,0x1E,0x48,0x8D,0x05,0x05,0x00,0x00,0x00,0xE9
	.byte 0x6E,0xA7,0xFF,0xFF,0x49,0x8B,0x46,0x38,0x49,0x8B,0x76,0x40,0x49,0x89,0x7E,0x40
	.byte 0xE9,0x15,0x00,0x00,0x00,0x90,0x49,0x8B,0x76,0x40,0x49,0x89,0x7E,0x40,0x49,0x8B
	.byte 0x46,0x38,0x4D,0x8B,0x5E,0x58,0x4D,0x89,0x5E,0x30,0x49,0x89,0x46,0x58,0x48,0xC1
	.byte 0xE8,0x09,0x4C,0x01,0xE0,0x48,0x8B,0x50,0x18,0xBF,0x0C,0x00,0x00,0x00,0x48,0x01
	.byte 0xF7,0xB8,0x00,0x00,0x00,0x00,0x40,0x0F,0x90,0xC0,0x49,0x89,0x76,0x18,0x48,0x09
	.byte 0xC6,0x48,0x83,0xCE,0x0C,0x48,0xF7,0xC6,0x01,0x00,0x00,0x00,0x0F,0x84,0x48,0x00
	.byte 0x00,0x00,0xBF,0x0C,0x00,0x00,0x00,0x49,0x8B,0x76,0x18,0x49,0x89,0x56,0x10,0x4D
	.byte 0x8B,0x56,0x50,0x4D,0x8B,0x5E,0x40,0x4D,0x89,0x5E,0x50,0x4D,0x8B,0x5E,0x48,0x4D
	.byte 0x89,0x5E,0x40,0x4D,0x89,0x56,0x48,0x49,0x89,0x7E,0x38,0x41,0xBB,0x86,0x00,0x00
	.byte 0x00,0x4D,0x89,0x1E,0x48,0x8D,0x05,0x05,0x00,0x00,0x00,0xE9,0xD2,0xA6,0xFF,0xFF
	.byte 0x49,0x8B,0x76,0x50,0xE9,0x19,0x00,0x00,0x00,0x90,0x49,0x89,0x56,0x10,0x49,0x8B
	.byte 0x76,0x40,0x4D,0x8B,0x5E,0x48,0x4D,0x89,0x5E,0x40,0x4D,0x8B,0x5E,0x50,0x4D,0x89
	.byte 0x5E,0x48,0x48,0x89,0xF9,0x48,0x01,0xF1,0xB8,0x00,0x00,0x00,0x00,0x40,0x0F,0x90
	.byte 0xC0,0x48,0x89,0xF2,0x48,0x09,0xFA,0x48,0x09,0xC2,0x48,0xF7,0xC2,0x01,0x00,0x00
	.byte 0x00,0x0F,0x84,0x2B,0x00,0x00,0x00,0x49,0x89,0x7E,0x38,0x49,0x89,0x76,0x50,0x41
	.byte 0xBB,0x87,0x00,0x00,0x00,0x4D,0x89,0x1E,0x48,0x8D,0x05,0x05,0x00,0x00,0x00,0xE9
	.byte 0x6E,0xA6,0xFF,0xFF,0x49,0x8B,0x76,0x50,0x49,0x89,0x7E,0x50,0xE9,0x05,0x00,0x00
	.byte 0x00,0x90,0x49,0x89,0x4E,0x50,0xBF,0x08,0x00,0x00,0x00,0x48,0x01,0xF7,0xB8,0x00
	.byte 0x00,0x00,0x00,0x40,0x0F,0x90,0xC0,0x49,0x89,0x76,0x28,0x48,0x09,0xC6,0x48,0x83
	.byte 0xCE,0x08,0x48,0xF7,0xC6,0x01,0x00,0x00,0x00,0x0F,0x84,0x31,0x00,0x00,0x00,0xBF
	.byte 0x08,0x00,0x00,0x00,0x49,0x8B,0x76,0x28,0x49,0x89,0x7E,0x38,0x41,0xBB,0x88,0x00
	.byte 0x00,0x00,0x4D,0x89,0x1E,0x48,0x8D,0x05,0x06,0x00,0x00,0x00,0xE9,0x11,0xA6,0xFF
	.byte 0xFF,0x90,0x49,0x8B,0x4E,0x50,0x49,0x89,0x7E,0x38,0xE9,0x09,0x00,0x00,0x00,0x90
	.byte 0x49,0x89,0x7E,0x38,0x49,0x8B,0x4E,0x50,0xBA,0x08,0x00,0x00,0x00,0x48,0xBF,0xFC
	.byte 0xFF,0xFF,0xFF,0xFF,0xFF,0xFF,0xFF,0x48,0x01,0xCF,0xB8,0x00,0x00,0x00,0x00,0x40
	.byte 0x0F,0x90,0xC0,0x48,0x89,0xCE,0x48,0x09,0xC6,0x48,0x83,0xCE,0xFC,0x48,0xF7,0xC6
	.byte 0x01,0x00,0x00,0x00,0x0F,0x84,0x38,0x00,0x00,0x00,0x48,0xBF,0xFC,0xFF,0xFF,0xFF
	.byte 0xFF,0xFF,0xFF,0xFF,0x48,0x89,0xCE,0x49,0x89,0x56,0x50,0x49,0x89,0x7E,0x08,0x49
	.byte 0x89,0x4E,0x20,0x41,0xBB,0x89,0x00,0x00,0x00,0x4D,0x89,0x1E,0x48,0x8D,0x05,0x05
	.byte 0x00,0x00,0x00,0xE9,0x9A,0xA5,0xFF,0xFF,0x49,0x8B,0x4E,0x20,0xE9,0x05,0x00,0x00
	.byte 0x00,0x90,0x49,0x89,0x56,0x50,0x48,0x89,0xF8,0x48,0xD1,0xE8,0x48,0x89,0xCE,0x48
	.byte 0xF7,0xE6,0x48,0x89,0xCE,0x48,0x09,0xF9,0x48,0x83,0xE1,0x01,0x48,0x09,0xD1,0x48
	.byte 0xD1,0xE8,0x48,0x83,0xF9,0x00,0x0F,0x84,0x3A,0x00,0x00,0x00,0x49,0x89,0x7E,0x08
	.byte 0x49,0x89,0x76,0x20,0x41,0xBB,0x8A,0x00,0x00,0x00,0x4D,0x89,0x1E,0x48,0x8D,0x05
	.byte 0x06,0x00,0x00,0x00,0xE9,0x5B,0xA5,0xFF,0xFF,0x90,0x48,0x89,0xF8,0x49,0x8B,0x4E
	.byte 0x50,0x4D,0x8B,0x5E,0x38,0x4D,0x89,0x5E,0x50,0x4D,0x8B,0x5E,0x28,0x4D,0x89,0x5E
	.byte 0x38,0xE9,0x14,0x00,0x00,0x00,0x49,0x8B,0x4E,0x50,0x4D,0x8B,0x5E,0x38,0x4D,0x89
	.byte 0x5E,0x50,0x4D,0x8B,0x5E,0x28,0x4D,0x89,0x5E,0x38,0x48,0x89,0xC6,0x48,0x83,0xCE
	.byte 0x08,0x48,0x89,0xF7,0x48,0xC1,0xEF,0x3F,0x48,0x09,0xF7,0x48,0xF7,0xC7,0x01,0x00
	.byte 0x00,0x00,0x0F,0x84,0x3A,0x00,0x00,0x00,0xBE,0x08,0x00,0x00,0x00,0x48,0x89,0xC7
	.byte 0x49,0x89,0x76,0x28,0x49,0x89,0x46,0x20,0x41,0xBB,0x8B,0x00,0x00,0x00,0x4D,0x89
	.byte 0x1E,0x48,0x8D,0x05,0x06,0x00,0x00,0x00,0xE9,0xF1,0xA4,0xFF,0xFF,0x90,0x48,0x89
	.byte 0xFA,0x49,0x8B,0x76,0x50,0x4D,0x8B,0x5E,0x38,0x4D,0x89,0x5E,0x50,0xE9,0x18,0x00
	.byte 0x00,0x00,0x31,0xD2,0x48,0xF7,0xF1,0x48,0x89,0xC2,0x48,0xC1,0xE2,0x02,0x49,0x8B
	.byte 0x76,0x50,0x4D,0x8B,0x5E,0x38,0x4D,0x89,0x5E,0x50,0x48,0x89,0xD7,0x48,0x01,0xF7
	.byte 0xB8,0x00,0x00,0x00,0x00,0x40,0x0F,0x90,0xC0,0x48,0x89,0xF1,0x48,0x09,0xD1,0x48
	.byte 0x09,0xC1,0x48,0xF7,0xC1,0x01,0x00,0x00,0x00,0x0F,0x84,0x2B,0x00,0x00,0x00,0x48
	.byte 0x89,0xD7,0x49,0x89,0x56,0x28,0x49,0x89,0x76,0x38,0x41,0xBB,0x8C,0x00,0x00,0x00
	.byte 0x4D,0x89,0x1E,0x48,0x8D,0x05,0x06,0x00,0x00,0x00,0xE9,0x63,0xA4,0xFF,0xFF,0x90
	.byte 0x49,0x8B,0x76,0x50,0xE9,0x05,0x00,0x00,0x00,0x90,0x49,0x8B,0x76,0x50,0x49,0x8B
	.byte 0x45,0xB8,0x48,0x8B,0x40,0x10,0x48,0xD1,0xE7,0x4C,0x01,0xE7,0x48,0xC1,0xE8,0x09
	.byte 0x48,0x01,0xC7,0x48,0x8B,0x57,0x08,0xBF,0x18,0x00,0x00,0x00,0x48,0x01,0xF7,0xB8
	.byte 0x00,0x00,0x00,0x00,0x40,0x0F,0x90,0xC0,0x49,0x89,0x76,0x20,0x48,0x09,0xC6,0x48
	.byte 0x83,0xCE,0x18,0x48,0xF7,0xC6,0x01,0x00,0x00,0x00,0x0F,0x84,0x2C,0x00,0x00,0x00
	.byte 0xBF,0x18,0x00,0x00,0x00,0x49,0x8B,0x76,0x20,0x49,0x89,0x7E,0x50,0x49,0x89,0x56
	.byte 0x38,0x41,0xBB,0x8D,0x00,0x00,0x00,0x4D,0x89,0x1E,0x48,0x8D,0x05,0x05,0x00,0x00
	.byte 0x00,0xE9,0xEC,0xA3,0xFF,0xFF,0xE9,0x05,0x00,0x00,0x00,0x90,0x49,0x89,0x56,0x38
	.byte 0xB8,0x0C,0x00,0x00,0x00,0x48,0xF7,0xC7,0x01,0x00,0x00,0x00,0x0F,0x84,0x70,0x00
	.byte 0x00,0x00,0x48,0xBF,0xFF,0xFF,0xFF,0xFF,0xFF,0xFF,0xFF,0xFF,0x41,0xBB,0x8E,0x00
	.byte 0x00,0x00,0x4D,0x89,0x1E,0x48,0x8D,0x05,0x06,0x00,0x00,0x00,0xE9,0x17,0x97,0xFF
	.byte 0xFF,0x90,0x45,0x31,0xDB,0x4D,0x89,0x5E,0x18,0x4D,0x8B,0x5E,0x18,0x4D,0x89,0x5E
	.byte 0x58,0x4D,0x8B,0x5E,0x18,0x4D,0x89,0x5E,0x50,0x4D,0x8B,0x5E,0x18,0x4D,0x89,0x5E
	.byte 0x10,0x4D,0x8B,0x5E,0x18,0x4D,0x89,0x5E,0x48,0x4D,0x8B,0x5E,0x18,0x4D,0x89,0x5E
	.byte 0x40,0x4D,0x8B,0x5E,0x18,0x4D,0x89,0x5E,0x38,0x4D,0x8B,0x5E,0x18,0x4D,0x89,0x5E
	.byte 0x30,0x49,0x8B,0x7E,0x18,0x4D,0x8B,0x5E,0x18,0x4D,0x89,0x5E,0x20,0xE9,0x04,0x00
	.byte 0x00,0x00,0x49,0x89,0x46,0x50,0x49,0x89,0x7E,0x28,0x48,0xC1,0xEF,0x02,0x49,0xBA
	.byte 0x00,0x00,0x00,0x00,0x01,0x00,0x00,0x00,0x4C,0x39,0xD7,0x0F,0x82,0x0F,0x00,0x00
	.byte 0x00,0x48,0xBF,0xFF,0xFF,0xFF,0xFF,0xFF,0xFF,0xFF,0xFF,0xE9,0x08,0x00,0x00,0x00
	.byte 0x48,0x83,0xC7,0x01,0x48,0xC1,0xE7,0x03,0x49,0x8B,0x45,0xD8,0x49,0x8B,0x75,0xF8
	.byte 0x48,0x29,0xF0,0x48,0x39,0xF8,0x0F,0x82,0x32,0x00,0x00,0x00,0x4D,0x8B,0x46,0x58
	.byte 0x49,0x8B,0x4E,0x50,0x4D,0x8B,0x5E,0x48,0x4D,0x89,0x5E,0x58,0x4D,0x8B,0x7E,0x40
	.byte 0x49,0x8B,0x5E,0x38,0x4D,0x8B,0x4E,0x30,0x49,0x8B,0x46,0x28,0x49,0x8B,0x56,0x20
	.byte 0x4D,0x8B,0x5E,0x18,0x4D,0x89,0x5E,0x40,0xE9,0x43,0x00,0x00,0x00,0x90,0x41,0xBB
	.byte 0x8F,0x00,0x00,0x00,0x4D,0x89,0x1E,0x48,0x8D,0x05,0x06,0x00,0x00,0x00,0xE9,0x35
	.byte 0x96,0xFF,0xFF,0x90,0x4D,0x8B,0x46,0x58,0x49,0x8B,0x4E,0x50,0x4D,0x8B,0x5E,0x48
	.byte 0x4D,0x89,0x5E,0x58,0x4D,0x8B,0x7E,0x40,0x49,0x8B,0x5E,0x38,0x4D,0x8B,0x4E,0x30
	.byte 0x49,0x8B,0x46,0x28,0x49,0x8B,0x56,0x20,0x4D,0x8B,0x5E,0x18,0x4D,0x89,0x5E,0x40
	.byte 0x49,0x8B,0x7D,0xF8,0x48,0x89,0xC6,0x48,0xC1,0xE6,0x1E,0x48,0x81,0xCE,0xF3,0x01
	.byte 0x00,0x00,0x49,0x89,0x46,0x50,0x48,0xC1,0xE8,0x02,0x48,0x89,0x37,0x48,0x89,0x5F
	.byte 0x08,0x4D,0x8B,0x56,0x40,0x4C,0x89,0x57,0x10,0x4D,0x8B,0x56,0x10,0x4C,0x89,0x57
	.byte 0x18,0x4C,0x89,0x7F,0x20,0x4D,0x8B,0x56,0x58,0x4C,0x89,0x57,0x28,0x4C,0x89,0x4F
	.byte 0x30,0x48,0x89,0xFE,0x49,0x89,0x7E,0x48,0x4C,0x29,0xE6,0x48,0xC1,0xE6,0x09,0x48
	.byte 0x83,0xCE,0x01,0x48,0x81,0xCE,0xE0,0x01,0x00,0x00,0x48,0x83,0xF8,0x0F,0x0F,0x82
	.byte 0x10,0x00,0x00,0x00,0x48,0x83,0xCE,0x1E,0x48,0x89,0xC7,0x48,0x89,0xF0,0xE9,0x0B
	.byte 0x00,0x00,0x00,0x90,0x48,0x89,0xC7,0x48,0xD1,0xE0,0x48,0x09,0xF0,0x90,0x48,0xC1
	.byte 0xE7,0x03,0x49,0x8B,0x76,0x48,0x48,0x01,0xF7,0x48,0x83,0xC7,0x08,0x49,0x89,0x7D
	.byte 0xF8,0x48,0x89,0xD7,0x48,0x89,0xF2,0x48,0x83,0xC2,0x38,0x48,0x89,0xCE,0x49,0x89
	.byte 0x4E,0x38,0x48,0xD1,0xE6,0x4C,0x01,0xE6,0x4D,0x89,0x46,0x20,0x49,0xC1,0xE8,0x09
	.byte 0x4C,0x01,0xC6,0x48,0x83,0xC6,0x08,0x48,0x85,0xFF,0x0F,0x84,0x32,0x00,0x00,0x00
	.byte 0x48,0x89,0xC1,0x4D,0x89,0x7E,0x30,0x49,0x89,0x5E,0x48,0x4D,0x89,0x4E,0x18,0x49
	.byte 0x89,0x7E,0x28,0x41,0xBB,0x90,0x00,0x00,0x00,0x4D,0x89,0x1E,0x48,0x8D,0x05,0x05
	.byte 0x00,0x00,0x00,0xE9,0xD4,0xA7,0xFF,0xFF,0x49,0x8B,0x46,0x60,0xE9,0x09,0x00,0x00
	.byte 0x00,0x90,0x48,0x89,0xC7,0x49,0x8B,0x46,0x60,0x90,0x49,0x83,0xC6,0x68,0xFF,0xE0
	.byte 0x49,0x83,0xEE,0x70,0x4D,0x39,0xEE,0x0F,0x82,0xEF,0x94,0xFF,0xFF,0x90,0x48,0x89
	.byte 0xC3,0x4C,0x89,0xC0,0x49,0x89,0x7E,0x50,0x48,0xC1,0xE8,0x09,0x4C,0x01,0xE0,0x4C
	.byte 0x8B,0x48,0x10,0x48,0xBF,0xF0,0xFF,0xFF,0xFF,0xFF,0xFF,0xFF,0xFF,0x4C,0x01,0xCF
	.byte 0xB8,0x00,0x00,0x00,0x00,0x40,0x0F,0x90,0xC0,0x4D,0x89,0xCF,0x49,0x09,0xC7,0x49
	.byte 0x83,0xCF,0xF0,0x49,0xF7,0xC7,0x01,0x00,0x00,0x00,0x0F,0x84,0x44,0x00,0x00,0x00
	.byte 0x48,0xBF,0xF0,0xFF,0xFF,0xFF,0xFF,0xFF,0xFF,0xFF,0x49,0x89,0x76,0x58,0x4C,0x89
	.byte 0xCE,0x49,0x89,0x5E,0x68,0x49,0x89,0x4E,0x60,0x4D,0x89,0x4E,0x30,0x4D,0x89,0x46
	.byte 0x48,0x49,0x89,0x56,0x40,0x49,0x89,0x7E,0x38,0x41,0xBB,0x91,0x00,0x00,0x00,0x4D
	.byte 0x89,0x1E,0x48,0x8D,0x05,0x05,0x00,0x00,0x00,0xE9,0x14,0xA1,0xFF,0xFF,0xE9,0x15
	.byte 0x00,0x00,0x00,0x90,0x49,0x89,0x5E,0x68,0x49,0x89,0x4E,0x60,0x49,0x89,0x76,0x58
	.byte 0x4D,0x89,0x46,0x48,0x49,0x89,0x56,0x40,0x31,0xD2,0x31,0xC0,0x48,0xF7,0xC7,0x01
	.byte 0x00,0x00,0x00,0x0F,0x84,0x3D,0x00,0x00,0x00,0x31,0xF6,0x4D,0x8B,0x5E,0x40,0x4D
	.byte 0x89,0x5E,0x38,0x49,0x89,0x7E,0x40,0x49,0x89,0x56,0x30,0x41,0xBB,0x92,0x00,0x00
	.byte 0x00,0x4D,0x89,0x1E,0x48,0x8D,0x05,0x05,0x00,0x00,0x00,0xE9,0x3A,0xA1,0xFF,0xFF
	.byte 0x49,0x8B,0x76,0x48,0x4D,0x8B,0x5E,0x38,0x4D,0x89,0x5E,0x48,0xB8,0x01,0x00,0x00
	.byte 0x00,0xE9,0x10,0x00,0x00,0x00,0x49,0x8B,0x76,0x48,0x4D,0x8B,0x5E,0x40,0x4D,0x89
	.byte 0x5E,0x48,0x49,0x89,0x7E,0x40,0x48,0x39,0xC7,0x0F,0x8D,0x9F,0x05,0x00,0x00,0x48
	.byte 0x89,0xF0,0x48,0xC1,0xEE,0x09,0x4C,0x01,0xE6,0x48,0x8B,0x7E,0x10,0x48,0x83,0xFF
	.byte 0x14,0x0F,0x8D,0x6D,0x02,0x00,0x00,0x48,0x83,0xFF,0x08,0x0F,0x8D,0x05,0x01,0x00
	.byte 0x00,0x48,0x83,0xFF,0x04,0x0F,0x8D,0x8B,0x00,0x00,0x00,0x48,0x89,0xC6,0x48,0xC1
	.byte 0xE8,0x09,0x4C,0x01,0xE0,0x48,0x8B,0x50,0x08,0x49,0x8B,0x7E,0x60,0x4D,0x8B,0x5E
	.byte 0x58,0x4D,0x89,0x5E,0x60,0x4D,0x8B,0x5E,0x50,0x4D,0x89,0x5E,0x58,0x4D,0x8B,0x5E
	.byte 0x48,0x4D,0x89,0x5E,0x50,0x41,0xBB,0x93,0x00,0x00,0x00,0x4D,0x89,0x1E,0x48,0x8D
	.byte 0x05,0x03,0x00,0x00,0x00,0xFF,0xE2,0x90,0x49,0x89,0xF8,0x49,0x8B,0x46,0x68,0x49
	.byte 0x8B,0x76,0x60,0x49,0x8B,0x7E,0x58,0x49,0x8B,0x56,0x50,0x4C,0x89,0xC1,0x49,0xC1
	.byte 0xE8,0x09,0x4D,0x01,0xE0,0x4D,0x8B,0x40,0x10,0x49,0x83,0xF8,0x08,0x0F,0x85,0x19
	.byte 0x00,0x00,0x00,0x49,0x89,0xC9,0x48,0xC1,0xE9,0x09,0x4C,0x01,0xE1,0x4C,0x8B,0x41
	.byte 0x08,0x4C,0x89,0xC9,0x49,0x83,0xC6,0x70,0x41,0xFF,0xE0,0x90,0x49,0x83,0xC6,0x08
	.byte 0xE9,0x75,0xEE,0xFF,0xFF,0x90,0x48,0x89,0xC2,0x48,0xC1,0xE8,0x09,0x4C,0x01,0xE0
	.byte 0x48,0x8B,0x48,0x08,0x49,0x8B,0x7E,0x48,0x49,0x8B,0x76,0x60,0x41,0xBB,0x94,0x00
	.byte 0x00,0x00,0x4D,0x89,0x1E,0x48,0x8D,0x05,0x02,0x00,0x00,0x00,0xFF,0xE1,0x49,0x8B
	.byte 0x46,0x68,0x49,0x8B,0x76,0x58,0x4D,0x8B,0x46,0x50,0x48,0x89,0xFA,0x48,0xC1,0xEF
	.byte 0x09,0x4C,0x01,0xE7,0x48,0x8B,0x7F,0x10,0x48,0x83,0xFF,0x04,0x0F,0x85,0x18,0x00
	.byte 0x00,0x00,0x48,0x89,0xD7,0x48,0xC1,0xEF,0x09,0x4C,0x01,0xE7,0x48,0x8B,0x4F,0x08
	.byte 0x4C,0x89,0xC7,0x49,0x83,0xC6,0x70,0xFF,0xE1,0x90,0x4C,0x89,0xC7,0x49,0x83,0xC6
	.byte 0x10,0xE9,0xC4,0xDE,0xFF,0xFF,0x48,0x83,0xFF,0x0C,0x0F,0x8D,0x70,0x00,0x00,0x00
	.byte 0x48,0x89,0xC1,0x48,0xC1,0xE8,0x09,0x4C,0x01,0xE0,0x4C,0x8B,0x40,0x08,0x49,0x8B
	.byte 0x7E,0x58,0x49,0x8B,0x76,0x48,0x49,0x8B,0x56,0x60,0x41,0xBB,0x95,0x00,0x00,0x00
	.byte 0x4D,0x89,0x1E,0x48,0x8D,0x05,0x04,0x00,0x00,0x00,0x41,0xFF,0xE0,0x90,0x48,0x89
	.byte 0xFA,0x49,0x8B,0x46,0x68,0x49,0x8B,0x7E,0x50,0x48,0x89,0xD6,0x48,0xC1,0xEA,0x09
	.byte 0x4C,0x01,0xE2,0x48,0x8B,0x52,0x10,0x48,0x83,0xFA,0x00,0x0F,0x85,0x15,0x00,0x00
	.byte 0x00,0x48,0x89,0xF2,0x48,0xC1,0xEA,0x09,0x4C,0x01,0xE2,0x48,0x8B,0x52,0x08,0x49
	.byte 0x83,0xC6,0x70,0xFF,0xE2,0x90,0x49,0x83,0xC6,0x20,0xE9,0x63,0xD0,0xFF,0xFF,0x90
	.byte 0x48,0x83,0xFF,0x10,0x0F,0x8D,0x6C,0x00,0x00,0x00,0x49,0x89,0xC0,0x48,0xC1,0xE8
	.byte 0x09,0x4C,0x01,0xE0,0x4C,0x8B,0x48,0x08,0x49,0x8B,0x7E,0x50,0x49,0x8B,0x76,0x58
	.byte 0x49,0x8B,0x56,0x48,0x49,0x8B,0x4E,0x60,0x41,0xBB,0x96,0x00,0x00,0x00,0x4D,0x89
	.byte 0x1E,0x48,0x8D,0x05,0x04,0x00,0x00,0x00,0x41,0xFF,0xE1,0x90,0x49,0x8B,0x46,0x68
	.byte 0x48,0x89,0xFE,0x48,0xC1,0xEE,0x09,0x4C,0x01,0xE6,0x48,0x8B,0x76,0x10,0x48,0x83
	.byte 0xFE,0x00,0x0F,0x85,0x14,0x00,0x00,0x00,0x48,0x89,0xFE,0x48,0xC1,0xEE,0x09,0x4C
	.byte 0x01,0xE6,0x48,0x8B,0x76,0x08,0x49,0x83,0xC6,0x70,0xFF,0xE6,0x49,0x83,0xC6,0x20
	.byte 0xE9,0xED,0xCF,0xFF,0xFF,0x90,0x49,0x89,0xC1,0x48,0xC1,0xE8,0x09,0x4C,0x01,0xE0
	.byte 0x48,0x8B,0x58,0x08,0x49,0x8B,0x7E,0x40,0x49,0x8B,0x76,0x50,0x49,0x8B,0x56,0x58
	.byte 0x49,0x8B,0x4E,0x48,0x4D,0x8B,0x46,0x60,0x41,0xBB,0x97,0x00,0x00,0x00,0x4D,0x89
	.byte 0x1E,0x48,0x8D,0x05,0x02,0x00,0x00,0x00,0xFF,0xE3,0x49,0x8B,0x46,0x68,0x48,0x89
	.byte 0xFE,0x48,0xC1,0xEE,0x09,0x4C,0x01,0xE6,0x48,0x8B,0x76,0x10,0x48,0x83,0xFE,0x00
	.byte 0x0F,0x85,0x14,0x00,0x00,0x00,0x48,0x89,0xFE,0x48,0xC1,0xEE,0x09,0x4C,0x01,0xE6
	.byte 0x48,0x8B,0x76,0x08,0x49,0x83,0xC6,0x70,0xFF,0xE6,0x49,0x83,0xC6,0x20,0xE9,0x7F
	.byte 0xCF,0xFF,0xFF,0x90,0x48,0x83,0xFF,0x1C,0x0F,0x8D,0xFC,0x00,0x00,0x00,0x48,0x83
	.byte 0xFF,0x18,0x0F,0x8D,0x70,0x00,0x00,0x00,0x48,0x89,0xC3,0x48,0xC1,0xE8,0x09,0x4C
	.byte 0x01,0xE0,0x4C,0x8B,0x78,0x08,0x49,0x8B,0x76,0x40,0x49,0x8B,0x56,0x50,0x49,0x8B
	.byte 0x4E,0x58,0x4D,0x8B,0x46,0x48,0x4D,0x8B,0x4E,0x60,0x41,0xBB,0x98,0x00,0x00,0x00
	.byte 0x4D,0x89,0x1E,0x48,0x8D,0x05,0x04,0x00,0x00,0x00,0x41,0xFF,0xE7,0x90,0x49,0x8B
	.byte 0x46,0x68,0x48,0x89,0xFE,0x48,0xC1,0xEE,0x09,0x4C,0x01,0xE6,0x48,0x8B,0x76,0x10
	.byte 0x48,0x83,0xFE,0x00,0x0F,0x85,0x14,0x00,0x00,0x00,0x48,0x89,0xFE,0x48,0xC1,0xEE
	.byte 0x09,0x4C,0x01,0xE6,0x48,0x8B,0x76,0x08,0x49,0x83,0xC6,0x70,0xFF,0xE6,0x49,0x83
	.byte 0xC6,0x20,0xE9,0xFB,0xCE,0xFF,0xFF,0x90,0x49,0x89,0xC7,0x48,0xC1,0xE8,0x09,0x4C
	.byte 0x01,0xE0,0x48,0x8B,0x40,0x08,0x48,0x89,0xFE,0x49,0x8B,0x56,0x40,0x49,0x8B,0x4E
	.byte 0x50,0x4D,0x8B,0x46,0x58,0x4D,0x8B,0x4E,0x48,0x49,0x8B,0x5E,0x60,0x4D,0x8B,0x5E
	.byte 0x68,0x4D,0x89,0x5E,0x60,0x49,0x89,0x46,0x68,0x4D,0x8B,0x56,0x68,0x41,0xBB,0x99
	.byte 0x00,0x00,0x00,0x4D,0x89,0x1E,0x48,0x8D,0x05,0x03,0x00,0x00,0x00,0x41,0xFF,0xE2
	.byte 0x49,0x8B,0x46,0x60,0x48,0x89,0xFE,0x48,0xC1,0xEE,0x09,0x4C,0x01,0xE6,0x48,0x8B
	.byte 0x76,0x10,0x48,0x83,0xFE,0x00,0x0F,0x85,0x14,0x00,0x00,0x00,0x48,0x89,0xFE,0x48
	.byte 0xC1,0xEE,0x09,0x4C,0x01,0xE6,0x48,0x8B,0x76,0x08,0x49,0x83,0xC6,0x70,0xFF,0xE6
	.byte 0x49,0x83,0xC6,0x20,0xE9,0x79,0xCE,0xFF,0xFF,0x90,0x48,0x83,0xFF,0x20,0x0F,0x8D
	.byte 0x9E,0x00,0x00,0x00,0x48,0x89,0xC6,0x48,0xC1,0xE8,0x09,0x4C,0x01,0xE0,0x48,0x8B
	.byte 0x40,0x08,0x4D,0x8B,0x4E,0x58,0x4D,0x8B,0x5E,0x68,0x4D,0x89,0x5E,0x58,0x49,0x89
	.byte 0x76,0x68,0x48,0x89,0xFE,0x48,0x89,0xFA,0x49,0x8B,0x4E,0x40,0x4D,0x8B,0x46,0x50
	.byte 0x49,0x8B,0x5E,0x48,0x4D,0x8B,0x7E,0x60,0x49,0x89,0x46,0x60,0x4D,0x8B,0x56,0x60
	.byte 0x41,0xBB,0x9A,0x00,0x00,0x00,0x4D,0x89,0x1E,0x49,0x83,0xEE,0x08,0x4D,0x39,0xEE
	.byte 0x0F,0x82,0x06,0x90,0xFF,0xFF,0x4D,0x8B,0x5E,0x70,0x4D,0x89,0x1E,0x48,0x8D,0x05
	.byte 0x04,0x00,0x00,0x00,0x41,0xFF,0xE2,0x90,0x49,0x8B,0x46,0x58,0x48,0x89,0xFE,0x48
	.byte 0xC1,0xEE,0x09,0x4C,0x01,0xE6,0x48,0x8B,0x76,0x10,0x48,0x83,0xFE,0x00,0x0F,0x85
	.byte 0x14,0x00,0x00,0x00,0x48,0x89,0xFE,0x48,0xC1,0xEE,0x09,0x4C,0x01,0xE6,0x48,0x8B
	.byte 0x76,0x08,0x49,0x83,0xC6,0x70,0xFF,0xE6,0x49,0x83,0xC6,0x20,0xE9,0xD1,0xCD,0xFF
	.byte 0xFF,0x90,0x48,0x83,0xFF,0x24,0x0F,0x8D,0xAC,0x00,0x00,0x00,0x48,0x89,0xC6,0x48
	.byte 0xC1,0xE8,0x09,0x4C,0x01,0xE0,0x48,0x8B,0x40,0x08,0x4D,0x8B,0x4E,0x50,0x4D,0x8B
	.byte 0x5E,0x68,0x4D,0x89,0x5E,0x50,0x4D,0x8B,0x5E,0x60,0x4D,0x89,0x5E,0x68,0x49,0x89
	.byte 0x76,0x60,0x48,0x89,0xFE,0x48,0x89,0xFA,0x48,0x89,0xF9,0x4D,0x8B,0x46,0x40,0x49
	.byte 0x8B,0x5E,0x58,0x4D,0x8B,0x7E,0x48,0x49,0x89,0x46,0x58,0x4D,0x8B,0x56,0x58,0x41
	.byte 0xBB,0x9B,0x00,0x00,0x00,0x4D,0x89,0x1E,0x49,0x83,0xEE,0x10,0x4D,0x39,0xEE,0x0F
	.byte 0x82,0x57,0x8F,0xFF,0xFF,0x4D,0x8B,0x5E,0x78,0x4D,0x89,0x5E,0x08,0x4D,0x8B,0x5E
	.byte 0x70,0x4D,0x89,0x1E,0x48,0x8D,0x05,0x03,0x00,0x00,0x00,0x41,0xFF,0xE2,0x49,0x8B
	.byte 0x46,0x50,0x48,0x89,0xFE,0x48,0xC1,0xEE,0x09,0x4C,0x01,0xE6,0x48,0x8B,0x76,0x10
	.byte 0x48,0x83,0xFE,0x00,0x0F,0x85,0x14,0x00,0x00,0x00,0x48,0x89,0xFE,0x48,0xC1,0xEE
	.byte 0x09,0x4C,0x01,0xE6,0x48,0x8B,0x76,0x08,0x49,0x83,0xC6,0x70,0xFF,0xE6,0x49,0x83
	.byte 0xC6,0x20,0xE9,0x1B,0xCD,0xFF,0xFF,0x90,0x48,0x89,0xC6,0x48,0xC1,0xE8,0x09,0x4C
	.byte 0x01,0xE0,0x48,0x8B,0x40,0x08,0x4D,0x8B,0x7E,0x58,0x49,0x89,0x76,0x58,0x48,0x89
	.byte 0xFE,0x48,0x89,0xFA,0x48,0x89,0xF9,0x49,0x89,0xF8,0x4D,0x8B,0x4E,0x40,0x49,0x8B
	.byte 0x5E,0x50,0x4D,0x8B,0x56,0x48,0x4D,0x8B,0x5E,0x68,0x4D,0x89,0x5E,0x48,0x4D,0x89
	.byte 0x56,0x68,0x49,0x89,0x46,0x50,0x4D,0x8B,0x56,0x50,0x41,0xBB,0x9C,0x00,0x00,0x00
	.byte 0x4D,0x89,0x1E,0x49,0x83,0xEE,0x18,0x4D,0x39,0xEE,0x0F,0x82,0xAC,0x8E,0xFF,0xFF
	.byte 0x4D,0x8B,0x9E,0x80,0x00,0x00,0x00,0x4D,0x89,0x5E,0x10,0x4D,0x8B,0x5E,0x78,0x4D
	.byte 0x89,0x5E,0x08,0x4D,0x8B,0x5E,0x70,0x4D,0x89,0x1E,0x48,0x8D,0x05,0x03,0x00,0x00
	.byte 0x00,0x41,0xFF,0xE2,0x49,0x8B,0x46,0x48,0x48,0x89,0xFE,0x48,0xC1,0xEE,0x09,0x4C
	.byte 0x01,0xE6,0x48,0x8B,0x76,0x10,0x48,0x83,0xFE,0x00,0x0F,0x85,0x14,0x00,0x00,0x00
	.byte 0x48,0x89,0xFE,0x48,0xC1,0xEE,0x09,0x4C,0x01,0xE6,0x48,0x8B,0x76,0x08,0x49,0x83
	.byte 0xC6,0x70,0xFF,0xE6,0x49,0x83,0xC6,0x20,0xE9,0x65,0xCC,0xFF,0xFF,0x90,0x48,0xF7
	.byte 0xC6,0x01,0x00,0x00,0x00,0x0F,0x84,0x1F,0x00,0x00,0x00,0x48,0x89,0xF0,0x48,0xC1
	.byte 0xEE,0x09,0x4C,0x01,0xE6,0x48,0x8B,0x36,0x48,0xBF,0xFE,0xFF,0xFF,0xFF,0x00,0x00
	.byte 0x00,0x00,0x48,0x21,0xFE,0xE9,0x04,0x00,0x00,0x00,0x48,0x89,0xF0,0x90,0x48,0x81
	.byte 0xFE,0xE2,0x01,0x00,0x00,0x0F,0x85,0xC1,0x02,0x00,0x00,0x49,0x89,0x46,0x38,0x48
	.byte 0xC1,0xE8,0x09,0x4C,0x01,0xE0,0x48,0x8B,0x48,0x10,0xBA,0x08,0x00,0x00,0x00,0x48
	.byte 0xBF,0xFC,0xFF,0xFF,0xFF,0xFF,0xFF,0xFF,0xFF,0x48,0x01,0xCF,0xB8,0x00,0x00,0x00
	.byte 0x00,0x40,0x0F,0x90,0xC0,0x48,0x89,0xCE,0x48,0x09,0xC6,0x48,0x83,0xCE,0xFC,0x48
	.byte 0xF7,0xC6,0x01,0x00,0x00,0x00,0x0F,0x84,0x58,0x00,0x00,0x00,0x48,0xBF,0xFC,0xFF
	.byte 0xFF,0xFF,0xFF,0xFF,0xFF,0xFF,0x48,0x89,0xCE,0x4D,0x8B,0x5E,0x48,0x4D,0x89,0x5E
	.byte 0x30,0x4D,0x8B,0x5E,0x50,0x4D,0x89,0x5E,0x48,0x4D,0x8B,0x5E,0x58,0x4D,0x89,0x5E
	.byte 0x50,0x4D,0x8B,0x5E,0x60,0x4D,0x89,0x5E,0x58,0x49,0x89,0x56,0x60,0x49,0x89,0x7E
	.byte 0x20,0x49,0x89,0x4E,0x28,0x41,0xBB,0x9D,0x00,0x00,0x00,0x4D,0x89,0x1E,0x48,0x8D
	.byte 0x05,0x05,0x00,0x00,0x00,0xE9,0x28,0x9A,0xFF,0xFF,0x49,0x8B,0x4E,0x28,0xE9,0x25
	.byte 0x00,0x00,0x00,0x90,0x4D,0x8B,0x5E,0x48,0x4D,0x89,0x5E,0x30,0x4D,0x8B,0x5E,0x50
	.byte 0x4D,0x89,0x5E,0x48,0x4D,0x8B,0x5E,0x58,0x4D,0x89,0x5E,0x50,0x4D,0x8B,0x5E,0x60
	.byte 0x4D,0x89,0x5E,0x58,0x49,0x89,0x56,0x60,0x49,0x89,0xF8,0x48,0xD1,0xEF,0x48,0x89
	.byte 0xF8,0x48,0x89,0xCE,0x48,0xF7,0xE6,0x48,0x89,0xCE,0x4C,0x09,0xC1,0x48,0x83,0xE1
	.byte 0x01,0x48,0x09,0xD1,0x48,0x89,0xC7,0x48,0xD1,0xEF,0x48,0x83,0xF9,0x00,0x0F,0x84
	.byte 0x3A,0x00,0x00,0x00,0x4C,0x89,0xC7,0x4D,0x89,0x46,0x20,0x49,0x89,0x76,0x28,0x41
	.byte 0xBB,0x9E,0x00,0x00,0x00,0x4D,0x89,0x1E,0x48,0x8D,0x05,0x05,0x00,0x00,0x00,0xE9
	.byte 0xC0,0x99,0xFF,0xFF,0x49,0x8B,0x4E,0x60,0x4D,0x8B,0x5E,0x40,0x4D,0x89,0x5E,0x60
	.byte 0x4D,0x8B,0x5E,0x48,0x4D,0x89,0x5E,0x40,0xE9,0x15,0x00,0x00,0x00,0x90,0x49,0x8B
	.byte 0x4E,0x60,0x4D,0x8B,0x5E,0x40,0x4D,0x89,0x5E,0x60,0x4D,0x8B,0x5E,0x48,0x4D,0x89
	.byte 0x5E,0x40,0x48,0x89,0xF8,0x48,0x83,0xCF,0x08,0x48,0x89,0xFE,0x48,0xC1,0xEE,0x3F
	.byte 0x48,0x09,0xFE,0x48,0xF7,0xC6,0x01,0x00,0x00,0x00,0x0F,0x84,0x2E,0x00,0x00,0x00
	.byte 0xBE,0x08,0x00,0x00,0x00,0x48,0x89,0xC7,0x49,0x89,0x76,0x48,0x49,0x89,0x46,0x28
	.byte 0x41,0xBB,0x9F,0x00,0x00,0x00,0x4D,0x89,0x1E,0x48,0x8D,0x05,0x06,0x00,0x00,0x00
	.byte 0xE9,0x59,0x99,0xFF,0xFF,0x90,0x48,0x89,0xFE,0xE9,0x0C,0x00,0x00,0x00,0x31,0xD2
	.byte 0x48,0xF7,0xF1,0x48,0x89,0xC6,0x48,0xC1,0xE6,0x02,0xBF,0x0C,0x00,0x00,0x00,0x48
	.byte 0x01,0xF7,0xB8,0x00,0x00,0x00,0x00,0x40,0x0F,0x90,0xC0,0x48,0x89,0xF2,0x48,0x09
	.byte 0xC2,0x48,0x83,0xCA,0x0C,0x48,0xF7,0xC2,0x01,0x00,0x00,0x00,0x0F,0x84,0x2C,0x00
	.byte 0x00,0x00,0xBF,0x0C,0x00,0x00,0x00,0x49,0x89,0x76,0x48,0x49,0x89,0x7E,0x28,0x41
	.byte 0xBB,0xA0,0x00,0x00,0x00,0x4D,0x89,0x1E,0x48,0x8D,0x05,0x05,0x00,0x00,0x00,0xE9
	.byte 0xDE,0x98,0xFF,0xFF,0x49,0x89,0x7E,0x48,0xE9,0x05,0x00,0x00,0x00,0x90,0x49,0x89
	.byte 0x7E,0x48,0x49,0x8B,0x45,0xD8,0x49,0x8B,0x7D,0xF8,0x48,0x29,0xF8,0x48,0x83,0xF8
	.byte 0x40,0x0F,0x82,0x21,0x00,0x00,0x00,0x49,0x8B,0x7E,0x60,0x4D,0x8B,0x46,0x58,0x49
	.byte 0x8B,0x5E,0x50,0x49,0x8B,0x76,0x48,0x4D,0x8B,0x7E,0x40,0x49,0x8B,0x46,0x38,0x4D
	.byte 0x8B,0x4E,0x30,0xE9,0x36,0x00,0x00,0x00,0xBF,0x40,0x00,0x00,0x00,0x41,0xBB,0xA1
	.byte 0x00,0x00,0x00,0x4D,0x89,0x1E,0x48,0x8D,0x05,0x05,0x00,0x00,0x00,0xE9,0xE6,0x8B
	.byte 0xFF,0xFF,0x49,0x8B,0x7E,0x60,0x4D,0x8B,0x46,0x58,0x49,0x8B,0x5E,0x50,0x49,0x8B
	.byte 0x76,0x48,0x4D,0x8B,0x7E,0x40,0x49,0x8B,0x46,0x38,0x4D,0x8B,0x4E,0x30,0x49,0x8B
	.byte 0x55,0xB8,0x48,0x8B,0x52,0x10,0x48,0xD1,0xE6,0x4C,0x01,0xE6,0x48,0xC1,0xEA,0x09
	.byte 0x48,0x01,0xD6,0x48,0x8B,0x76,0x08,0x49,0x8B,0x55,0xF8,0x48,0xB9,0xF3,0x01,0x00
	.byte 0x00,0x07,0x00,0x00,0x00,0x48,0x89,0x0A,0x48,0x89,0x72,0x08,0x48,0x89,0xD6,0x48
	.byte 0x89,0x7E,0x10,0x48,0x89,0x46,0x18,0x4C,0x89,0x7E,0x20,0x48,0x89,0x5E,0x28,0x4C
	.byte 0x89,0x4E,0x30,0x4C,0x89,0x46,0x38,0x48,0x89,0xF7,0x4C,0x29,0xE7,0x48,0xC1,0xE7
	.byte 0x09,0x48,0x81,0xCF,0xEF,0x01,0x00,0x00,0x48,0x83,0xC6,0x40,0x49,0x89,0x75,0xF8
	.byte 0x4D,0x8B,0x5E,0x68,0x49,0x83,0xC6,0x70,0x41,0xFF,0xE3,0x90,0x48,0xA9,0x01,0x00
	.byte 0x00,0x00,0x0F,0x84,0x1C,0x00,0x00,0x00,0x49,0x89,0x46,0x38,0x48,0xC1,0xE8,0x09
	.byte 0x4C,0x01,0xE0,0x48,0x8B,0x30,0x48,0xC1,0xEE,0x20,0x48,0xC1,0xE6,0x02,0xE9,0x07
	.byte 0x00,0x00,0x00,0x90,0x31,0xF6,0x49,0x89,0x46,0x38,0x48,0xBF,0xF4,0xFF,0xFF,0xFF
	.byte 0xFF,0xFF,0xFF,0xFF,0x48,0x01,0xF7,0xB8,0x00,0x00,0x00,0x00,0x40,0x0F,0x90,0xC0
	.byte 0x48,0x89,0xF2,0x48,0x09,0xC2,0x48,0x83,0xCA,0xF4,0x48,0xF7,0xC2,0x01,0x00,0x00
	.byte 0x00,0x0F,0x84,0x51,0x00,0x00,0x00,0x48,0xBF,0xF4,0xFF,0xFF,0xFF,0xFF,0xFF,0xFF
	.byte 0xFF,0x4D,0x8B,0x56,0x58,0x4D,0x8B,0x5E,0x50,0x4D,0x89,0x5E,0x58,0x4D,0x89,0x56
	.byte 0x50,0x49,0x89,0x76,0x28,0x49,0x89,0x7E,0x30,0x41,0xBB,0xA2,0x00,0x00,0x00,0x4D
	.byte 0x89,0x1E,0x48,0x8D,0x05,0x05,0x00,0x00,0x00,0xE9,0x64,0x97,0xFF,0xFF,0x49,0x8B
	.byte 0x76,0x40,0x4D,0x8B,0x5E,0x58,0x4D,0x89,0x5E,0x40,0x49,0x8B,0x46,0x38,0x49,0x89
	.byte 0x7E,0x58,0xE9,0x1D,0x00,0x00,0x00,0x90,0x49,0x8B,0x76,0x40,0x4D,0x8B,0x5E,0x50
	.byte 0x4D,0x89,0x5E,0x40,0x4D,0x8B,0x5E,0x58,0x4D,0x89,0x5E,0x50,0x49,0x89,0x7E,0x58
	.byte 0x49,0x8B,0x46,0x38,0x49,0x89,0x46,0x30,0x48,0xC1,0xE8,0x09,0x4C,0x01,0xE0,0x48
	.byte 0x8B,0x50,0x18,0xBF,0x10,0x00,0x00,0x00,0x48,0x01,0xF7,0xB8,0x00,0x00,0x00,0x00
	.byte 0x40,0x0F,0x90,0xC0,0x49,0x89,0x76,0x38,0x48,0x09,0xC6,0x48,0x83,0xCE,0x10,0x48
	.byte 0xF7,0xC6,0x01,0x00,0x00,0x00,0x0F,0x84,0x40,0x00,0x00,0x00,0xBF,0x10,0x00,0x00
	.byte 0x00,0x49,0x8B,0x76,0x38,0x4D,0x8B,0x5E,0x60,0x4D,0x89,0x5E,0x10,0x49,0x89,0x7E
	.byte 0x60,0x49,0x89,0x56,0x20,0x4D,0x8B,0x5E,0x48,0x4D,0x89,0x5E,0x18,0x41,0xBB,0xA3
	.byte 0x00,0x00,0x00,0x4D,0x89,0x1E,0x48,0x8D,0x05,0x05,0x00,0x00,0x00,0xE9,0xC0,0x96
	.byte 0xFF,0xFF,0x49,0x8B,0x76,0x58,0xE9,0x19,0x00,0x00,0x00,0x90,0x4D,0x8B,0x5E,0x60
	.byte 0x4D,0x89,0x5E,0x10,0x49,0x8B,0x76,0x58,0x49,0x89,0x56,0x20,0x4D,0x8B,0x5E,0x48
	.byte 0x4D,0x89,0x5E,0x18,0x48,0x89,0xF9,0x48,0x01,0xF1,0xB8,0x00,0x00,0x00,0x00,0x40
	.byte 0x0F,0x90,0xC0,0x48,0x89,0xF2,0x48,0x09,0xFA,0x48,0x09,0xC2,0x48,0xF7,0xC2,0x01
	.byte 0x00,0x00,0x00,0x0F,0x84,0x2B,0x00,0x00,0x00,0x49,0x89,0x76,0x60,0x49,0x89,0x7E
	.byte 0x58,0x41,0xBB,0xA4,0x00,0x00,0x00,0x4D,0x89,0x1E,0x48,0x8D,0x05,0x05,0x00,0x00
	.byte 0x00,0xE9,0x5C,0x96,0xFF,0xFF,0x49,0x8B,0x76,0x60,0x49,0x89,0x7E,0x60,0xE9,0x05
	.byte 0x00,0x00,0x00,0x90,0x49,0x89,0x4E,0x60,0xBF,0x0C,0x00,0x00,0x00,0x48,0x01,0xF7
	.byte 0xB8,0x00,0x00,0x00,0x00,0x40,0x0F,0x90,0xC0,0x49,0x89,0x76,0x58,0x48,0x09,0xC6
	.byte 0x48,0x83,0xCE,0x0C,0x48,0xF7,0xC6,0x01,0x00,0x00,0x00,0x0F,0x84,0x41,0x00,0x00
	.byte 0x00,0xBF,0x0C,0x00,0x00,0x00,0x49,0x8B,0x76,0x58,0x49,0x89,0x7E,0x48,0x41,0xBB
	.byte 0xA5,0x00,0x00,0x00,0x4D,0x89,0x1E,0x48,0x8D,0x05,0x06,0x00,0x00,0x00,0xE9,0xFF
	.byte 0x95,0xFF,0xFF,0x90,0x49,0x8B,0x4E,0x60,0x4D,0x8B,0x5E,0x58,0x4D,0x89,0x5E,0x60
	.byte 0x4D,0x8B,0x5E,0x50,0x4D,0x89,0x5E,0x58,0x49,0x89,0x7E,0x50,0xE9,0x19,0x00,0x00
	.byte 0x00,0x90,0x49,0x8B,0x4E,0x60,0x4D,0x8B,0x5E,0x58,0x4D,0x89,0x5E,0x60,0x4D,0x8B
	.byte 0x5E,0x50,0x4D,0x89,0x5E,0x58,0x49,0x89,0x7E,0x50,0xBA,0x08,0x00,0x00,0x00,0x48
	.byte 0xBF,0xFC,0xFF,0xFF,0xFF,0xFF,0xFF,0xFF,0xFF,0x48,0x01,0xCF,0xB8,0x00,0x00,0x00
	.byte 0x00,0x40,0x0F,0x90,0xC0,0x48,0x89,0xCE,0x48,0x09,0xC6,0x48,0x83,0xCE,0xFC,0x48
	.byte 0xF7,0xC6,0x01,0x00,0x00,0x00,0x0F,0x84,0x70,0x00,0x00,0x00,0x48,0xBF,0xFC,0xFF
	.byte 0xFF,0xFF,0xFF,0xFF,0xFF,0xFF,0x48,0x89,0xCE,0x4D,0x8B,0x5E,0x50,0x4D,0x89,0x5E
	.byte 0x48,0x4D,0x8B,0x5E,0x58,0x4D,0x89,0x5E,0x50,0x4D,0x8B,0x5E,0x60,0x4D,0x89,0x5E
	.byte 0x58,0x49,0x89,0x4E,0x60,0x49,0x89,0x7E,0x08,0x49,0x89,0x56,0x28,0x41,0xBB,0xA6
	.byte 0x00,0x00,0x00,0x4D,0x89,0x1E,0x48,0x8D,0x05,0x05,0x00,0x00,0x00,0xE9,0x50,0x95
	.byte 0xFF,0xFF,0x49,0x8B,0x4E,0x60,0x4D,0x8B,0x5E,0x58,0x4D,0x89,0x5E,0x60,0x4D,0x8B
	.byte 0x5E,0x50,0x4D,0x89,0x5E,0x58,0x4D,0x8B,0x5E,0x48,0x4D,0x89,0x5E,0x50,0x4D,0x8B
	.byte 0x5E,0x28,0x4D,0x89,0x5E,0x48,0xE9,0x05,0x00,0x00,0x00,0x90,0x49,0x89,0x56,0x48
	.byte 0x48,0x89,0xF8,0x48,0xD1,0xE8,0x48,0x89,0xCE,0x48,0xF7,0xE6,0x48,0x89,0xCE,0x48
	.byte 0x09,0xF9,0x48,0x83,0xE1,0x01,0x48,0x09,0xD1,0x48,0xD1,0xE8,0x48,0x83,0xF9,0x00
	.byte 0x0F,0x84,0x2A,0x00,0x00,0x00,0x49,0x89,0x76,0x08,0x49,0x89,0x7E,0x28,0x41,0xBB
	.byte 0xA7,0x00,0x00,0x00,0x4D,0x89,0x1E,0x48,0x8D,0x05,0x06,0x00,0x00,0x00,0xE9,0xF1
	.byte 0x94,0xFF,0xFF,0x90,0x48,0x89,0xF8,0x49,0x8B,0x4E,0x48,0xE9,0x04,0x00,0x00,0x00
	.byte 0x49,0x8B,0x4E,0x48,0x48,0x89,0xC6,0x48,0x83,0xCE,0x08,0x48,0x89,0xF7,0x48,0xC1
	.byte 0xEF,0x3F,0x48,0x09,0xF7,0x48,0xF7,0xC7,0x01,0x00,0x00,0x00,0x0F,0x84,0x32,0x00
	.byte 0x00,0x00,0xBE,0x08,0x00,0x00,0x00,0x48,0x89,0xC7,0x49,0x89,0x46,0x28,0x49,0x89
	.byte 0x76,0x48,0x41,0xBB,0xA8,0x00,0x00,0x00,0x4D,0x89,0x1E,0x48,0x8D,0x05,0x06,0x00
	.byte 0x00,0x00,0xE9,0xA7,0x94,0xFF,0xFF,0x90,0x48,0x89,0xFA,0x49,0x8B,0x76,0x50,0xE9
	.byte 0x10,0x00,0x00,0x00,0x31,0xD2,0x48,0xF7,0xF1,0x48,0x89,0xC2,0x48,0xC1,0xE2,0x02
	.byte 0x49,0x8B,0x76,0x50,0x48,0x89,0xD7,0x48,0x01,0xF7,0xB8,0x00,0x00,0x00,0x00,0x40
	.byte 0x0F,0x90,0xC0,0x48,0x89,0xF1,0x48,0x09,0xD1,0x48,0x09,0xC1,0x48,0xF7,0xC1,0x01
	.byte 0x00,0x00,0x00,0x0F,0x84,0x2B,0x00,0x00,0x00,0x48,0x89,0xD7,0x49,0x89,0x76,0x48
	.byte 0x49,0x89,0x56,0x50,0x41,0xBB,0xA9,0x00,0x00,0x00,0x4D,0x89,0x1E,0x48,0x8D,0x05
	.byte 0x06,0x00,0x00,0x00,0xE9,0x29,0x94,0xFF,0xFF,0x90,0x49,0x8B,0x76,0x60,0xE9,0x05
	.byte 0x00,0x00,0x00,0x90,0x49,0x8B,0x76,0x60,0x49,0x8B,0x45,0xB8,0x48,0x8B,0x40,0x10
	.byte 0x48,0xD1,0xE7,0x4C,0x01,0xE7,0x48,0xC1,0xE8,0x09,0x48,0x01,0xC7,0x48,0x8B,0x57
	.byte 0x08,0xBF,0x1C,0x00,0x00,0x00,0x48,0x01,0xF7,0xB8,0x00,0x00,0x00,0x00,0x40,0x0F
	.byte 0x90,0xC0,0x49,0x89,0x76,0x50,0x48,0x09,0xC6,0x48,0x83,0xCE,0x1C,0x48,0xF7,0xC6
	.byte 0x01,0x00,0x00,0x00,0x0F,0x84,0x2C,0x00,0x00,0x00,0xBF,0x1C,0x00,0x00,0x00,0x49
	.byte 0x8B,0x76,0x50,0x49,0x89,0x56,0x48,0x49,0x89,0x7E,0x60,0x41,0xBB,0xAA,0x00,0x00
	.byte 0x00,0x4D,0x89,0x1E,0x48,0x8D,0x05,0x05,0x00,0x00,0x00,0xE9,0xB2,0x93,0xFF,0xFF
	.byte 0xE9,0x05,0x00,0x00,0x00,0x90,0x49,0x89,0x56,0x48,0xB8,0x0C,0x00,0x00,0x00,0x48
	.byte 0xF7,0xC7,0x01,0x00,0x00,0x00,0x0F,0x84,0x78,0x00,0x00,0x00,0x48,0xBF,0xFF,0xFF
	.byte 0xFF,0xFF,0xFF,0xFF,0xFF,0xFF,0x41,0xBB,0xAB,0x00,0x00,0x00,0x4D,0x89,0x1E,0x48
	.byte 0x8D,0x05,0x06,0x00,0x00,0x00,0xE9,0xDD,0x86,0xFF,0xFF,0x90,0x45,0x31,0xDB,0x4D
	.byte 0x89,0x5E,0x18,0x4D,0x8B,0x5E,0x18,0x4D,0x89,0x5E,0x38,0x4D,0x8B,0x5E,0x18,0x4D
	.byte 0x89,0x5E,0x10,0x49,0x8B,0x7E,0x18,0x4D,0x8B,0x5E,0x18,0x4D,0x89,0x5E,0x50,0x4D
	.byte 0x8B,0x5E,0x18,0x4D,0x89,0x5E,0x58,0x4D,0x8B,0x5E,0x18,0x4D,0x89,0x5E,0x48,0x4D
	.byte 0x8B,0x5E,0x18,0x4D,0x89,0x5E,0x40,0x4D,0x8B,0x5E,0x18,0x4D,0x89,0x5E,0x30,0x4D
	.byte 0x8B,0x5E,0x18,0x4D,0x89,0x5E,0x28,0x4D,0x8B,0x5E,0x18,0x4D,0x89,0x5E,0x20,0xE9
	.byte 0x04,0x00,0x00,0x00,0x49,0x89,0x46,0x28,0x49,0x89,0x7E,0x60,0x48,0xC1,0xEF,0x02
	.byte 0x49,0xBA,0x00,0x00,0x00,0x00,0x01,0x00,0x00,0x00,0x4C,0x39,0xD7,0x0F,0x82,0x0F
	.byte 0x00,0x00,0x00,0x48,0xBF,0xFF,0xFF,0xFF,0xFF,0xFF,0xFF,0xFF,0xFF,0xE9,0x08,0x00
	.byte 0x00,0x00,0x48,0x83,0xC7,0x01,0x48,0xC1,0xE7,0x03,0x49,0x8B,0x45,0xD8,0x49,0x8B
	.byte 0x75,0xF8,0x48,0x29,0xF0,0x48,0x39,0xF8,0x0F,0x82,0x2A,0x00,0x00,0x00,0x49,0x8B
	.byte 0x5E,0x60,0x49,0x8B,0x46,0x58,0x49,0x8B,0x7E,0x48,0x49,0x8B,0x76,0x40,0x49,0x8B
	.byte 0x4E,0x30,0x4D,0x8B,0x46,0x28,0x49,0x8B,0x56,0x20,0x4D,0x8B,0x5E,0x18,0x4D,0x89
	.byte 0x5E,0x58,0xE9,0x3B,0x00,0x00,0x00,0x90,0x41,0xBB,0xAC,0x00,0x00,0x00,0x4D,0x89
	.byte 0x1E,0x48,0x8D,0x05,0x06,0x00,0x00,0x00,0xE9,0xFB,0x85,0xFF,0xFF,0x90,0x49,0x8B
	.byte 0x5E,0x60,0x49,0x8B,0x46,0x58,0x49,0x8B,0x7E,0x48,0x49,0x8B,0x76,0x40,0x49,0x8B
	.byte 0x4E,0x30,0x4D,0x8B,0x46,0x28,0x49,0x8B,0x56,0x20,0x4D,0x8B,0x5E,0x18,0x4D,0x89
	.byte 0x5E,0x58,0x4D,0x8B,0x4D,0xF8,0x49,0x89,0xDF,0x49,0xC1,0xE7,0x1E,0x49,0x81,0xCF
	.byte 0xF3,0x01,0x00,0x00,0x49,0x89,0x5E,0x60,0x48,0xC1,0xEB,0x02,0x4D,0x89,0x39,0x49
	.byte 0x89,0x79,0x08,0x4D,0x8B,0x56,0x38,0x4D,0x89,0x51,0x10,0x49,0x89,0x51,0x18,0x49
	.byte 0x89,0x71,0x20,0x49,0x89,0x41,0x28,0x4D,0x8B,0x56,0x58,0x4D,0x89,0x51,0x30,0x4D
	.byte 0x8B,0x56,0x10,0x4D,0x89,0x51,0x38,0x4D,0x89,0xCF,0x4D,0x89,0x4E,0x48,0x4D,0x29
	.byte 0xE7,0x49,0xC1,0xE7,0x09,0x49,0x83,0xCF,0x01,0x49,0x81,0xCF,0xE0,0x01,0x00,0x00
	.byte 0x48,0x83,0xFB,0x0F,0x0F,0x82,0x10,0x00,0x00,0x00,0x49,0x83,0xCF,0x1E,0x49,0x89
	.byte 0xD9,0x4C,0x89,0xFB,0xE9,0x0B,0x00,0x00,0x00,0x90,0x49,0x89,0xD9,0x48,0xD1,0xE3
	.byte 0x4C,0x09,0xFB,0x90,0x49,0xC1,0xE1,0x03,0x4D,0x8B,0x7E,0x48,0x4D,0x01,0xF9,0x49
	.byte 0x83,0xC1,0x08,0x4D,0x89,0x4D,0xF8,0x4D,0x8B,0x4E,0x50,0x49,0x83,0xC7,0x40,0x4D
	.byte 0x89,0x46,0x40,0x49,0xD1,0xE0,0x4D,0x01,0xE0,0x49,0x89,0x4E,0x28,0x48,0xC1,0xE9
	.byte 0x09,0x49,0x01,0xC8,0x49,0x83,0xC0,0x08,0x4D,0x85,0xC9,0x0F,0x84,0x3F,0x00,0x00
	.byte 0x00,0x49,0x89,0x7E,0x20,0x4C,0x89,0xCF,0x49,0x89,0x76,0x50,0x4C,0x89,0xC6,0x49
	.byte 0x89,0x56,0x18,0x4C,0x89,0xFA,0x48,0x89,0xD9,0x4D,0x89,0x4E,0x30,0x49,0x89,0x46
	.byte 0x48,0x41,0xBB,0xAD,0x00,0x00,0x00,0x4D,0x89,0x1E,0x48,0x8D,0x05,0x05,0x00,0x00
	.byte 0x00,0xE9,0x96,0x97,0xFF,0xFF,0x49,0x8B,0x46,0x68,0xE9,0x09,0x00,0x00,0x00,0x90
	.byte 0x49,0x8B,0x46,0x68,0x48,0x89,0xDF,0x90,0x49,0x83,0xC6,0x70,0xFF,0xE0,0x49,0x83
	.byte 0xEE,0x78,0x4D,0x39,0xEE,0x0F,0x82,0xB1,0x84,0xFF,0xFF,0x90,0x4D,0x89,0x4E,0x68
	.byte 0x4D,0x89,0xCA,0x49,0x89,0xC1,0x4C,0x89,0xD0,0x49,0x89,0x76,0x58,0x48,0xC1,0xE8
	.byte 0x09,0x4C,0x01,0xE0,0x48,0x8B,0x70,0x10,0x48,0xBB,0xEC,0xFF,0xFF,0xFF,0xFF,0xFF
	.byte 0xFF,0xFF,0x48,0x01,0xF3,0xB8,0x00,0x00,0x00,0x00,0x40,0x0F,0x90,0xC0,0x49,0x89
	.byte 0xF7,0x49,0x09,0xC7,0x49,0x83,0xCF,0xEC,0x49,0xF7,0xC7,0x01,0x00,0x00,0x00,0x0F
	.byte 0x84,0x45,0x00,0x00,0x00,0x48,0xB8,0xEC,0xFF,0xFF,0xFF,0xFF,0xFF,0xFF,0xFF,0x49
	.byte 0x89,0x7E,0x50,0x48,0x89,0xC7,0x4D,0x89,0x4E,0x70,0x49,0x89,0x46,0x38,0x49,0x89
	.byte 0x4E,0x60,0x4D,0x89,0x46,0x48,0x49,0x89,0x56,0x40,0x49,0x89,0x76,0x30,0x41,0xBB
	.byte 0xAE,0x00,0x00,0x00,0x4D,0x89,0x1E,0x48,0x8D,0x05,0x06,0x00,0x00,0x00,0xE9,0xCF
	.byte 0x90,0xFF,0xFF,0x90,0xE9,0x19,0x00,0x00,0x00,0x90,0x49,0x89,0x7E,0x50,0x48,0x89
	.byte 0xDF,0x4D,0x89,0x4E,0x70,0x49,0x89,0x4E,0x60,0x4D,0x89,0x46,0x48,0x49,0x89,0x56
	.byte 0x40,0x90,0x31,0xD2,0x31,0xC0,0x48,0xF7,0xC7,0x01,0x00,0x00,0x00,0x0F,0x84,0x45
	.byte 0x00,0x00,0x00,0x31,0xF6,0x49,0x89,0x56,0x30,0x4D,0x8B,0x5E,0x40,0x4D,0x89,0x5E
	.byte 0x38,0x49,0x89,0x7E,0x40,0x41,0xBB,0xAF,0x00,0x00,0x00,0x4D,0x89,0x1E,0x48,0x8D
	.byte 0x05,0x05,0x00,0x00,0x00,0xE9,0xF0,0x90,0xFF,0xFF,0x49,0x8B,0x76,0x68,0x4D,0x8B
	.byte 0x5E,0x48,0x4D,0x89,0x5E,0x68,0x4D,0x8B,0x5E,0x38,0x4D,0x89,0x5E,0x48,0xB8,0x01
	.byte 0x00,0x00,0x00,0xE9,0x18,0x00,0x00,0x00,0x49,0x8B,0x76,0x68,0x4D,0x8B,0x5E,0x48
	.byte 0x4D,0x89,0x5E,0x68,0x4D,0x8B,0x5E,0x40,0x4D,0x89,0x5E,0x48,0x49,0x89,0x7E,0x40
	.byte 0x48,0x39,0xC7,0x0F,0x8D,0xCB,0x05,0x00,0x00,0x48,0x89,0xF0,0x48,0xC1,0xEE,0x09
	.byte 0x4C,0x01,0xE6,0x48,0x8B,0x7E,0x10,0x48,0x83,0xFF,0x14,0x0F,0x8D,0x8B,0x02,0x00
	.byte 0x00,0x48,0x83,0xFF,0x08,0x0F,0x8D,0x17,0x01,0x00,0x00,0x48,0x83,0xFF,0x04,0x0F
	.byte 0x8D,0x97,0x00,0x00,0x00,0x48,0x89,0xC6,0x48,0xC1,0xE8,0x09,0x4C,0x01,0xE0,0x48
	.byte 0x8B,0x50,0x08,0x49,0x8B,0x7E,0x68,0x4D,0x8B,0x5E,0x60,0x4D,0x89,0x5E,0x68,0x4D
	.byte 0x8B,0x5E,0x58,0x4D,0x89,0x5E,0x60,0x4D,0x8B,0x5E,0x50,0x4D,0x89,0x5E,0x58,0x4D
	.byte 0x8B,0x5E,0x48,0x4D,0x89,0x5E,0x50,0x41,0xBB,0xB0,0x00,0x00,0x00,0x4D,0x89,0x1E
	.byte 0x48,0x8D,0x05,0x03,0x00,0x00,0x00,0xFF,0xE2,0x90,0x49,0x89,0xF9,0x49,0x8B,0x46
	.byte 0x70,0x49,0x8B,0x4E,0x68,0x49,0x8B,0x76,0x60,0x49,0x8B,0x7E,0x58,0x49,0x8B,0x56
	.byte 0x50,0x4D,0x89,0xC8,0x49,0xC1,0xE9,0x09,0x4D,0x01,0xE1,0x4D,0x8B,0x49,0x10,0x49
	.byte 0x83,0xF9,0x0C,0x0F,0x85,0x19,0x00,0x00,0x00,0x4C,0x89,0xC3,0x49,0xC1,0xE8,0x09
	.byte 0x4D,0x01,0xE0,0x4D,0x8B,0x48,0x08,0x49,0x89,0xD8,0x49,0x83,0xC6,0x78,0x41,0xFF
	.byte 0xE1,0x90,0x49,0x83,0xC6,0x08,0xE9,0xE3,0xED,0xFF,0xFF,0x90,0x48,0x89,0xC2,0x48
	.byte 0xC1,0xE8,0x09,0x4C,0x01,0xE0,0x48,0x8B,0x48,0x08,0x49,0x8B,0x7E,0x60,0x49,0x8B
	.byte 0x76,0x68,0x41,0xBB,0xB1,0x00,0x00,0x00,0x4D,0x89,0x1E,0x48,0x8D,0x05,0x02,0x00
	.byte 0x00,0x00,0xFF,0xE1,0x49,0x89,0xF8,0x49,0x8B,0x46,0x70,0x49,0x8B,0x76,0x58,0x49
	.byte 0x8B,0x7E,0x50,0x49,0x8B,0x56,0x48,0x4C,0x89,0xC1,0x49,0xC1,0xE8,0x09,0x4D,0x01
	.byte 0xE0,0x4D,0x8B,0x40,0x10,0x49,0x83,0xF8,0x08,0x0F,0x85,0x19,0x00,0x00,0x00,0x49
	.byte 0x89,0xC9,0x48,0xC1,0xE9,0x09,0x4C,0x01,0xE1,0x4C,0x8B,0x41,0x08,0x4C,0x89,0xC9
	.byte 0x49,0x83,0xC6,0x78,0x41,0xFF,0xE0,0x90,0x49,0x83,0xC6,0x10,0xE9,0x99,0xDD,0xFF
	.byte 0xFF,0x90,0x48,0x83,0xFF,0x0C,0x0F,0x8D,0x74,0x00,0x00,0x00,0x48,0x89,0xC1,0x48
	.byte 0xC1,0xE8,0x09,0x4C,0x01,0xE0,0x4C,0x8B,0x40,0x08,0x49,0x8B,0x7E,0x48,0x49,0x8B
	.byte 0x76,0x60,0x49,0x8B,0x56,0x68,0x41,0xBB,0xB2,0x00,0x00,0x00,0x4D,0x89,0x1E,0x48
	.byte 0x8D,0x05,0x04,0x00,0x00,0x00,0x41,0xFF,0xE0,0x90,0x48,0x89,0xF9,0x49,0x8B,0x46
	.byte 0x70,0x49,0x8B,0x76,0x58,0x49,0x8B,0x7E,0x50,0x48,0x89,0xCA,0x48,0xC1,0xE9,0x09
	.byte 0x4C,0x01,0xE1,0x48,0x8B,0x49,0x10,0x48,0x83,0xF9,0x04,0x0F,0x85,0x15,0x00,0x00
	.byte 0x00,0x48,0x89,0xD1,0x48,0xC1,0xE9,0x09,0x4C,0x01,0xE1,0x48,0x8B,0x49,0x08,0x49
	.byte 0x83,0xC6,0x78,0xFF,0xE1,0x90,0x49,0x83,0xC6,0x18,0xE9,0xDB,0xCD,0xFF,0xFF,0x90
	.byte 0x48,0x83,0xFF,0x10,0x0F,0x8D,0x74,0x00,0x00,0x00,0x49,0x89,0xC0,0x48,0xC1,0xE8
	.byte 0x09,0x4C,0x01,0xE0,0x4C,0x8B,0x48,0x08,0x49,0x8B,0x7E,0x58,0x49,0x8B,0x76,0x48
	.byte 0x49,0x8B,0x56,0x60,0x49,0x8B,0x4E,0x68,0x41,0xBB,0xB3,0x00,0x00,0x00,0x4D,0x89
	.byte 0x1E,0x48,0x8D,0x05,0x04,0x00,0x00,0x00,0x41,0xFF,0xE1,0x90,0x48,0x89,0xFA,0x49
	.byte 0x8B,0x46,0x70,0x49,0x8B,0x7E,0x50,0x48,0x89,0xD6,0x48,0xC1,0xEA,0x09,0x4C,0x01
	.byte 0xE2,0x48,0x8B,0x52,0x10,0x48,0x83,0xFA,0x00,0x0F,0x85,0x15,0x00,0x00,0x00,0x48
	.byte 0x89,0xF2,0x48,0xC1,0xEA,0x09,0x4C,0x01,0xE2,0x48,0x8B,0x52,0x08,0x49,0x83,0xC6
	.byte 0x78,0xFF,0xE2,0x90,0x49,0x83,0xC6,0x28,0xE9,0x75,0xBF,0xFF,0xFF,0x90,0x49,0x89
	.byte 0xC1,0x48,0xC1,0xE8,0x09,0x4C,0x01,0xE0,0x48,0x8B,0x58,0x08,0x49,0x8B,0x7E,0x50
	.byte 0x49,0x8B,0x76,0x58,0x49,0x8B,0x56,0x48,0x49,0x8B,0x4E,0x60,0x4D,0x8B,0x46,0x68
	.byte 0x41,0xBB,0xB4,0x00,0x00,0x00,0x4D,0x89,0x1E,0x48,0x8D,0x05,0x02,0x00,0x00,0x00
	.byte 0xFF,0xE3,0x49,0x8B,0x46,0x70,0x48,0x89,0xFE,0x48,0xC1,0xEE,0x09,0x4C,0x01,0xE6
	.byte 0x48,0x8B,0x76,0x10,0x48,0x83,0xFE,0x00,0x0F,0x85,0x14,0x00,0x00,0x00,0x48,0x89
	.byte 0xFE,0x48,0xC1,0xEE,0x09,0x4C,0x01,0xE6,0x48,0x8B,0x76,0x08,0x49,0x83,0xC6,0x78
	.byte 0xFF,0xE6,0x49,0x83,0xC6,0x28,0xE9,0x07,0xBF,0xFF,0xFF,0x90,0x48,0x83,0xFF,0x1C
	.byte 0x0F,0x8D,0x02,0x01,0x00,0x00,0x48,0x83,0xFF,0x18,0x0F,0x8D,0x74,0x00,0x00,0x00
	.byte 0x48,0x89,0xC3,0x48,0xC1,0xE8,0x09,0x4C,0x01,0xE0,0x4C,0x8B,0x78,0x08,0x49,0x8B
	.byte 0x7E,0x40,0x49,0x8B,0x76,0x50,0x49,0x8B,0x56,0x58,0x49,0x8B,0x4E,0x48,0x4D,0x8B
	.byte 0x46,0x60,0x4D,0x8B,0x4E,0x68,0x41,0xBB,0xB5,0x00,0x00,0x00,0x4D,0x89,0x1E,0x48
	.byte 0x8D,0x05,0x04,0x00,0x00,0x00,0x41,0xFF,0xE7,0x90,0x49,0x8B,0x46,0x70,0x48,0x89
	.byte 0xFE,0x48,0xC1,0xEE,0x09,0x4C,0x01,0xE6,0x48,0x8B,0x76,0x10,0x48,0x83,0xFE,0x00
	.byte 0x0F,0x85,0x14,0x00,0x00,0x00,0x48,0x89,0xFE,0x48,0xC1,0xEE,0x09,0x4C,0x01,0xE6
	.byte 0x48,0x8B,0x76,0x08,0x49,0x83,0xC6,0x78,0xFF,0xE6,0x49,0x83,0xC6,0x28,0xE9,0x7F
	.byte 0xBE,0xFF,0xFF,0x90,0x49,0x89,0xC7,0x48,0xC1,0xE8,0x09,0x4C,0x01,0xE0,0x48,0x8B
	.byte 0x40,0x08,0x49,0x8B,0x76,0x40,0x49,0x8B,0x56,0x50,0x49,0x8B,0x4E,0x58,0x4D,0x8B
	.byte 0x46,0x48,0x4D,0x8B,0x4E,0x60,0x49,0x8B,0x5E,0x68,0x4D,0x8B,0x5E,0x70,0x4D,0x89
	.byte 0x5E,0x68,0x49,0x89,0x46,0x70,0x4D,0x8B,0x56,0x70,0x41,0xBB,0xB6,0x00,0x00,0x00
	.byte 0x4D,0x89,0x1E,0x48,0x8D,0x05,0x04,0x00,0x00,0x00,0x41,0xFF,0xE2,0x90,0x49,0x8B
	.byte 0x46,0x68,0x48,0x89,0xFE,0x48,0xC1,0xEE,0x09,0x4C,0x01,0xE6,0x48,0x8B,0x76,0x10
	.byte 0x48,0x83,0xFE,0x00,0x0F,0x85,0x14,0x00,0x00,0x00,0x48,0x89,0xFE,0x48,0xC1,0xEE
	.byte 0x09,0x4C,0x01,0xE6,0x48,0x8B,0x76,0x08,0x49,0x83,0xC6,0x78,0xFF,0xE6,0x49,0x83
	.byte 0xC6,0x28,0xE9,0xFB,0xBD,0xFF,0xFF,0x90,0x48,0x83,0xFF,0x20,0x0F,0x8D,0x9E,0x00
	.byte 0x00,0x00,0x48,0x89,0xC6,0x48,0xC1,0xE8,0x09,0x4C,0x01,0xE0,0x48,0x8B,0x40,0x08
	.byte 0x49,0x8B,0x5E,0x60,0x4D,0x8B,0x5E,0x70,0x4D,0x89,0x5E,0x60,0x49,0x89,0x76,0x70
	.byte 0x48,0x89,0xFE,0x49,0x8B,0x56,0x40,0x49,0x8B,0x4E,0x50,0x4D,0x8B,0x46,0x58,0x4D
	.byte 0x8B,0x4E,0x48,0x4D,0x8B,0x7E,0x68,0x49,0x89,0x46,0x68,0x4D,0x8B,0x56,0x68,0x41
	.byte 0xBB,0xB7,0x00,0x00,0x00,0x4D,0x89,0x1E,0x49,0x83,0xEE,0x08,0x4D,0x39,0xEE,0x0F
	.byte 0x82,0x87,0x7F,0xFF,0xFF,0x4D,0x8B,0x5E,0x78,0x4D,0x89,0x1E,0x48,0x8D,0x05,0x03
	.byte 0x00,0x00,0x00,0x41,0xFF,0xE2,0x49,0x8B,0x46,0x60,0x48,0x89,0xFE,0x48,0xC1,0xEE
	.byte 0x09,0x4C,0x01,0xE6,0x48,0x8B,0x76,0x10,0x48,0x83,0xFE,0x00,0x0F,0x85,0x14,0x00
	.byte 0x00,0x00,0x48,0x89,0xFE,0x48,0xC1,0xEE,0x09,0x4C,0x01,0xE6,0x48,0x8B,0x76,0x08
	.byte 0x49,0x83,0xC6,0x78,0xFF,0xE6,0x49,0x83,0xC6,0x28,0xE9,0x53,0xBD,0xFF,0xFF,0x90
	.byte 0x48,0x83,0xFF,0x24,0x0F,0x8D,0xB0,0x00,0x00,0x00,0x48,0x89,0xC6,0x48,0xC1,0xE8
	.byte 0x09,0x4C,0x01,0xE0,0x48,0x8B,0x40,0x08,0x4D,0x8B,0x4E,0x58,0x4D,0x8B,0x5E,0x70
	.byte 0x4D,0x89,0x5E,0x58,0x4D,0x8B,0x5E,0x68,0x4D,0x89,0x5E,0x70,0x49,0x89,0x76,0x68
	.byte 0x48,0x89,0xFE,0x48,0x89,0xFA,0x49,0x8B,0x4E,0x40,0x4D,0x8B,0x46,0x50,0x49,0x8B
	.byte 0x5E,0x48,0x4D,0x8B,0x7E,0x60,0x49,0x89,0x46,0x60,0x4D,0x8B,0x56,0x60,0x41,0xBB
	.byte 0xB8,0x00,0x00,0x00,0x4D,0x89,0x1E,0x49,0x83,0xEE,0x10,0x4D,0x39,0xEE,0x0F,0x82
	.byte 0xD8,0x7E,0xFF,0xFF,0x4D,0x8B,0x9E,0x80,0x00,0x00,0x00,0x4D,0x89,0x5E,0x08,0x4D
	.byte 0x8B,0x5E,0x78,0x4D,0x89,0x1E,0x48,0x8D,0x05,0x03,0x00,0x00,0x00,0x41,0xFF,0xE2
	.byte 0x49,0x8B,0x46,0x58,0x48,0x89,0xFE,0x48,0xC1,0xEE,0x09,0x4C,0x01,0xE6,0x48,0x8B
	.byte 0x76,0x10,0x48,0x83,0xFE,0x00,0x0F,0x85,0x14,0x00,0x00,0x00,0x48,0x89,0xFE,0x48
	.byte 0xC1,0xEE,0x09,0x4C,0x01,0xE6,0x48,0x8B,0x76,0x08,0x49,0x83,0xC6,0x78,0xFF,0xE6
	.byte 0x49,0x83,0xC6,0x28,0xE9,0x99,0xBC,0xFF,0xFF,0x90,0x48,0x89,0xC6,0x48,0xC1,0xE8
	.byte 0x09,0x4C,0x01,0xE0,0x48,0x8B,0x40,0x08,0x4D,0x8B,0x4E,0x50,0x4D,0x8B,0x5E,0x70
	.byte 0x4D,0x89,0x5E,0x50,0x4D,0x8B,0x5E,0x60,0x4D,0x89,0x5E,0x70,0x49,0x89,0x76,0x60
	.byte 0x48,0x89,0xFE,0x48,0x89,0xFA,0x48,0x89,0xF9,0x4D,0x8B,0x46,0x40,0x49,0x8B,0x5E
	.byte 0x58,0x4D,0x8B,0x7E,0x48,0x49,0x89,0x46,0x58,0x4D,0x8B,0x56,0x58,0x41,0xBB,0xB9
	.byte 0x00,0x00,0x00,0x4D,0x89,0x1E,0x49,0x83,0xEE,0x18,0x4D,0x39,0xEE,0x0F,0x82,0x29
	.byte 0x7E,0xFF,0xFF,0x4D,0x8B,0x9E,0x88,0x00,0x00,0x00,0x4D,0x89,0x5E,0x10,0x4D,0x8B
	.byte 0x9E,0x80,0x00,0x00,0x00,0x4D,0x89,0x5E,0x08,0x4D,0x8B,0x5E,0x78,0x4D,0x89,0x1E
	.byte 0x48,0x8D,0x05,0x03,0x00,0x00,0x00,0x41,0xFF,0xE2,0x49,0x8B,0x46,0x50,0x48,0x89
	.byte 0xFE,0x48,0xC1,0xEE,0x09,0x4C,0x01,0xE6,0x48,0x8B,0x76,0x10,0x48,0x83,0xFE,0x00
	.byte 0x0F,0x85,0x14,0x00,0x00,0x00,0x48,0x89,0xFE,0x48,0xC1,0xEE,0x09,0x4C,0x01,0xE6
	.byte 0x48,0x8B,0x76,0x08,0x49,0x83,0xC6,0x78,0xFF,0xE6,0x49,0x83,0xC6,0x28,0xE9,0xDF
	.byte 0xBB,0xFF,0xFF,0x90,0x48,0xF7,0xC6,0x01,0x00,0x00,0x00,0x0F,0x84,0x1F,0x00,0x00
	.byte 0x00,0x48,0x89,0xF0,0x48,0xC1,0xEE,0x09,0x4C,0x01,0xE6,0x48,0x8B,0x36,0x48,0xBF
	.byte 0xFE,0xFF,0xFF,0xFF,0x00,0x00,0x00,0x00,0x48,0x21,0xFE,0xE9,0x04,0x00,0x00,0x00
	.byte 0x48,0x89,0xF0,0x90,0x48,0x81,0xFE,0xE2,0x01,0x00,0x00,0x0F,0x85,0x19,0x03,0x00
	.byte 0x00,0x49,0x89,0x46,0x38,0x48,0xC1,0xE8,0x09,0x4C,0x01,0xE0,0x48,0x8B,0x48,0x10
	.byte 0xBA,0x08,0x00,0x00,0x00,0x48,0xBF,0xFC,0xFF,0xFF,0xFF,0xFF,0xFF,0xFF,0xFF,0x48
	.byte 0x01,0xCF,0xB8,0x00,0x00,0x00,0x00,0x40,0x0F,0x90,0xC0,0x48,0x89,0xCE,0x48,0x09
	.byte 0xC6,0x48,0x83,0xCE,0xFC,0x48,0xF7,0xC6,0x01,0x00,0x00,0x00,0x0F,0x84,0x60,0x00
	.byte 0x00,0x00,0x48,0xBF,0xFC,0xFF,0xFF,0xFF,0xFF,0xFF,0xFF,0xFF,0x48,0x89,0xCE,0x4D
	.byte 0x8B,0x5E,0x68,0x4D,0x89,0x5E,0x30,0x49,0x89,0x4E,0x68,0x49,0x89,0x7E,0x20,0x4D
	.byte 0x8B,0x5E,0x48,0x4D,0x89,0x5E,0x28,0x49,0x89,0x56,0x48,0x41,0xBB,0xBA,0x00,0x00
	.byte 0x00,0x4D,0x89,0x1E,0x48,0x8D,0x05,0x05,0x00,0x00,0x00,0xE9,0xB2,0x89,0xFF,0xFF
	.byte 0x49,0x8B,0x4E,0x68,0x4D,0x8B,0x5E,0x38,0x4D,0x89,0x5E,0x68,0x4D,0x8B,0x5E,0x30
	.byte 0x4D,0x89,0x5E,0x38,0x4D,0x8B,0x5E,0x28,0x4D,0x89,0x5E,0x30,0xE9,0x1D,0x00,0x00
	.byte 0x00,0x90,0x4D,0x8B,0x56,0x38,0x4D,0x8B,0x5E,0x68,0x4D,0x89,0x5E,0x38,0x4D,0x89
	.byte 0x56,0x68,0x4D,0x8B,0x5E,0x48,0x4D,0x89,0x5E,0x30,0x49,0x89,0x56,0x48,0x49,0x89
	.byte 0xF8,0x48,0xD1,0xEF,0x48,0x89,0xF8,0x48,0x89,0xCE,0x48,0xF7,0xE6,0x48,0x89,0xCE
	.byte 0x4C,0x09,0xC1,0x48,0x83,0xE1,0x01,0x48,0x09,0xD1,0x48,0x89,0xC7,0x48,0xD1,0xEF
	.byte 0x48,0x83,0xF9,0x00,0x0F,0x84,0x5A,0x00,0x00,0x00,0x4C,0x89,0xC7,0x49,0x89,0x76
	.byte 0x28,0x4D,0x8B,0x56,0x60,0x4D,0x8B,0x5E,0x58,0x4D,0x89,0x5E,0x60,0x4D,0x8B,0x5E
	.byte 0x68,0x4D,0x89,0x5E,0x58,0x4D,0x89,0x56,0x68,0x4D,0x89,0x46,0x20,0x41,0xBB,0xBB
	.byte 0x00,0x00,0x00,0x4D,0x89,0x1E,0x48,0x8D,0x05,0x05,0x00,0x00,0x00,0xE9,0x22,0x89
	.byte 0xFF,0xFF,0x49,0x8B,0x4E,0x48,0x4D,0x8B,0x5E,0x40,0x4D,0x89,0x5E,0x48,0x4D,0x8B
	.byte 0x5E,0x38,0x4D,0x89,0x5E,0x40,0x4D,0x8B,0x5E,0x30,0x4D,0x89,0x5E,0x38,0xE9,0x35
	.byte 0x00,0x00,0x00,0x90,0x4D,0x8B,0x56,0x60,0x4D,0x8B,0x5E,0x58,0x4D,0x89,0x5E,0x60
	.byte 0x4D,0x8B,0x5E,0x68,0x4D,0x89,0x5E,0x58,0x4D,0x89,0x56,0x68,0x49,0x8B,0x4E,0x48
	.byte 0x4D,0x8B,0x5E,0x40,0x4D,0x89,0x5E,0x48,0x4D,0x8B,0x5E,0x38,0x4D,0x89,0x5E,0x40
	.byte 0x4D,0x8B,0x5E,0x30,0x4D,0x89,0x5E,0x38,0x48,0x89,0xF8,0x48,0x83,0xCF,0x08,0x48
	.byte 0x89,0xFE,0x48,0xC1,0xEE,0x3F,0x48,0x09,0xFE,0x48,0xF7,0xC6,0x01,0x00,0x00,0x00
	.byte 0x0F,0x84,0x2E,0x00,0x00,0x00,0xBE,0x08,0x00,0x00,0x00,0x48,0x89,0xC7,0x49,0x89
	.byte 0x46,0x28,0x49,0x89,0x76,0x30,0x41,0xBB,0xBC,0x00,0x00,0x00,0x4D,0x89,0x1E,0x48
	.byte 0x8D,0x05,0x06,0x00,0x00,0x00,0xE9,0x93,0x88,0xFF,0xFF,0x90,0x48,0x89,0xFE,0xE9
	.byte 0x0C,0x00,0x00,0x00,0x31,0xD2,0x48,0xF7,0xF1,0x48,0x89,0xC6,0x48,0xC1,0xE6,0x02
	.byte 0xBF,0x10,0x00,0x00,0x00,0x48,0x01,0xF7,0xB8,0x00,0x00,0x00,0x00,0x40,0x0F,0x90
	.byte 0xC0,0x48,0x89,0xF2,0x48,0x09,0xC2,0x48,0x83,0xCA,0x10,0x48,0xF7,0xC2,0x01,0x00
	.byte 0x00,0x00,0x0F,0x84,0x2C,0x00,0x00,0x00,0xBF,0x10,0x00,0x00,0x00,0x49,0x89,0x7E
	.byte 0x30,0x49,0x89,0x76,0x28,0x41,0xBB,0xBD,0x00,0x00,0x00,0x4D,0x89,0x1E,0x48,0x8D
	.byte 0x05,0x05,0x00,0x00,0x00,0xE9,0x18,0x88,0xFF,0xFF,0x49,0x89,0x7E,0x30,0xE9,0x05
	.byte 0x00,0x00,0x00,0x90,0x49,0x89,0x7E,0x30,0x49,0x8B,0x45,0xD8,0x49,0x8B,0x7D,0xF8
	.byte 0x48,0x29,0xF8,0x48,0x83,0xF8,0x48,0x0F,0x82,0x29,0x00,0x00,0x00,0x49,0x8B,0x7E
	.byte 0x68,0x4D,0x8B,0x5E,0x60,0x4D,0x89,0x5E,0x68,0x49,0x8B,0x4E,0x58,0x4D,0x8B,0x46
	.byte 0x50,0x49,0x8B,0x56,0x48,0x49,0x8B,0x76,0x40,0x49,0x8B,0x46,0x38,0x49,0x8B,0x5E
	.byte 0x30,0xE9,0x3E,0x00,0x00,0x00,0xBF,0x48,0x00,0x00,0x00,0x41,0xBB,0xBE,0x00,0x00
	.byte 0x00,0x4D,0x89,0x1E,0x48,0x8D,0x05,0x05,0x00,0x00,0x00,0xE9,0x18,0x7B,0xFF,0xFF
	.byte 0x49,0x8B,0x7E,0x68,0x4D,0x8B,0x5E,0x60,0x4D,0x89,0x5E,0x68,0x49,0x8B,0x4E,0x58
	.byte 0x4D,0x8B,0x46,0x50,0x49,0x8B,0x56,0x48,0x49,0x8B,0x76,0x40,0x49,0x8B,0x46,0x38
	.byte 0x49,0x8B,0x5E,0x30,0x4D,0x8B,0x4D,0xB8,0x4D,0x8B,0x49,0x10,0x48,0xD1,0xE3,0x4C
	.byte 0x01,0xE3,0x49,0xC1,0xE9,0x09,0x4C,0x01,0xCB,0x4C,0x8B,0x4B,0x08,0x49,0x8B,0x5D
	.byte 0xF8,0x49,0xBF,0xF3,0x01,0x00,0x00,0x08,0x00,0x00,0x00,0x4C,0x89,0x3B,0x4C,0x89
	.byte 0x4B,0x08,0x48,0x89,0x53,0x10,0x48,0x89,0xDA,0x48,0x89,0x4A,0x18,0x4C,0x89,0x42
	.byte 0x20,0x4D,0x8B,0x56,0x68,0x4C,0x89,0x52,0x28,0x48,0x89,0x42,0x30,0x48,0x89,0x7A
	.byte 0x38,0x48,0x89,0x72,0x40,0x48,0x89,0xD7,0x4C,0x29,0xE7,0x48,0xC1,0xE7,0x09,0x48
	.byte 0x81,0xCF,0xF1,0x01,0x00,0x00,0x48,0x83,0xC2,0x48,0x49,0x89,0x55,0xF8,0x4D,0x8B
	.byte 0x5E,0x70,0x49,0x83,0xC6,0x78,0x41,0xFF,0xE3,0x90,0x48,0xA9,0x01,0x00,0x00,0x00
	.byte 0x0F,0x84,0x1C,0x00,0x00,0x00,0x49,0x89,0x46,0x38,0x48,0xC1,0xE8,0x09,0x4C,0x01
	.byte 0xE0,0x48,0x8B,0x30,0x48,0xC1,0xEE,0x20,0x48,0xC1,0xE6,0x02,0xE9,0x07,0x00,0x00
	.byte 0x00,0x90,0x31,0xF6,0x49,0x89,0x46,0x38,0x48,0xBF,0xF4,0xFF,0xFF,0xFF,0xFF,0xFF
	.byte 0xFF,0xFF,0x48,0x01,0xF7,0xB8,0x00,0x00,0x00,0x00,0x40,0x0F,0x90,0xC0,0x48,0x89
	.byte 0xF2,0x48,0x09,0xC2,0x48,0x83,0xCA,0xF4,0x48,0xF7,0xC2,0x01,0x00,0x00,0x00,0x0F
	.byte 0x84,0x49,0x00,0x00,0x00,0x48,0xBF,0xF4,0xFF,0xFF,0xFF,0xFF,0xFF,0xFF,0xFF,0x4D
	.byte 0x8B,0x5E,0x48,0x4D,0x89,0x5E,0x18,0x49,0x89,0x7E,0x48,0x49,0x89,0x76,0x30,0x41
	.byte 0xBB,0xBF,0x00,0x00,0x00,0x4D,0x89,0x1E,0x48,0x8D,0x05,0x05,0x00,0x00,0x00,0xE9
	.byte 0x8E,0x86,0xFF,0xFF,0x49,0x8B,0x46,0x38,0x49,0x8B,0x76,0x40,0x4D,0x8B,0x5E,0x68
	.byte 0x4D,0x89,0x5E,0x38,0x49,0x89,0x7E,0x48,0xE9,0x1D,0x00,0x00,0x00,0x90,0x4D,0x8B
	.byte 0x5E,0x48,0x4D,0x89,0x5E,0x18,0x49,0x89,0x7E,0x48,0x49,0x8B,0x46,0x38,0x49,0x8B
	.byte 0x76,0x40,0x4D,0x8B,0x5E,0x68,0x4D,0x89,0x5E,0x38,0x49,0x89,0x46,0x68,0x48,0xC1
	.byte 0xE8,0x09,0x4C,0x01,0xE0,0x48,0x8B,0x50,0x18,0xBF,0x14,0x00,0x00,0x00,0x48,0x01
	.byte 0xF7,0xB8,0x00,0x00,0x00,0x00,0x40,0x0F,0x90,0xC0,0x49,0x89,0x76,0x40,0x48,0x09
	.byte 0xC6,0x48,0x83,0xCE,0x14,0x48,0xF7,0xC6,0x01,0x00,0x00,0x00,0x0F,0x84,0x58,0x00
	.byte 0x00,0x00,0xBF,0x14,0x00,0x00,0x00,0x49,0x8B,0x76,0x40,0x4D,0x8B,0x5E,0x60,0x4D
	.byte 0x89,0x5E,0x20,0x4D,0x8B,0x5E,0x58,0x4D,0x89,0x5E,0x60,0x4D,0x8B,0x5E,0x68,0x4D
	.byte 0x89,0x5E,0x58,0x4D,0x8B,0x5E,0x48,0x4D,0x89,0x5E,0x68,0x4D,0x8B,0x5E,0x50,0x4D
	.byte 0x89,0x5E,0x48,0x49,0x89,0x56,0x50,0x49,0x89,0x7E,0x30,0x41,0xBB,0xC0,0x00,0x00
	.byte 0x00,0x4D,0x89,0x1E,0x48,0x8D,0x05,0x05,0x00,0x00,0x00,0xE9,0xD2,0x85,0xFF,0xFF
	.byte 0x49,0x8B,0x76,0x68,0xE9,0x29,0x00,0x00,0x00,0x90,0x4D,0x8B,0x5E,0x60,0x4D,0x89
	.byte 0x5E,0x20,0x4D,0x8B,0x5E,0x58,0x4D,0x89,0x5E,0x60,0x4D,0x8B,0x5E,0x68,0x4D,0x89
	.byte 0x5E,0x58,0x49,0x8B,0x76,0x48,0x4D,0x8B,0x5E,0x50,0x4D,0x89,0x5E,0x48,0x49,0x89
	.byte 0x56,0x50,0x48,0x89,0xF9,0x48,0x01,0xF1,0xB8,0x00,0x00,0x00,0x00,0x40,0x0F,0x90
	.byte 0xC0,0x48,0x89,0xF2,0x48,0x09,0xFA,0x48,0x09,0xC2,0x48,0xF7,0xC2,0x01,0x00,0x00
	.byte 0x00,0x0F,0x84,0x2B,0x00,0x00,0x00,0x49,0x89,0x7E,0x30,0x49,0x89,0x76,0x68,0x41
	.byte 0xBB,0xC1,0x00,0x00,0x00,0x4D,0x89,0x1E,0x48,0x8D,0x05,0x05,0x00,0x00,0x00,0xE9
	.byte 0x5E,0x85,0xFF,0xFF,0x49,0x8B,0x76,0x68,0x49,0x89,0x7E,0x68,0xE9,0x05,0x00,0x00
	.byte 0x00,0x90,0x49,0x89,0x4E,0x68,0xBF,0x10,0x00,0x00,0x00,0x48,0x01,0xF7,0xB8,0x00
	.byte 0x00,0x00,0x00,0x40,0x0F,0x90,0xC0,0x49,0x89,0x76,0x30,0x48,0x09,0xC6,0x48,0x83
	.byte 0xCE,0x10,0x48,0xF7,0xC6,0x01,0x00,0x00,0x00,0x0F,0x84,0x31,0x00,0x00,0x00,0xBF
	.byte 0x10,0x00,0x00,0x00,0x49,0x8B,0x76,0x30,0x49,0x89,0x7E,0x28,0x41,0xBB,0xC2,0x00
	.byte 0x00,0x00,0x4D,0x89,0x1E,0x48,0x8D,0x05,0x06,0x00,0x00,0x00,0xE9,0x01,0x85,0xFF
	.byte 0xFF,0x90,0x49,0x8B,0x4E,0x68,0x49,0x89,0x7E,0x28,0xE9,0x09,0x00,0x00,0x00,0x90
	.byte 0x49,0x89,0x7E,0x28,0x49,0x8B,0x4E,0x68,0xBA,0x08,0x00,0x00,0x00,0x48,0xBF,0xFC
	.byte 0xFF,0xFF,0xFF,0xFF,0xFF,0xFF,0xFF,0x48,0x01,0xCF,0xB8,0x00,0x00,0x00,0x00,0x40
	.byte 0x0F,0x90,0xC0,0x48,0x89,0xCE,0x48,0x09,0xC6,0x48,0x83,0xCE,0xFC,0x48,0xF7,0xC6
	.byte 0x01,0x00,0x00,0x00,0x0F,0x84,0x78,0x00,0x00,0x00,0x48,0xBF,0xFC,0xFF,0xFF,0xFF
	.byte 0xFF,0xFF,0xFF,0xFF,0x48,0x89,0xCE,0x49,0x89,0x56,0x68,0x4D,0x8B,0x5E,0x28,0x4D
	.byte 0x89,0x5E,0x10,0x4D,0x8B,0x5E,0x30,0x4D,0x89,0x5E,0x28,0x4D,0x8B,0x5E,0x38,0x4D
	.byte 0x89,0x5E,0x30,0x4D,0x8B,0x5E,0x40,0x4D,0x89,0x5E,0x38,0x49,0x89,0x4E,0x40,0x49
	.byte 0x89,0x7E,0x08,0x41,0xBB,0xC3,0x00,0x00,0x00,0x4D,0x89,0x1E,0x48,0x8D,0x05,0x05
	.byte 0x00,0x00,0x00,0xE9,0x6A,0x84,0xFF,0xFF,0x49,0x8B,0x4E,0x40,0x4D,0x8B,0x5E,0x38
	.byte 0x4D,0x89,0x5E,0x40,0x4D,0x8B,0x5E,0x30,0x4D,0x89,0x5E,0x38,0x4D,0x8B,0x5E,0x28
	.byte 0x4D,0x89,0x5E,0x30,0x4D,0x8B,0x5E,0x10,0x4D,0x89,0x5E,0x28,0xE9,0x05,0x00,0x00
	.byte 0x00,0x90,0x49,0x89,0x56,0x68,0x48,0x89,0xF8,0x48,0xD1,0xE8,0x48,0x89,0xCE,0x48
	.byte 0xF7,0xE6,0x48,0x89,0xCE,0x48,0x09,0xF9,0x48,0x83,0xE1,0x01,0x48,0x09,0xD1,0x48
	.byte 0xD1,0xE8,0x48,0x83,0xF9,0x00,0x0F,0x84,0x42,0x00,0x00,0x00,0x49,0x89,0x7E,0x10
	.byte 0x49,0x89,0x76,0x08,0x41,0xBB,0xC4,0x00,0x00,0x00,0x4D,0x89,0x1E,0x48,0x8D,0x05
	.byte 0x06,0x00,0x00,0x00,0xE9,0x0B,0x84,0xFF,0xFF,0x90,0x48,0x89,0xF8,0x49,0x8B,0x4E
	.byte 0x68,0x4D,0x8B,0x5E,0x58,0x4D,0x89,0x5E,0x68,0x4D,0x8B,0x5E,0x30,0x4D,0x89,0x5E
	.byte 0x58,0x4D,0x8B,0x5E,0x28,0x4D,0x89,0x5E,0x30,0xE9,0x1C,0x00,0x00,0x00,0x49,0x8B
	.byte 0x4E,0x68,0x4D,0x8B,0x5E,0x58,0x4D,0x89,0x5E,0x68,0x4D,0x8B,0x5E,0x30,0x4D,0x89
	.byte 0x5E,0x58,0x4D,0x8B,0x5E,0x28,0x4D,0x89,0x5E,0x30,0x48,0x89,0xC6,0x48,0x83,0xCE
	.byte 0x08,0x48,0x89,0xF7,0x48,0xC1,0xEF,0x3F,0x48,0x09,0xF7,0x48,0xF7,0xC7,0x01,0x00
	.byte 0x00,0x00,0x0F,0x84,0x32,0x00,0x00,0x00,0xBE,0x08,0x00,0x00,0x00,0x48,0x89,0xC7
	.byte 0x49,0x89,0x76,0x28,0x49,0x89,0x46,0x10,0x41,0xBB,0xC5,0x00,0x00,0x00,0x4D,0x89
	.byte 0x1E,0x48,0x8D,0x05,0x06,0x00,0x00,0x00,0xE9,0x91,0x83,0xFF,0xFF,0x90,0x48,0x89
	.byte 0xFA,0x49,0x8B,0x76,0x30,0xE9,0x10,0x00,0x00,0x00,0x31,0xD2,0x48,0xF7,0xF1,0x48
	.byte 0x89,0xC2,0x48,0xC1,0xE2,0x02,0x49,0x8B,0x76,0x30,0x48,0x89,0xD7,0x48,0x01,0xF7
	.byte 0xB8,0x00,0x00,0x00,0x00,0x40,0x0F,0x90,0xC0,0x48,0x89,0xF1,0x48,0x09,0xD1,0x48
	.byte 0x09,0xC1,0x48,0xF7,0xC1,0x01,0x00,0x00,0x00,0x0F,0x84,0x2B,0x00,0x00,0x00,0x48
	.byte 0x89,0xD7,0x49,0x89,0x56,0x28,0x49,0x89,0x76,0x30,0x41,0xBB,0xC6,0x00,0x00,0x00
	.byte 0x4D,0x89,0x1E,0x48,0x8D,0x05,0x06,0x00,0x00,0x00,0xE9,0x13,0x83,0xFF,0xFF,0x90
	.byte 0x49,0x8B,0x76,0x58,0xE9,0x05,0x00,0x00,0x00,0x90,0x49,0x8B,0x76,0x58,0x49,0x8B
	.byte 0x45,0xB8,0x48,0x8B,0x40,0x10,0x48,0xD1,0xE7,0x4C,0x01,0xE7,0x48,0xC1,0xE8,0x09
	.byte 0x48,0x01,0xC7,0x48,0x8B,0x57,0x08,0xBF,0x20,0x00,0x00,0x00,0x48,0x01,0xF7,0xB8
	.byte 0x00,0x00,0x00,0x00,0x40,0x0F,0x90,0xC0,0x49,0x89,0x76,0x28,0x48,0x09,0xC6,0x48
	.byte 0x83,0xCE,0x20,0x48,0xF7,0xC6,0x01,0x00,0x00,0x00,0x0F,0x84,0x2C,0x00,0x00,0x00
	.byte 0xBF,0x20,0x00,0x00,0x00,0x49,0x8B,0x76,0x28,0x49,0x89,0x7E,0x58,0x49,0x89,0x56
	.byte 0x10,0x41,0xBB,0xC7,0x00,0x00,0x00,0x4D,0x89,0x1E,0x48,0x8D,0x05,0x05,0x00,0x00
	.byte 0x00,0xE9,0x9C,0x82,0xFF,0xFF,0xE9,0x05,0x00,0x00,0x00,0x90,0x49,0x89,0x56,0x10
	.byte 0xB8,0x0C,0x00,0x00,0x00,0x48,0xF7,0xC7,0x01,0x00,0x00,0x00,0x0F,0x84,0x80,0x00
	.byte 0x00,0x00,0x48,0xBF,0xFF,0xFF,0xFF,0xFF,0xFF,0xFF,0xFF,0xFF,0x41,0xBB,0xC8,0x00
	.byte 0x00,0x00,0x4D,0x89,0x1E,0x48,0x8D,0x05,0x06,0x00,0x00,0x00,0xE9,0xC7,0x75,0xFF
	.byte 0xFF,0x90,0x45,0x31,0xDB,0x4D,0x89,0x5E,0x10,0x4D,0x8B,0x5E,0x10,0x4D,0x89,0x5E
	.byte 0x20,0x4D,0x8B,0x5E,0x10,0x4D,0x89,0x5E,0x60,0x4D,0x8B,0x5E,0x10,0x4D,0x89,0x5E
	.byte 0x68,0x4D,0x8B,0x5E,0x10,0x4D,0x89,0x5E,0x58,0x4D,0x8B,0x5E,0x10,0x4D,0x89,0x5E
	.byte 0x50,0x4D,0x8B,0x5E,0x10,0x4D,0x89,0x5E,0x48,0x4D,0x8B,0x5E,0x10,0x4D,0x89,0x5E
	.byte 0x40,0x4D,0x8B,0x5E,0x10,0x4D,0x89,0x5E,0x38,0x49,0x8B,0x7E,0x10,0x4D,0x8B,0x5E
	.byte 0x10,0x4D,0x89,0x5E,0x28,0x4D,0x8B,0x5E,0x10,0x4D,0x89,0x5E,0x18,0xE9,0x04,0x00
	.byte 0x00,0x00,0x49,0x89,0x46,0x58,0x49,0x89,0x7E,0x30,0x48,0xC1,0xEF,0x02,0x49,0xBA
	.byte 0x00,0x00,0x00,0x00,0x01,0x00,0x00,0x00,0x4C,0x39,0xD7,0x0F,0x82,0x0F,0x00,0x00
	.byte 0x00,0x48,0xBF,0xFF,0xFF,0xFF,0xFF,0xFF,0xFF,0xFF,0xFF,0xE9,0x08,0x00,0x00,0x00
	.byte 0x48,0x83,0xC7,0x01,0x48,0xC1,0xE7,0x03,0x49,0x8B,0x45,0xD8,0x49,0x8B,0x75,0xF8
	.byte 0x48,0x29,0xF0,0x48,0x39,0xF8,0x0F,0x82,0x3A,0x00,0x00,0x00,0x49,0x8B,0x4E,0x68
	.byte 0x4D,0x8B,0x46,0x58,0x49,0x8B,0x46,0x50,0x49,0x8B,0x7E,0x48,0x49,0x8B,0x76,0x40
	.byte 0x49,0x8B,0x56,0x38,0x49,0x8B,0x5E,0x30,0x4D,0x8B,0x5E,0x28,0x4D,0x89,0x5E,0x68
	.byte 0x4D,0x8B,0x5E,0x18,0x4D,0x89,0x5E,0x28,0x4D,0x8B,0x5E,0x10,0x4D,0x89,0x5E,0x40
	.byte 0xE9,0x4B,0x00,0x00,0x00,0x90,0x41,0xBB,0xC9,0x00,0x00,0x00,0x4D,0x89,0x1E,0x48
	.byte 0x8D,0x05,0x06,0x00,0x00,0x00,0xE9,0xCD,0x74,0xFF,0xFF,0x90,0x49,0x8B,0x4E,0x68
	.byte 0x4D,0x8B,0x46,0x58,0x49,0x8B,0x46,0x50,0x49,0x8B,0x7E,0x48,0x49,0x8B,0x76,0x40
	.byte 0x49,0x8B,0x56,0x38,0x49,0x8B,0x5E,0x30,0x4D,0x8B,0x5E,0x28,0x4D,0x89,0x5E,0x68
	.byte 0x4D,0x8B,0x5E,0x18,0x4D,0x89,0x5E,0x28,0x4D,0x8B,0x5E,0x10,0x4D,0x89,0x5E,0x40
	.byte 0x4D,0x8B,0x4D,0xF8,0x49,0x89,0xDF,0x49,0xC1,0xE7,0x1E,0x49,0x81,0xCF,0xF3,0x01
	.byte 0x00,0x00,0x49,0x89,0x5E,0x18,0x48,0xC1,0xEB,0x02,0x4D,0x89,0x39,0x4D,0x8B,0x56
	.byte 0x40,0x4D,0x89,0x51,0x08,0x49,0x89,0x71,0x10,0x49,0x89,0x41,0x18,0x49,0x89,0x79
	.byte 0x20,0x4D,0x8B,0x56,0x60,0x4D,0x89,0x51,0x28,0x4D,0x8B,0x56,0x28,0x4D,0x89,0x51
	.byte 0x30,0x4D,0x8B,0x56,0x20,0x4D,0x89,0x51,0x38,0x49,0x89,0x51,0x40,0x4D,0x89,0xCF
	.byte 0x4D,0x89,0x4E,0x58,0x4D,0x29,0xE7,0x49,0xC1,0xE7,0x09,0x49,0x83,0xCF,0x01,0x49
	.byte 0x81,0xCF,0xE0,0x01,0x00,0x00,0x48,0x83,0xFB,0x0F,0x0F,0x82,0x10,0x00,0x00,0x00
	.byte 0x49,0x83,0xCF,0x1E,0x49,0x89,0xD9,0x4C,0x89,0xFB,0xE9,0x0B,0x00,0x00,0x00,0x90
	.byte 0x49,0x89,0xD9,0x48,0xD1,0xE3,0x4C,0x09,0xFB,0x90,0x49,0xC1,0xE1,0x03,0x4D,0x8B
	.byte 0x7E,0x58,0x4D,0x01,0xF9,0x49,0x83,0xC1,0x08,0x4D,0x89,0x4D,0xF8,0x4D,0x8B,0x4E
	.byte 0x68,0x49,0x83,0xC7,0x48,0x4D,0x89,0x46,0x48,0x49,0xD1,0xE0,0x4D,0x01,0xE0,0x49
	.byte 0x89,0x4E,0x30,0x48,0xC1,0xE9,0x09,0x49,0x01,0xC8,0x49,0x83,0xC0,0x08,0x4D,0x85
	.byte 0xC9,0x0F,0x84,0x3F,0x00,0x00,0x00,0x49,0x89,0x7E,0x68,0x4C,0x89,0xCF,0x49,0x89
	.byte 0x76,0x38,0x4C,0x89,0xC6,0x49,0x89,0x56,0x50,0x4C,0x89,0xFA,0x48,0x89,0xD9,0x49
	.byte 0x89,0x46,0x10,0x4D,0x89,0x4E,0x58,0x41,0xBB,0xCA,0x00,0x00,0x00,0x4D,0x89,0x1E
	.byte 0x48,0x8D,0x05,0x05,0x00,0x00,0x00,0xE9,0x50,0x86,0xFF,0xFF,0x49,0x8B,0x46,0x70
	.byte 0xE9,0x09,0x00,0x00,0x00,0x90,0x49,0x8B,0x46,0x70,0x48,0x89,0xDF,0x90,0x49,0x83
	.byte 0xC6,0x78,0xFF,0xE0,0x49,0x81,0xEE,0x80,0x00,0x00,0x00,0x4D,0x39,0xEE,0x0F,0x82
	.byte 0x68,0x73,0xFF,0xFF,0x49,0x89,0x46,0x78,0x48,0x89,0xD8,0x49,0x89,0x7E,0x58,0x48
	.byte 0x89,0xF7,0x4D,0x89,0x4E,0x70,0x48,0xC1,0xE8,0x09,0x4C,0x01,0xE0,0x48,0x8B,0x70
	.byte 0x10,0x49,0xB9,0xE8,0xFF,0xFF,0xFF,0xFF,0xFF,0xFF,0xFF,0x49,0x01,0xF1,0xB8,0x00
	.byte 0x00,0x00,0x00,0x40,0x0F,0x90,0xC0,0x49,0x89,0xF7,0x49,0x09,0xC7,0x49,0x83,0xCF
	.byte 0xE8,0x49,0xF7,0xC7,0x01,0x00,0x00,0x00,0x0F,0x84,0x44,0x00,0x00,0x00,0x48,0xB8
	.byte 0xE8,0xFF,0xFF,0xFF,0xFF,0xFF,0xFF,0xFF,0x49,0x89,0x7E,0x60,0x48,0x89,0xC7,0x49
	.byte 0x89,0x76,0x30,0x49,0x89,0x4E,0x68,0x49,0x89,0x46,0x38,0x4D,0x89,0x46,0x50,0x49
	.byte 0x89,0x56,0x48,0x49,0x89,0x5E,0x40,0x41,0xBB,0xCB,0x00,0x00,0x00,0x4D,0x89,0x1E
	.byte 0x48,0x8D,0x05,0x05,0x00,0x00,0x00,0xE9,0x86,0x7F,0xFF,0xFF,0xE9,0x19,0x00,0x00
	.byte 0x00,0x90,0x49,0x89,0x7E,0x60,0x4C,0x89,0xCF,0x49,0x89,0x4E,0x68,0x4D,0x89,0x46
	.byte 0x50,0x49,0x89,0x56,0x48,0x49,0x89,0x5E,0x40,0x90,0x31,0xD2,0x31,0xC0,0x48,0xF7
	.byte 0xC7,0x01,0x00,0x00,0x00,0x0F,0x84,0x35,0x00,0x00,0x00,0x31,0xF6,0x4D,0x8B,0x5E
	.byte 0x40,0x4D,0x89,0x5E,0x38,0x49,0x89,0x7E,0x40,0x49,0x89,0x56,0x30,0x41,0xBB,0xCC
	.byte 0x00,0x00,0x00,0x4D,0x89,0x1E,0x48,0x8D,0x05,0x05,0x00,0x00,0x00,0xE9,0xA8,0x7F
	.byte 0xFF,0xFF,0x49,0x8B,0x76,0x38,0xB8,0x01,0x00,0x00,0x00,0xE9,0x08,0x00,0x00,0x00
	.byte 0x49,0x8B,0x76,0x40,0x49,0x89,0x7E,0x40,0x48,0x39,0xC7,0x0F,0x8D,0x21,0x06,0x00
	.byte 0x00,0x48,0x89,0xF0,0x48,0xC1,0xEE,0x09,0x4C,0x01,0xE6,0x48,0x8B,0x7E,0x10,0x48
	.byte 0x83,0xFF,0x14,0x0F,0x8D,0xBD,0x02,0x00,0x00,0x48,0x83,0xFF,0x08,0x0F,0x8D,0x2F
	.byte 0x01,0x00,0x00,0x48,0x83,0xFF,0x04,0x0F,0x8D,0xA9,0x00,0x00,0x00,0x48,0x89,0xC6
	.byte 0x48,0xC1,0xE8,0x09,0x4C,0x01,0xE0,0x48,0x8B,0x50,0x08,0x49,0x8B,0x7E,0x70,0x4D
	.byte 0x8B,0x5E,0x68,0x4D,0x89,0x5E,0x70,0x4D,0x8B,0x5E,0x60,0x4D,0x89,0x5E,0x68,0x4D
	.byte 0x8B,0x5E,0x58,0x4D,0x89,0x5E,0x60,0x4D,0x8B,0x5E,0x50,0x4D,0x89,0x5E,0x58,0x4D
	.byte 0x8B,0x5E,0x48,0x4D,0x89,0x5E,0x50,0x41,0xBB,0xCD,0x00,0x00,0x00,0x4D,0x89,0x1E
	.byte 0x48,0x8D,0x05,0x03,0x00,0x00,0x00,0xFF,0xE2,0x90,0x49,0x89,0xF8,0x49,0x8B,0x46
	.byte 0x78,0x49,0x8B,0x4E,0x70,0x49,0x8B,0x76,0x68,0x49,0x8B,0x7E,0x60,0x4D,0x8B,0x7E
	.byte 0x58,0x49,0x8B,0x56,0x50,0x4D,0x89,0xC1,0x49,0xC1,0xE8,0x09,0x4D,0x01,0xE0,0x4D
	.byte 0x8B,0x40,0x10,0x49,0x83,0xF8,0x10,0x0F,0x85,0x1D,0x00,0x00,0x00,0x4D,0x89,0xC8
	.byte 0x49,0xC1,0xE9,0x09,0x4D,0x01,0xE1,0x49,0x8B,0x59,0x08,0x4D,0x89,0xC1,0x4D,0x89
	.byte 0xF8,0x49,0x81,0xC6,0x80,0x00,0x00,0x00,0xFF,0xE3,0x4D,0x89,0xF8,0x49,0x83,0xC6
	.byte 0x08,0xE9,0xE6,0xEC,0xFF,0xFF,0x48,0x89,0xC2,0x48,0xC1,0xE8,0x09,0x4C,0x01,0xE0
	.byte 0x48,0x8B,0x48,0x08,0x49,0x8B,0x7E,0x50,0x49,0x8B,0x76,0x70,0x41,0xBB,0xCE,0x00
	.byte 0x00,0x00,0x4D,0x89,0x1E,0x48,0x8D,0x05,0x02,0x00,0x00,0x00,0xFF,0xE1,0x49,0x89
	.byte 0xF9,0x49,0x8B,0x46,0x78,0x49,0x8B,0x4E,0x68,0x49,0x8B,0x76,0x60,0x49,0x8B,0x7E
	.byte 0x58,0x49,0x8B,0x56,0x48,0x4D,0x89,0xC8,0x49,0xC1,0xE9,0x09,0x4D,0x01,0xE1,0x4D
	.byte 0x8B,0x49,0x10,0x49,0x83,0xF9,0x0C,0x0F,0x85,0x1B,0x00,0x00,0x00,0x4C,0x89,0xC3
	.byte 0x49,0xC1,0xE8,0x09,0x4D,0x01,0xE0,0x4D,0x8B,0x48,0x08,0x49,0x89,0xD8,0x49,0x81
	.byte 0xC6,0x80,0x00,0x00,0x00,0x41,0xFF,0xE1,0x49,0x83,0xC6,0x10,0xE9,0x2D,0xDC,0xFF
	.byte 0xFF,0x90,0x48,0x83,0xFF,0x0C,0x0F,0x8D,0x7E,0x00,0x00,0x00,0x48,0x89,0xC1,0x48
	.byte 0xC1,0xE8,0x09,0x4C,0x01,0xE0,0x4C,0x8B,0x40,0x08,0x49,0x8B,0x7E,0x68,0x49,0x8B
	.byte 0x76,0x50,0x49,0x8B,0x56,0x70,0x41,0xBB,0xCF,0x00,0x00,0x00,0x4D,0x89,0x1E,0x48
	.byte 0x8D,0x05,0x04,0x00,0x00,0x00,0x41,0xFF,0xE0,0x90,0x49,0x89,0xF8,0x49,0x8B,0x46
	.byte 0x78,0x49,0x8B,0x76,0x60,0x49,0x8B,0x7E,0x58,0x49,0x8B,0x56,0x48,0x4C,0x89,0xC1
	.byte 0x49,0xC1,0xE8,0x09,0x4D,0x01,0xE0,0x4D,0x8B,0x40,0x10,0x49,0x83,0xF8,0x08,0x0F
	.byte 0x85,0x1B,0x00,0x00,0x00,0x49,0x89,0xC9,0x48,0xC1,0xE9,0x09,0x4C,0x01,0xE1,0x4C
	.byte 0x8B,0x41,0x08,0x4C,0x89,0xC9,0x49,0x81,0xC6,0x80,0x00,0x00,0x00,0x41,0xFF,0xE0
	.byte 0x49,0x83,0xC6,0x18,0xE9,0xD1,0xCB,0xFF,0xFF,0x90,0x48,0x83,0xFF,0x10,0x0F,0x8D
	.byte 0x7A,0x00,0x00,0x00,0x49,0x89,0xC0,0x48,0xC1,0xE8,0x09,0x4C,0x01,0xE0,0x4C,0x8B
	.byte 0x48,0x08,0x49,0x8B,0x7E,0x48,0x49,0x8B,0x76,0x68,0x49,0x8B,0x56,0x50,0x49,0x8B
	.byte 0x4E,0x70,0x41,0xBB,0xD0,0x00,0x00,0x00,0x4D,0x89,0x1E,0x48,0x8D,0x05,0x04,0x00
	.byte 0x00,0x00,0x41,0xFF,0xE1,0x90,0x48,0x89,0xF9,0x49,0x8B,0x46,0x78,0x49,0x8B,0x76
	.byte 0x60,0x49,0x8B,0x7E,0x58,0x48,0x89,0xCA,0x48,0xC1,0xE9,0x09,0x4C,0x01,0xE1,0x48
	.byte 0x8B,0x49,0x10,0x48,0x83,0xF9,0x04,0x0F,0x85,0x17,0x00,0x00,0x00,0x48,0x89,0xD1
	.byte 0x48,0xC1,0xE9,0x09,0x4C,0x01,0xE1,0x48,0x8B,0x49,0x08,0x49,0x81,0xC6,0x80,0x00
	.byte 0x00,0x00,0xFF,0xE1,0x49,0x83,0xC6,0x20,0xE9,0x0D,0xBC,0xFF,0xFF,0x90,0x49,0x89
	.byte 0xC1,0x48,0xC1,0xE8,0x09,0x4C,0x01,0xE0,0x48,0x8B,0x58,0x08,0x49,0x8B,0x7E,0x60
	.byte 0x49,0x8B,0x76,0x48,0x49,0x8B,0x56,0x68,0x49,0x8B,0x4E,0x50,0x4D,0x8B,0x46,0x70
	.byte 0x41,0xBB,0xD1,0x00,0x00,0x00,0x4D,0x89,0x1E,0x48,0x8D,0x05,0x02,0x00,0x00,0x00
	.byte 0xFF,0xE3,0x48,0x89,0xFA,0x49,0x8B,0x46,0x78,0x49,0x8B,0x7E,0x58,0x48,0x89,0xD6
	.byte 0x48,0xC1,0xEA,0x09,0x4C,0x01,0xE2,0x48,0x8B,0x52,0x10,0x48,0x83,0xFA,0x00,0x0F
	.byte 0x85,0x17,0x00,0x00,0x00,0x48,0x89,0xF2,0x48,0xC1,0xEA,0x09,0x4C,0x01,0xE2,0x48
	.byte 0x8B,0x52,0x08,0x49,0x81,0xC6,0x80,0x00,0x00,0x00,0xFF,0xE2,0x49,0x83,0xC6,0x30
	.byte 0xE9,0xAD,0xAD,0xFF,0xFF,0x90,0x48,0x83,0xFF,0x1C,0x0F,0x8D,0x0E,0x01,0x00,0x00
	.byte 0x48,0x83,0xFF,0x18,0x0F,0x8D,0x78,0x00,0x00,0x00,0x48,0x89,0xC3,0x48,0xC1,0xE8
	.byte 0x09,0x4C,0x01,0xE0,0x4C,0x8B,0x78,0x08,0x49,0x8B,0x7E,0x58,0x49,0x8B,0x76,0x60
	.byte 0x49,0x8B,0x56,0x48,0x49,0x8B,0x4E,0x68,0x4D,0x8B,0x46,0x50,0x4D,0x8B,0x4E,0x70
	.byte 0x41,0xBB,0xD2,0x00,0x00,0x00,0x4D,0x89,0x1E,0x48,0x8D,0x05,0x04,0x00,0x00,0x00
	.byte 0x41,0xFF,0xE7,0x90,0x49,0x8B,0x46,0x78,0x48,0x89,0xFE,0x48,0xC1,0xEE,0x09,0x4C
	.byte 0x01,0xE6,0x48,0x8B,0x76,0x10,0x48,0x83,0xFE,0x00,0x0F,0x85,0x18,0x00,0x00,0x00
	.byte 0x48,0x89,0xFE,0x48,0xC1,0xEE,0x09,0x4C,0x01,0xE6,0x48,0x8B,0x76,0x08,0x49,0x81
	.byte 0xC6,0x80,0x00,0x00,0x00,0xFF,0xE6,0x90,0x49,0x83,0xC6,0x30,0xE9,0x21,0xAD,0xFF
	.byte 0xFF,0x90,0x49,0x89,0xC7,0x48,0xC1,0xE8,0x09,0x4C,0x01,0xE0,0x48,0x8B,0x40,0x08
	.byte 0x49,0x8B,0x7E,0x40,0x49,0x8B,0x76,0x58,0x49,0x8B,0x56,0x60,0x49,0x8B,0x4E,0x48
	.byte 0x4D,0x8B,0x46,0x68,0x4D,0x8B,0x4E,0x50,0x49,0x8B,0x5E,0x70,0x4D,0x8B,0x5E,0x78
	.byte 0x4D,0x89,0x5E,0x70,0x49,0x89,0x46,0x78,0x4D,0x8B,0x56,0x78,0x41,0xBB,0xD3,0x00
	.byte 0x00,0x00,0x4D,0x89,0x1E,0x48,0x8D,0x05,0x04,0x00,0x00,0x00,0x41,0xFF,0xE2,0x90
	.byte 0x49,0x8B,0x46,0x70,0x48,0x89,0xFE,0x48,0xC1,0xEE,0x09,0x4C,0x01,0xE6,0x48,0x8B
	.byte 0x76,0x10,0x48,0x83,0xFE,0x00,0x0F,0x85,0x18,0x00,0x00,0x00,0x48,0x89,0xFE,0x48
	.byte 0xC1,0xEE,0x09,0x4C,0x01,0xE6,0x48,0x8B,0x76,0x08,0x49,0x81,0xC6,0x80,0x00,0x00
	.byte 0x00,0xFF,0xE6,0x90,0x49,0x83,0xC6,0x30,0xE9,0x95,0xAC,0xFF,0xFF,0x90,0x48,0x83
	.byte 0xFF,0x20,0x0F,0x8D,0xA6,0x00,0x00,0x00,0x48,0x89,0xC6,0x48,0xC1,0xE8,0x09,0x4C
	.byte 0x01,0xE0,0x48,0x8B,0x40,0x08,0x4D,0x8B,0x4E,0x68,0x4D,0x8B,0x5E,0x78,0x4D,0x89
	.byte 0x5E,0x68,0x49,0x89,0x76,0x78,0x49,0x8B,0x76,0x40,0x49,0x8B,0x56,0x58,0x49,0x8B
	.byte 0x4E,0x60,0x4D,0x8B,0x46,0x48,0x49,0x8B,0x5E,0x50,0x4D,0x8B,0x7E,0x70,0x49,0x89
	.byte 0x46,0x70,0x4D,0x8B,0x56,0x70,0x41,0xBB,0xD4,0x00,0x00,0x00,0x4D,0x89,0x1E,0x49
	.byte 0x83,0xEE,0x08,0x4D,0x39,0xEE,0x0F,0x82,0x20,0x6E,0xFF,0xFF,0x4D,0x8B,0x9E,0x80
	.byte 0x00,0x00,0x00,0x4D,0x89,0x1E,0x48,0x8D,0x05,0x03,0x00,0x00,0x00,0x41,0xFF,0xE2
	.byte 0x49,0x8B,0x46,0x68,0x48,0x89,0xFE,0x48,0xC1,0xEE,0x09,0x4C,0x01,0xE6,0x48,0x8B
	.byte 0x76,0x10,0x48,0x83,0xFE,0x00,0x0F,0x85,0x18,0x00,0x00,0x00,0x48,0x89,0xFE,0x48
	.byte 0xC1,0xEE,0x09,0x4C,0x01,0xE6,0x48,0x8B,0x76,0x08,0x49,0x81,0xC6,0x80,0x00,0x00
	.byte 0x00,0xFF,0xE6,0x90,0x49,0x83,0xC6,0x30,0xE9,0xE5,0xAB,0xFF,0xFF,0x90,0x48,0x83
	.byte 0xFF,0x24,0x0F,0x8D,0xB8,0x00,0x00,0x00,0x48,0x89,0xC6,0x48,0xC1,0xE8,0x09,0x4C
	.byte 0x01,0xE0,0x48,0x8B,0x40,0x08,0x4D,0x8B,0x46,0x60,0x4D,0x8B,0x5E,0x78,0x4D,0x89
	.byte 0x5E,0x60,0x4D,0x8B,0x5E,0x70,0x4D,0x89,0x5E,0x78,0x49,0x89,0x76,0x70,0x48,0x89
	.byte 0xFE,0x49,0x8B,0x56,0x40,0x49,0x8B,0x4E,0x58,0x4D,0x8B,0x4E,0x48,0x49,0x8B,0x5E
	.byte 0x68,0x4D,0x8B,0x7E,0x50,0x49,0x89,0x46,0x68,0x4D,0x8B,0x56,0x68,0x41,0xBB,0xD5
	.byte 0x00,0x00,0x00,0x4D,0x89,0x1E,0x49,0x83,0xEE,0x10,0x4D,0x39,0xEE,0x0F,0x82,0x69
	.byte 0x6D,0xFF,0xFF,0x4D,0x8B,0x9E,0x88,0x00,0x00,0x00,0x4D,0x89,0x5E,0x08,0x4D,0x8B
	.byte 0x9E,0x80,0x00,0x00,0x00,0x4D,0x89,0x1E,0x48,0x8D,0x05,0x03,0x00,0x00,0x00,0x41
	.byte 0xFF,0xE2,0x49,0x8B,0x46,0x60,0x48,0x89,0xFE,0x48,0xC1,0xEE,0x09,0x4C,0x01,0xE6
	.byte 0x48,0x8B,0x76,0x10,0x48,0x83,0xFE,0x00,0x0F,0x85,0x18,0x00,0x00,0x00,0x48,0x89
	.byte 0xFE,0x48,0xC1,0xEE,0x09,0x4C,0x01,0xE6,0x48,0x8B,0x76,0x08,0x49,0x81,0xC6,0x80
	.byte 0x00,0x00,0x00,0xFF,0xE6,0x90,0x49,0x83,0xC6,0x30,0xE9,0x23,0xAB,0xFF,0xFF,0x90
	.byte 0x48,0x89,0xC6,0x48,0xC1,0xE8,0x09,0x4C,0x01,0xE0,0x48,0x8B,0x40,0x08,0x4D,0x8B
	.byte 0x7E,0x68,0x49,0x89,0x76,0x68,0x48,0x89,0xFE,0x48,0x89,0xFA,0x49,0x8B,0x4E,0x40
	.byte 0x4D,0x8B,0x46,0x58,0x4D,0x8B,0x4E,0x60,0x49,0x8B,0x5E,0x48,0x4D,0x8B,0x5E,0x78
	.byte 0x4D,0x89,0x5E,0x58,0x4D,0x8B,0x5E,0x50,0x4D,0x89,0x5E,0x78,0x49,0x89,0x46,0x60
	.byte 0x4D,0x8B,0x56,0x60,0x41,0xBB,0xD6,0x00,0x00,0x00,0x4D,0x89,0x1E,0x49,0x83,0xEE
	.byte 0x18,0x4D,0x39,0xEE,0x0F,0x82,0xB2,0x6C,0xFF,0xFF,0x4D,0x8B,0x9E,0x90,0x00,0x00
	.byte 0x00,0x4D,0x89,0x5E,0x10,0x4D,0x8B,0x9E,0x88,0x00,0x00,0x00,0x4D,0x89,0x5E,0x08
	.byte 0x4D,0x8B,0x9E,0x80,0x00,0x00,0x00,0x4D,0x89,0x1E,0x48,0x8D,0x05,0x03,0x00,0x00
	.byte 0x00,0x41,0xFF,0xE2,0x49,0x8B,0x46,0x58,0x48,0x89,0xFE,0x48,0xC1,0xEE,0x09,0x4C
	.byte 0x01,0xE6,0x48,0x8B,0x76,0x10,0x48,0x83,0xFE,0x00,0x0F,0x85,0x18,0x00,0x00,0x00
	.byte 0x48,0x89,0xFE,0x48,0xC1,0xEE,0x09,0x4C,0x01,0xE6,0x48,0x8B,0x76,0x08,0x49,0x81
	.byte 0xC6,0x80,0x00,0x00,0x00,0xFF,0xE6,0x90,0x49,0x83,0xC6,0x30,0xE9,0x61,0xAA,0xFF
	.byte 0xFF,0x90,0x48,0xF7,0xC6,0x01,0x00,0x00,0x00,0x0F,0x84,0x1F,0x00,0x00,0x00,0x48
	.byte 0x89,0xF0,0x48,0xC1,0xEE,0x09,0x4C,0x01,0xE6,0x48,0x8B,0x36,0x48,0xBF,0xFE,0xFF
	.byte 0xFF,0xFF,0x00,0x00,0x00,0x00,0x48,0x21,0xFE,0xE9,0x04,0x00,0x00,0x00,0x48,0x89
	.byte 0xF0,0x90,0x48,0x81,0xFE,0xE2,0x01,0x00,0x00,0x0F,0x85,0x13,0x03,0x00,0x00,0x49
	.byte 0x89,0x46,0x30,0x48,0xC1,0xE8,0x09,0x4C,0x01,0xE0,0x48,0x8B,0x48,0x10,0xBA,0x08
	.byte 0x00,0x00,0x00,0x48,0xBF,0xFC,0xFF,0xFF,0xFF,0xFF,0xFF,0xFF,0xFF,0x48,0x01,0xCF
	.byte 0xB8,0x00,0x00,0x00,0x00,0x40,0x0F,0x90,0xC0,0x48,0x89,0xCE,0x48,0x09,0xC6,0x48
	.byte 0x83,0xCE,0xFC,0x48,0xF7,0xC6,0x01,0x00,0x00,0x00,0x0F,0x84,0x70,0x00,0x00,0x00
	.byte 0x48,0xBF,0xFC,0xFF,0xFF,0xFF,0xFF,0xFF,0xFF,0xFF,0x48,0x89,0xCE,0x4D,0x8B,0x5E
	.byte 0x50,0x4D,0x89,0x5E,0x38,0x4D,0x8B,0x5E,0x70,0x4D,0x89,0x5E,0x50,0x49,0x89,0x56
	.byte 0x70,0x4D,0x8B,0x5E,0x30,0x4D,0x89,0x5E,0x28,0x4D,0x8B,0x5E,0x48,0x4D,0x89,0x5E
	.byte 0x30,0x49,0x89,0x4E,0x48,0x49,0x89,0x7E,0x20,0x41,0xBB,0xD7,0x00,0x00,0x00,0x4D
	.byte 0x89,0x1E,0x48,0x8D,0x05,0x05,0x00,0x00,0x00,0xE9,0x24,0x78,0xFF,0xFF,0x49,0x8B
	.byte 0x4E,0x48,0x4D,0x8B,0x5E,0x38,0x4D,0x89,0x5E,0x48,0x4D,0x8B,0x5E,0x30,0x4D,0x89
	.byte 0x5E,0x38,0x4D,0x8B,0x5E,0x28,0x4D,0x89,0x5E,0x30,0xE9,0x1D,0x00,0x00,0x00,0x90
	.byte 0x4D,0x8B,0x5E,0x48,0x4D,0x89,0x5E,0x38,0x4D,0x8B,0x5E,0x50,0x4D,0x89,0x5E,0x48
	.byte 0x4D,0x8B,0x5E,0x70,0x4D,0x89,0x5E,0x50,0x49,0x89,0x56,0x70,0x49,0x89,0xF8,0x48
	.byte 0xD1,0xEF,0x48,0x89,0xF8,0x48,0x89,0xCE,0x48,0xF7,0xE6,0x48,0x89,0xCE,0x4C,0x09
	.byte 0xC1,0x48,0x83,0xE1,0x01,0x48,0x09,0xD1,0x48,0x89,0xC7,0x48,0xD1,0xEF,0x48,0x83
	.byte 0xF9,0x00,0x0F,0x84,0x42,0x00,0x00,0x00,0x4C,0x89,0xC7,0x4D,0x89,0x46,0x20,0x4D
	.byte 0x8B,0x56,0x40,0x4D,0x8B,0x5E,0x48,0x4D,0x89,0x5E,0x40,0x4D,0x8B,0x5E,0x58,0x4D
	.byte 0x89,0x5E,0x48,0x4D,0x89,0x56,0x58,0x49,0x89,0x76,0x28,0x41,0xBB,0xD8,0x00,0x00
	.byte 0x00,0x4D,0x89,0x1E,0x48,0x8D,0x05,0x05,0x00,0x00,0x00,0xE9,0x94,0x77,0xFF,0xFF
	.byte 0x49,0x8B,0x4E,0x70,0xE9,0x1D,0x00,0x00,0x00,0x90,0x49,0x8B,0x4E,0x70,0x4D,0x8B
	.byte 0x56,0x40,0x4D,0x8B,0x5E,0x48,0x4D,0x89,0x5E,0x40,0x4D,0x8B,0x5E,0x58,0x4D,0x89
	.byte 0x5E,0x48,0x4D,0x89,0x56,0x58,0x48,0x89,0xF8,0x48,0x83,0xCF,0x08,0x48,0x89,0xFE
	.byte 0x48,0xC1,0xEE,0x3F,0x48,0x09,0xFE,0x48,0xF7,0xC6,0x01,0x00,0x00,0x00,0x0F,0x84
	.byte 0x2E,0x00,0x00,0x00,0xBE,0x08,0x00,0x00,0x00,0x48,0x89,0xC7,0x49,0x89,0x76,0x28
	.byte 0x49,0x89,0x46,0x70,0x41,0xBB,0xD9,0x00,0x00,0x00,0x4D,0x89,0x1E,0x48,0x8D,0x05
	.byte 0x06,0x00,0x00,0x00,0xE9,0x35,0x77,0xFF,0xFF,0x90,0x48,0x89,0xFE,0xE9,0x0C,0x00
	.byte 0x00,0x00,0x31,0xD2,0x48,0xF7,0xF1,0x48,0x89,0xC6,0x48,0xC1,0xE6,0x02,0xBF,0x14
	.byte 0x00,0x00,0x00,0x48,0x01,0xF7,0xB8,0x00,0x00,0x00,0x00,0x40,0x0F,0x90,0xC0,0x48
	.byte 0x89,0xF2,0x48,0x09,0xC2,0x48,0x83,0xCA,0x14,0x48,0xF7,0xC2,0x01,0x00,0x00,0x00
	.byte 0x0F,0x84,0x2C,0x00,0x00,0x00,0xBF,0x14,0x00,0x00,0x00,0x49,0x89,0x76,0x28,0x49
	.byte 0x89,0x7E,0x70,0x41,0xBB,0xDA,0x00,0x00,0x00,0x4D,0x89,0x1E,0x48,0x8D,0x05,0x05
	.byte 0x00,0x00,0x00,0xE9,0xBA,0x76,0xFF,0xFF,0x49,0x89,0x7E,0x70,0xE9,0x05,0x00,0x00
	.byte 0x00,0x90,0x49,0x89,0x7E,0x70,0x49,0x8B,0x45,0xD8,0x49,0x8B,0x7D,0xF8,0x48,0x29
	.byte 0xF8,0x48,0x83,0xF8,0x50,0x0F,0x82,0x31,0x00,0x00,0x00,0x49,0x8B,0x5E,0x70,0x4D
	.byte 0x8B,0x5E,0x68,0x4D,0x89,0x5E,0x70,0x49,0x8B,0x46,0x60,0x49,0x8B,0x56,0x58,0x49
	.byte 0x8B,0x4E,0x50,0x49,0x8B,0x7E,0x48,0x4D,0x8B,0x46,0x40,0x4D,0x8B,0x5E,0x38,0x4D
	.byte 0x89,0x5E,0x68,0x49,0x8B,0x76,0x30,0xE9,0x46,0x00,0x00,0x00,0xBF,0x50,0x00,0x00
	.byte 0x00,0x41,0xBB,0xDB,0x00,0x00,0x00,0x4D,0x89,0x1E,0x48,0x8D,0x05,0x05,0x00,0x00
	.byte 0x00,0xE9,0xB2,0x69,0xFF,0xFF,0x49,0x8B,0x5E,0x70,0x4D,0x8B,0x5E,0x68,0x4D,0x89
	.byte 0x5E,0x70,0x49,0x8B,0x46,0x60,0x49,0x8B,0x56,0x58,0x49,0x8B,0x4E,0x50,0x49,0x8B
	.byte 0x7E,0x48,0x4D,0x8B,0x46,0x40,0x4D,0x8B,0x5E,0x38,0x4D,0x89,0x5E,0x68,0x49,0x8B
	.byte 0x76,0x30,0x4D,0x8B,0x4D,0xB8,0x4D,0x8B,0x49,0x10,0x48,0xD1,0xE3,0x4C,0x01,0xE3
	.byte 0x49,0xC1,0xE9,0x09,0x4C,0x01,0xCB,0x4C,0x8B,0x7B,0x08,0x49,0x8B,0x5D,0xF8,0x49
	.byte 0xB9,0xF3,0x01,0x00,0x00,0x09,0x00,0x00,0x00,0x4C,0x89,0x0B,0x4C,0x89,0x7B,0x08
	.byte 0x48,0x89,0x53,0x10,0x48,0x89,0x73,0x18,0x48,0x89,0xDE,0x48,0x89,0x7E,0x20,0x48
	.byte 0x89,0x46,0x28,0x4D,0x8B,0x56,0x68,0x4C,0x89,0x56,0x30,0x4D,0x8B,0x56,0x70,0x4C
	.byte 0x89,0x56,0x38,0x4C,0x89,0x46,0x40,0x48,0x89,0x4E,0x48,0x48,0x89,0xF7,0x4C,0x29
	.byte 0xE7,0x48,0xC1,0xE7,0x09,0x48,0x81,0xCF,0xF3,0x01,0x00,0x00,0x48,0x83,0xC6,0x50
	.byte 0x49,0x89,0x75,0xF8,0x4D,0x8B,0x5E,0x78,0x49,0x81,0xC6,0x80,0x00,0x00,0x00,0x41
	.byte 0xFF,0xE3,0x48,0xA9,0x01,0x00,0x00,0x00,0x0F,0x84,0x1C,0x00,0x00,0x00,0x49,0x89
	.byte 0x46,0x38,0x48,0xC1,0xE8,0x09,0x4C,0x01,0xE0,0x48,0x8B,0x30,0x48,0xC1,0xEE,0x20
	.byte 0x48,0xC1,0xE6,0x02,0xE9,0x07,0x00,0x00,0x00,0x90,0x31,0xF6,0x49,0x89,0x46,0x38
	.byte 0x48,0xBF,0xF4,0xFF,0xFF,0xFF,0xFF,0xFF,0xFF,0xFF,0x48,0x01,0xF7,0xB8,0x00,0x00
	.byte 0x00,0x00,0x40,0x0F,0x90,0xC0,0x48,0x89,0xF2,0x48,0x09,0xC2,0x48,0x83,0xCA,0xF4
	.byte 0x48,0xF7,0xC2,0x01,0x00,0x00,0x00,0x0F,0x84,0x59,0x00,0x00,0x00,0x48,0xBF,0xF4
	.byte 0xFF,0xFF,0xFF,0xFF,0xFF,0xFF,0xFF,0x4D,0x8B,0x5E,0x48,0x4D,0x89,0x5E,0x30,0x4D
	.byte 0x8B,0x5E,0x58,0x4D,0x89,0x5E,0x48,0x4D,0x8B,0x5E,0x70,0x4D,0x89,0x5E,0x58,0x49
	.byte 0x89,0x76,0x70,0x49,0x89,0x7E,0x28,0x41,0xBB,0xDC,0x00,0x00,0x00,0x4D,0x89,0x1E
	.byte 0x48,0x8D,0x05,0x05,0x00,0x00,0x00,0xE9,0x06,0x75,0xFF,0xFF,0x49,0x8B,0x76,0x40
	.byte 0x4D,0x8B,0x5E,0x50,0x4D,0x89,0x5E,0x40,0x49,0x8B,0x46,0x38,0x49,0x89,0x7E,0x50
	.byte 0xE9,0x2D,0x00,0x00,0x00,0x90,0x49,0x8B,0x76,0x40,0x4D,0x8B,0x5E,0x50,0x4D,0x89
	.byte 0x5E,0x40,0x49,0x89,0x7E,0x50,0x4D,0x8B,0x5E,0x48,0x4D,0x89,0x5E,0x30,0x4D,0x8B
	.byte 0x5E,0x58,0x4D,0x89,0x5E,0x48,0x4D,0x8B,0x5E,0x70,0x4D,0x89,0x5E,0x58,0x49,0x8B
	.byte 0x46,0x38,0x49,0x89,0x46,0x28,0x48,0xC1,0xE8,0x09,0x4C,0x01,0xE0,0x48,0x8B,0x50
	.byte 0x18,0xBF,0x18,0x00,0x00,0x00,0x48,0x01,0xF7,0xB8,0x00,0x00,0x00,0x00,0x40,0x0F
	.byte 0x90,0xC0,0x49,0x89,0x76,0x70,0x48,0x09,0xC6,0x48,0x83,0xCE,0x18,0x48,0xF7,0xC6
	.byte 0x01,0x00,0x00,0x00,0x0F,0x84,0x50,0x00,0x00,0x00,0xBF,0x18,0x00,0x00,0x00,0x49
	.byte 0x8B,0x76,0x70,0x4D,0x8B,0x5E,0x68,0x4D,0x89,0x5E,0x38,0x4D,0x8B,0x5E,0x70,0x4D
	.byte 0x89,0x5E,0x68,0x49,0x89,0x7E,0x70,0x4D,0x8B,0x5E,0x60,0x4D,0x89,0x5E,0x18,0x4D
	.byte 0x8B,0x5E,0x58,0x4D,0x89,0x5E,0x60,0x49,0x89,0x56,0x10,0x41,0xBB,0xDD,0x00,0x00
	.byte 0x00,0x4D,0x89,0x1E,0x48,0x8D,0x05,0x05,0x00,0x00,0x00,0xE9,0x42,0x74,0xFF,0xFF
	.byte 0x49,0x8B,0x76,0x50,0xE9,0x29,0x00,0x00,0x00,0x90,0x4D,0x8B,0x5E,0x68,0x4D,0x89
	.byte 0x5E,0x38,0x4D,0x8B,0x5E,0x60,0x4D,0x89,0x5E,0x18,0x4D,0x8B,0x5E,0x70,0x4D,0x89
	.byte 0x5E,0x68,0x4D,0x8B,0x5E,0x58,0x4D,0x89,0x5E,0x60,0x49,0x8B,0x76,0x50,0x49,0x89
	.byte 0x56,0x10,0x48,0x89,0xF9,0x48,0x01,0xF1,0xB8,0x00,0x00,0x00,0x00,0x40,0x0F,0x90
	.byte 0xC0,0x48,0x89,0xF2,0x48,0x09,0xFA,0x48,0x09,0xC2,0x48,0xF7,0xC2,0x01,0x00,0x00
	.byte 0x00,0x0F,0x84,0x2B,0x00,0x00,0x00,0x49,0x89,0x76,0x70,0x49,0x89,0x7E,0x58,0x41
	.byte 0xBB,0xDE,0x00,0x00,0x00,0x4D,0x89,0x1E,0x48,0x8D,0x05,0x05,0x00,0x00,0x00,0xE9
	.byte 0xCE,0x73,0xFF,0xFF,0x49,0x8B,0x76,0x70,0x49,0x89,0x7E,0x70,0xE9,0x05,0x00,0x00
	.byte 0x00,0x90,0x49,0x89,0x4E,0x70,0xBF,0x14,0x00,0x00,0x00,0x48,0x01,0xF7,0xB8,0x00
	.byte 0x00,0x00,0x00,0x40,0x0F,0x90,0xC0,0x49,0x89,0x76,0x58,0x48,0x09,0xC6,0x48,0x83
	.byte 0xCE,0x14,0x48,0xF7,0xC6,0x01,0x00,0x00,0x00,0x0F,0x84,0x31,0x00,0x00,0x00,0xBF
	.byte 0x14,0x00,0x00,0x00,0x49,0x8B,0x76,0x58,0x49,0x89,0x7E,0x50,0x41,0xBB,0xDF,0x00
	.byte 0x00,0x00,0x4D,0x89,0x1E,0x48,0x8D,0x05,0x06,0x00,0x00,0x00,0xE9,0x71,0x73,0xFF
	.byte 0xFF,0x90,0x49,0x8B,0x4E,0x70,0x49,0x89,0x7E,0x70,0xE9,0x09,0x00,0x00,0x00,0x90
	.byte 0x49,0x8B,0x4E,0x70,0x49,0x89,0x7E,0x70,0xBA,0x08,0x00,0x00,0x00,0x48,0xBF,0xFC
	.byte 0xFF,0xFF,0xFF,0xFF,0xFF,0xFF,0xFF,0x48,0x01,0xCF,0xB8,0x00,0x00,0x00,0x00,0x40
	.byte 0x0F,0x90,0xC0,0x48,0x89,0xCE,0x48,0x09,0xC6,0x48,0x83,0xCE,0xFC,0x48,0xF7,0xC6
	.byte 0x01,0x00,0x00,0x00,0x0F,0x84,0x90,0x00,0x00,0x00,0x48,0xBF,0xFC,0xFF,0xFF,0xFF
	.byte 0xFF,0xFF,0xFF,0xFF,0x48,0x89,0xCE,0x4D,0x8B,0x5E,0x58,0x4D,0x89,0x5E,0x50,0x4D
	.byte 0x8B,0x5E,0x60,0x4D,0x89,0x5E,0x58,0x4D,0x8B,0x5E,0x68,0x4D,0x89,0x5E,0x60,0x49
	.byte 0x89,0x4E,0x68,0x49,0x89,0x7E,0x08,0x4D,0x8B,0x5E,0x28,0x4D,0x89,0x5E,0x20,0x4D
	.byte 0x8B,0x5E,0x30,0x4D,0x89,0x5E,0x28,0x49,0x89,0x56,0x30,0x41,0xBB,0xE0,0x00,0x00
	.byte 0x00,0x4D,0x89,0x1E,0x48,0x8D,0x05,0x05,0x00,0x00,0x00,0xE9,0xD2,0x72,0xFF,0xFF
	.byte 0x49,0x8B,0x4E,0x68,0x4D,0x8B,0x5E,0x60,0x4D,0x89,0x5E,0x68,0x4D,0x8B,0x5E,0x58
	.byte 0x4D,0x89,0x5E,0x60,0x4D,0x8B,0x5E,0x50,0x4D,0x89,0x5E,0x58,0x4D,0x8B,0x5E,0x30
	.byte 0x4D,0x89,0x5E,0x50,0x4D,0x8B,0x5E,0x28,0x4D,0x89,0x5E,0x30,0x4D,0x8B,0x5E,0x20
	.byte 0x4D,0x89,0x5E,0x28,0xE9,0x05,0x00,0x00,0x00,0x90,0x49,0x89,0x56,0x50,0x48,0x89
	.byte 0xF8,0x48,0xD1,0xE8,0x48,0x89,0xCE,0x48,0xF7,0xE6,0x48,0x89,0xCE,0x48,0x09,0xF9
	.byte 0x48,0x83,0xE1,0x01,0x48,0x09,0xD1,0x48,0xD1,0xE8,0x48,0x83,0xF9,0x00,0x0F,0x84
	.byte 0x2A,0x00,0x00,0x00,0x49,0x89,0x76,0x20,0x49,0x89,0x7E,0x08,0x41,0xBB,0xE1,0x00
	.byte 0x00,0x00,0x4D,0x89,0x1E,0x48,0x8D,0x05,0x06,0x00,0x00,0x00,0xE9,0x63,0x72,0xFF
	.byte 0xFF,0x90,0x48,0x89,0xF8,0x49,0x8B,0x4E,0x50,0xE9,0x04,0x00,0x00,0x00,0x49,0x8B
	.byte 0x4E,0x50,0x48,0x89,0xC6,0x48,0x83,0xCE,0x08,0x48,0x89,0xF7,0x48,0xC1,0xEF,0x3F
	.byte 0x48,0x09,0xF7,0x48,0xF7,0xC7,0x01,0x00,0x00,0x00,0x0F,0x84,0x4A,0x00,0x00,0x00
	.byte 0xBE,0x08,0x00,0x00,0x00,0x48,0x89,0xC7,0x49,0x89,0x46,0x20,0x49,0x89,0x76,0x50
	.byte 0x41,0xBB,0xE2,0x00,0x00,0x00,0x4D,0x89,0x1E,0x48,0x8D,0x05,0x06,0x00,0x00,0x00
	.byte 0xE9,0x19,0x72,0xFF,0xFF,0x90,0x48,0x89,0xFA,0x49,0x8B,0x76,0x70,0x4D,0x8B,0x5E
	.byte 0x68,0x4D,0x89,0x5E,0x70,0x4D,0x8B,0x5E,0x60,0x4D,0x89,0x5E,0x68,0x4D,0x8B,0x5E
	.byte 0x58,0x4D,0x89,0x5E,0x60,0xE9,0x28,0x00,0x00,0x00,0x31,0xD2,0x48,0xF7,0xF1,0x48
	.byte 0x89,0xC2,0x48,0xC1,0xE2,0x02,0x49,0x8B,0x76,0x70,0x4D,0x8B,0x5E,0x68,0x4D,0x89
	.byte 0x5E,0x70,0x4D,0x8B,0x5E,0x60,0x4D,0x89,0x5E,0x68,0x4D,0x8B,0x5E,0x58,0x4D,0x89
	.byte 0x5E,0x60,0x48,0x89,0xD7,0x48,0x01,0xF7,0xB8,0x00,0x00,0x00,0x00,0x40,0x0F,0x90
	.byte 0xC0,0x48,0x89,0xF1,0x48,0x09,0xD1,0x48,0x09,0xC1,0x48,0xF7,0xC1,0x01,0x00,0x00
	.byte 0x00,0x0F,0x84,0x2B,0x00,0x00,0x00,0x48,0x89,0xD7,0x49,0x89,0x76,0x50,0x49,0x89
	.byte 0x56,0x58,0x41,0xBB,0xE3,0x00,0x00,0x00,0x4D,0x89,0x1E,0x48,0x8D,0x05,0x06,0x00
	.byte 0x00,0x00,0xE9,0x6B,0x71,0xFF,0xFF,0x90,0x49,0x8B,0x76,0x60,0xE9,0x05,0x00,0x00
	.byte 0x00,0x90,0x49,0x8B,0x76,0x60,0x49,0x8B,0x45,0xB8,0x48,0x8B,0x40,0x10,0x48,0xD1
	.byte 0xE7,0x4C,0x01,0xE7,0x48,0xC1,0xE8,0x09,0x48,0x01,0xC7,0x48,0x8B,0x57,0x08,0xBF
	.byte 0x24,0x00,0x00,0x00,0x48,0x01,0xF7,0xB8,0x00,0x00,0x00,0x00,0x40,0x0F,0x90,0xC0
	.byte 0x49,0x89,0x76,0x58,0x48,0x09,0xC6,0x48,0x83,0xCE,0x24,0x48,0xF7,0xC6,0x01,0x00
	.byte 0x00,0x00,0x0F,0x84,0x2C,0x00,0x00,0x00,0xBF,0x24,0x00,0x00,0x00,0x49,0x8B,0x76
	.byte 0x58,0x49,0x89,0x56,0x50,0x49,0x89,0x7E,0x60,0x41,0xBB,0xE4,0x00,0x00,0x00,0x4D
	.byte 0x89,0x1E,0x48,0x8D,0x05,0x05,0x00,0x00,0x00,0xE9,0xF4,0x70,0xFF,0xFF,0xE9,0x05
	.byte 0x00,0x00,0x00,0x90,0x49,0x89,0x56,0x50,0xB8,0x0C,0x00,0x00,0x00,0x48,0xF7,0xC7
	.byte 0x01,0x00,0x00,0x00,0x0F,0x84,0x88,0x00,0x00,0x00,0x48,0xBF,0xFF,0xFF,0xFF,0xFF
	.byte 0xFF,0xFF,0xFF,0xFF,0x41,0xBB,0xE5,0x00,0x00,0x00,0x4D,0x89,0x1E,0x48,0x8D,0x05
	.byte 0x06,0x00,0x00,0x00,0xE9,0x1F,0x64,0xFF,0xFF,0x90,0x45,0x31,0xDB,0x4D,0x89,0x5E
	.byte 0x10,0x4D,0x8B,0x5E,0x10,0x4D,0x89,0x5E,0x38,0x4D,0x8B,0x5E,0x10,0x4D,0x89,0x5E
	.byte 0x50,0x4D,0x8B,0x5E,0x10,0x4D,0x89,0x5E,0x18,0x4D,0x8B,0x5E,0x10,0x4D,0x89,0x5E
	.byte 0x70,0x4D,0x8B,0x5E,0x10,0x4D,0x89,0x5E,0x68,0x49,0x8B,0x7E,0x10,0x4D,0x8B,0x5E
	.byte 0x10,0x4D,0x89,0x5E,0x58,0x4D,0x8B,0x5E,0x10,0x4D,0x89,0x5E,0x48,0x4D,0x8B,0x5E
	.byte 0x10,0x4D,0x89,0x5E,0x40,0x4D,0x8B,0x5E,0x10,0x4D,0x89,0x5E,0x30,0x4D,0x8B,0x5E
	.byte 0x10,0x4D,0x89,0x5E,0x28,0x4D,0x8B,0x5E,0x10,0x4D,0x89,0x5E,0x20,0xE9,0x04,0x00
	.byte 0x00,0x00,0x49,0x89,0x46,0x20,0x49,0x89,0x7E,0x60,0x48,0xC1,0xEF,0x02,0x49,0xBA
	.byte 0x00,0x00,0x00,0x00,0x01,0x00,0x00,0x00,0x4C,0x39,0xD7,0x0F,0x82,0x0F,0x00,0x00
	.byte 0x00,0x48,0xBF,0xFF,0xFF,0xFF,0xFF,0xFF,0xFF,0xFF,0xFF,0xE9,0x08,0x00,0x00,0x00
	.byte 0x48,0x83,0xC7,0x01,0x48,0xC1,0xE7,0x03,0x49,0x8B,0x45,0xD8,0x49,0x8B,0x75,0xF8
	.byte 0x48,0x29,0xF0,0x48,0x39,0xF8,0x0F,0x82,0x3A,0x00,0x00,0x00,0x4D,0x8B,0x7E,0x70
	.byte 0x49,0x8B,0x5E,0x68,0x49,0x8B,0x7E,0x60,0x4D,0x8B,0x5E,0x58,0x4D,0x89,0x5E,0x70
	.byte 0x4D,0x8B,0x4E,0x48,0x4D,0x8B,0x46,0x40,0x4D,0x8B,0x5E,0x30,0x4D,0x89,0x5E,0x58
	.byte 0x49,0x8B,0x4E,0x28,0x49,0x8B,0x56,0x20,0x4D,0x8B,0x5E,0x10,0x4D,0x89,0x5E,0x30
	.byte 0xE9,0x4B,0x00,0x00,0x00,0x90,0x41,0xBB,0xE6,0x00,0x00,0x00,0x4D,0x89,0x1E,0x48
	.byte 0x8D,0x05,0x06,0x00,0x00,0x00,0xE9,0x1D,0x63,0xFF,0xFF,0x90,0x4D,0x8B,0x7E,0x70
	.byte 0x49,0x8B,0x5E,0x68,0x49,0x8B,0x7E,0x60,0x4D,0x8B,0x5E,0x58,0x4D,0x89,0x5E,0x70
	.byte 0x4D,0x8B,0x4E,0x48,0x4D,0x8B,0x46,0x40,0x4D,0x8B,0x5E,0x30,0x4D,0x89,0x5E,0x58
	.byte 0x49,0x8B,0x4E,0x28,0x49,0x8B,0x56,0x20,0x4D,0x8B,0x5E,0x10,0x4D,0x89,0x5E,0x30
	.byte 0x49,0x8B,0x45,0xF8,0x48,0x89,0xFE,0x48,0xC1,0xE6,0x1E,0x48,0x81,0xCE,0xF3,0x01
	.byte 0x00,0x00,0x49,0x89,0x7E,0x48,0x48,0xC1,0xEF,0x02,0x48,0x89,0x30,0x4D,0x8B,0x56
	.byte 0x50,0x4C,0x89,0x50,0x08,0x4C,0x89,0x78,0x10,0x4D,0x8B,0x56,0x30,0x4C,0x89,0x50
	.byte 0x18,0x4C,0x89,0x48,0x20,0x4D,0x8B,0x56,0x18,0x4C,0x89,0x50,0x28,0x4D,0x8B,0x56
	.byte 0x58,0x4C,0x89,0x50,0x30,0x4D,0x8B,0x56,0x38,0x4C,0x89,0x50,0x38,0x4C,0x89,0x40
	.byte 0x40,0x48,0x89,0x58,0x48,0x49,0x89,0x46,0x68,0x4C,0x29,0xE0,0x48,0xC1,0xE0,0x09
	.byte 0x48,0x83,0xC8,0x01,0x48,0x0D,0xE0,0x01,0x00,0x00,0x48,0x83,0xFF,0x0F,0x0F,0x82
	.byte 0x12,0x00,0x00,0x00,0x48,0x83,0xC8,0x1E,0x49,0x89,0xFA,0x48,0x89,0xC7,0x4C,0x89
	.byte 0xD0,0xE9,0x0C,0x00,0x00,0x00,0x48,0x89,0xFE,0x48,0xD1,0xE7,0x48,0x09,0xC7,0x48
	.byte 0x89,0xF0,0x48,0xC1,0xE0,0x03,0x49,0x8B,0x76,0x68,0x48,0x01,0xF0,0x48,0x83,0xC0
	.byte 0x08,0x49,0x89,0x45,0xF8,0x49,0x8B,0x46,0x70,0x48,0x83,0xC6,0x50,0x49,0x89,0x56
	.byte 0x68,0x48,0xD1,0xE2,0x4C,0x01,0xE2,0x49,0x89,0x4E,0x20,0x48,0xC1,0xE9,0x09,0x48
	.byte 0x01,0xCA,0x48,0x83,0xC2,0x08,0x48,0x85,0xC0,0x0F,0x84,0x43,0x00,0x00,0x00,0x48
	.byte 0x89,0xF9,0x48,0x89,0xC7,0x49,0x89,0xD2,0x48,0x89,0xF2,0x4C,0x89,0xD6,0x4D,0x89
	.byte 0x7E,0x60,0x49,0x89,0x5E,0x28,0x49,0x89,0x46,0x10,0x4D,0x89,0x4E,0x70,0x4D,0x89
	.byte 0x46,0x40,0x41,0xBB,0xE7,0x00,0x00,0x00,0x4D,0x89,0x1E,0x48,0x8D,0x05,0x06,0x00
	.byte 0x00,0x00,0xE9,0x95,0x74,0xFF,0xFF,0x90,0x49,0x8B,0x46,0x78,0xE9,0x05,0x00,0x00
	.byte 0x00,0x90,0x49,0x8B,0x46,0x78,0x49,0x81,0xC6,0x80,0x00,0x00,0x00,0xFF,0xE0,0x90
	.byte 0x49,0x81,0xEE,0x88,0x00,0x00,0x00,0x4D,0x39,0xEE,0x0F,0x82,0xAC,0x61,0xFF,0xFF
	.byte 0x49,0x89,0x7E,0x58,0x48,0x89,0xC7,0x4C,0x89,0xF8,0x49,0x89,0x76,0x68,0x49,0x89
	.byte 0x4E,0x70,0x4D,0x89,0x46,0x50,0x48,0xC1,0xE8,0x09,0x4C,0x01,0xE0,0x48,0x8B,0x70
	.byte 0x10,0x48,0xB9,0xE4,0xFF,0xFF,0xFF,0xFF,0xFF,0xFF,0xFF,0x48,0x01,0xF1,0xB8,0x00
	.byte 0x00,0x00,0x00,0x40,0x0F,0x90,0xC0,0x49,0x89,0xF0,0x49,0x09,0xC0,0x49,0x83,0xC8
	.byte 0xE4,0x49,0xF7,0xC0,0x01,0x00,0x00,0x00,0x0F,0x84,0x48,0x00,0x00,0x00,0x48,0xB8
	.byte 0xE4,0xFF,0xFF,0xFF,0xFF,0xFF,0xFF,0xFF,0x49,0x89,0xBE,0x80,0x00,0x00,0x00,0x48
	.byte 0x89,0xC7,0x4D,0x89,0x7E,0x78,0x49,0x89,0x46,0x38,0x4D,0x89,0x4E,0x60,0x49,0x89
	.byte 0x76,0x30,0x49,0x89,0x56,0x48,0x49,0x89,0x5E,0x40,0x41,0xBB,0xE8,0x00,0x00,0x00
	.byte 0x4D,0x89,0x1E,0x48,0x8D,0x05,0x06,0x00,0x00,0x00,0xE9,0xC3,0x6D,0xFF,0xFF,0x90
	.byte 0xE9,0x1B,0x00,0x00,0x00,0x90,0x49,0x89,0xBE,0x80,0x00,0x00,0x00,0x48,0x89,0xCF
	.byte 0x4D,0x89,0x7E,0x78,0x4D,0x89,0x4E,0x60,0x49,0x89,0x56,0x48,0x49,0x89,0x5E,0x40
	.byte 0x31,0xD2,0x31,0xC0,0x48,0xF7,0xC7,0x01,0x00,0x00,0x00,0x0F,0x84,0x3D,0x00,0x00
	.byte 0x00,0x31,0xF6,0x49,0x89,0x56,0x30,0x4D,0x8B,0x5E,0x40,0x4D,0x89,0x5E,0x38,0x49
	.byte 0x89,0x7E,0x40,0x41,0xBB,0xE9,0x00,0x00,0x00,0x4D,0x89,0x1E,0x48,0x8D,0x05,0x05
	.byte 0x00,0x00,0x00,0xE9,0xE2,0x6D,0xFF,0xFF,0x49,0x8B,0x76,0x78,0x4D,0x8B,0x5E,0x38
	.byte 0x4D,0x89,0x5E,0x78,0xB8,0x01,0x00,0x00,0x00,0xE9,0x10,0x00,0x00,0x00,0x49,0x8B
	.byte 0x76,0x78,0x4D,0x8B,0x5E,0x40,0x4D,0x89,0x5E,0x78,0x49,0x89,0x7E,0x40,0x48,0x39
	.byte 0xC7,0x0F,0x8D,0x8D,0x06,0x00,0x00,0x48,0x89,0xF0,0x48,0xC1,0xEE,0x09,0x4C,0x01
	.byte 0xE6,0x48,0x8B,0x7E,0x10,0x48,0x83,0xFF,0x14,0x0F,0x8D,0xFD,0x02,0x00,0x00,0x48
	.byte 0x83,0xFF,0x08,0x0F,0x8D,0x53,0x01,0x00,0x00,0x48,0x83,0xFF,0x04,0x0F,0x8D,0xC1
	.byte 0x00,0x00,0x00,0x48,0x89,0xC6,0x48,0xC1,0xE8,0x09,0x4C,0x01,0xE0,0x48,0x8B,0x50
	.byte 0x08,0x49,0x8B,0x7E,0x78,0x4D,0x8B,0x5E,0x70,0x4D,0x89,0x5E,0x78,0x4D,0x8B,0x5E
	.byte 0x68,0x4D,0x89,0x5E,0x70,0x4D,0x8B,0x5E,0x60,0x4D,0x89,0x5E,0x68,0x4D,0x8B,0x5E
	.byte 0x58,0x4D,0x89,0x5E,0x60,0x4D,0x8B,0x5E,0x50,0x4D,0x89,0x5E,0x58,0x4D,0x8B,0x5E
	.byte 0x48,0x4D,0x89,0x5E,0x50,0x41,0xBB,0xEA,0x00,0x00,0x00,0x4D,0x89,0x1E,0x48,0x8D
	.byte 0x05,0x03,0x00,0x00,0x00,0xFF,0xE2,0x90,0x48,0x89,0xFB,0x4D,0x8B,0xBE,0x80,0x00
	.byte 0x00,0x00,0x49,0x8B,0x4E,0x78,0x49,0x8B,0x76,0x70,0x4D,0x8B,0x4E,0x68,0x49,0x8B
	.byte 0x7E,0x60,0x4D,0x8B,0x46,0x58,0x49,0x8B,0x56,0x50,0x48,0x89,0xD8,0x48,0xC1,0xEB
	.byte 0x09,0x4C,0x01,0xE3,0x48,0x8B,0x5B,0x10,0x48,0x83,0xFB,0x14,0x0F,0x85,0x22,0x00
	.byte 0x00,0x00,0x48,0x89,0xC3,0x48,0xC1,0xE8,0x09,0x4C,0x01,0xE0,0x48,0x8B,0x40,0x08
	.byte 0x4D,0x89,0xFA,0x49,0x89,0xC7,0x4C,0x89,0xD0,0x49,0x81,0xC6,0x88,0x00,0x00,0x00
	.byte 0x41,0xFF,0xE7,0x90,0x48,0x89,0xC3,0x4C,0x89,0xF8,0x49,0x83,0xC6,0x08,0xE9,0x41
	.byte 0xEC,0xFF,0xFF,0x90,0x48,0x89,0xC2,0x48,0xC1,0xE8,0x09,0x4C,0x01,0xE0,0x48,0x8B
	.byte 0x48,0x08,0x49,0x8B,0x7E,0x60,0x49,0x8B,0x76,0x78,0x41,0xBB,0xEB,0x00,0x00,0x00
	.byte 0x4D,0x89,0x1E,0x48,0x8D,0x05,0x02,0x00,0x00,0x00,0xFF,0xE1,0x49,0x89,0xF8,0x49
	.byte 0x8B,0x86,0x80,0x00,0x00,0x00,0x49,0x8B,0x4E,0x70,0x49,0x8B,0x76,0x68,0x49,0x8B
	.byte 0x7E,0x58,0x4D,0x8B,0x7E,0x50,0x49,0x8B,0x56,0x48,0x4D,0x89,0xC1,0x49,0xC1,0xE8
	.byte 0x09,0x4D,0x01,0xE0,0x4D,0x8B,0x40,0x10,0x49,0x83,0xF8,0x10,0x0F,0x85,0x1E,0x00
	.byte 0x00,0x00,0x4D,0x89,0xC8,0x49,0xC1,0xE9,0x09,0x4D,0x01,0xE1,0x49,0x8B,0x59,0x08
	.byte 0x4D,0x89,0xC1,0x4D,0x89,0xF8,0x49,0x81,0xC6,0x88,0x00,0x00,0x00,0xFF,0xE3,0x90
	.byte 0x4D,0x89,0xF8,0x49,0x83,0xC6,0x10,0xE9,0x70,0xDA,0xFF,0xFF,0x48,0x83,0xFF,0x0C
	.byte 0x0F,0x8D,0x86,0x00,0x00,0x00,0x48,0x89,0xC1,0x48,0xC1,0xE8,0x09,0x4C,0x01,0xE0
	.byte 0x4C,0x8B,0x40,0x08,0x49,0x8B,0x7E,0x50,0x49,0x8B,0x76,0x60,0x49,0x8B,0x56,0x78
	.byte 0x41,0xBB,0xEC,0x00,0x00,0x00,0x4D,0x89,0x1E,0x48,0x8D,0x05,0x04,0x00,0x00,0x00
	.byte 0x41,0xFF,0xE0,0x90,0x49,0x89,0xF9,0x49,0x8B,0x86,0x80,0x00,0x00,0x00,0x49,0x8B
	.byte 0x4E,0x70,0x49,0x8B,0x76,0x68,0x49,0x8B,0x7E,0x58,0x49,0x8B,0x56,0x48,0x4D,0x89
	.byte 0xC8,0x49,0xC1,0xE9,0x09,0x4D,0x01,0xE1,0x4D,0x8B,0x49,0x10,0x49,0x83,0xF9,0x0C
	.byte 0x0F,0x85,0x1C,0x00,0x00,0x00,0x4C,0x89,0xC3,0x49,0xC1,0xE8,0x09,0x4D,0x01,0xE0
	.byte 0x4D,0x8B,0x48,0x08,0x49,0x89,0xD8,0x49,0x81,0xC6,0x88,0x00,0x00,0x00,0x41,0xFF
	.byte 0xE1,0x90,0x49,0x83,0xC6,0x18,0xE9,0xA3,0xC9,0xFF,0xFF,0x90,0x48,0x83,0xFF,0x10
	.byte 0x0F,0x8D,0x86,0x00,0x00,0x00,0x49,0x89,0xC0,0x48,0xC1,0xE8,0x09,0x4C,0x01,0xE0
	.byte 0x4C,0x8B,0x48,0x08,0x49,0x8B,0x7E,0x70,0x49,0x8B,0x76,0x50,0x49,0x8B,0x56,0x60
	.byte 0x49,0x8B,0x4E,0x78,0x41,0xBB,0xED,0x00,0x00,0x00,0x4D,0x89,0x1E,0x48,0x8D,0x05
	.byte 0x04,0x00,0x00,0x00,0x41,0xFF,0xE1,0x90,0x49,0x89,0xF8,0x49,0x8B,0x86,0x80,0x00
	.byte 0x00,0x00,0x49,0x8B,0x76,0x68,0x49,0x8B,0x7E,0x58,0x49,0x8B,0x56,0x48,0x4C,0x89
	.byte 0xC1,0x49,0xC1,0xE8,0x09,0x4D,0x01,0xE0,0x4D,0x8B,0x40,0x10,0x49,0x83,0xF8,0x08
	.byte 0x0F,0x85,0x1C,0x00,0x00,0x00,0x49,0x89,0xC9,0x48,0xC1,0xE9,0x09,0x4C,0x01,0xE1
	.byte 0x4C,0x8B,0x41,0x08,0x4C,0x89,0xC9,0x49,0x81,0xC6,0x88,0x00,0x00,0x00,0x41,0xFF
	.byte 0xE0,0x90,0x49,0x83,0xC6,0x20,0xE9,0x3F,0xB9,0xFF,0xFF,0x90,0x49,0x89,0xC1,0x48
	.byte 0xC1,0xE8,0x09,0x4C,0x01,0xE0,0x48,0x8B,0x58,0x08,0x49,0x8B,0x7E,0x48,0x49,0x8B
	.byte 0x76,0x70,0x49,0x8B,0x56,0x50,0x49,0x8B,0x4E,0x60,0x4D,0x8B,0x46,0x78,0x41,0xBB
	.byte 0xEE,0x00,0x00,0x00,0x4D,0x89,0x1E,0x48,0x8D,0x05,0x02,0x00,0x00,0x00,0xFF,0xE3
	.byte 0x48,0x89,0xF9,0x49,0x8B,0x86,0x80,0x00,0x00,0x00,0x49,0x8B,0x76,0x68,0x49,0x8B
	.byte 0x7E,0x58,0x48,0x89,0xCA,0x48,0xC1,0xE9,0x09,0x4C,0x01,0xE1,0x48,0x8B,0x49,0x10
	.byte 0x48,0x83,0xF9,0x04,0x0F,0x85,0x18,0x00,0x00,0x00,0x48,0x89,0xD1,0x48,0xC1,0xE9
	.byte 0x09,0x4C,0x01,0xE1,0x48,0x8B,0x49,0x08,0x49,0x81,0xC6,0x88,0x00,0x00,0x00,0xFF
	.byte 0xE1,0x90,0x49,0x83,0xC6,0x28,0xE9,0x7F,0xA9,0xFF,0xFF,0x90,0x48,0x83,0xFF,0x1C
	.byte 0x0F,0x8D,0x20,0x01,0x00,0x00,0x48,0x83,0xFF,0x18,0x0F,0x8D,0x82,0x00,0x00,0x00
	.byte 0x48,0x89,0xC3,0x48,0xC1,0xE8,0x09,0x4C,0x01,0xE0,0x4C,0x8B,0x78,0x08,0x49,0x8B
	.byte 0x7E,0x68,0x49,0x8B,0x76,0x48,0x49,0x8B,0x56,0x70,0x49,0x8B,0x4E,0x50,0x4D,0x8B
	.byte 0x46,0x60,0x4D,0x8B,0x4E,0x78,0x41,0xBB,0xEF,0x00,0x00,0x00,0x4D,0x89,0x1E,0x48
	.byte 0x8D,0x05,0x04,0x00,0x00,0x00,0x41,0xFF,0xE7,0x90,0x48,0x89,0xFA,0x49,0x8B,0x86
	.byte 0x80,0x00,0x00,0x00,0x49,0x8B,0x7E,0x58,0x48,0x89,0xD6,0x48,0xC1,0xEA,0x09,0x4C
	.byte 0x01,0xE2,0x48,0x8B,0x52,0x10,0x48,0x83,0xFA,0x00,0x0F,0x85,0x18,0x00,0x00,0x00
	.byte 0x48,0x89,0xF2,0x48,0xC1,0xEA,0x09,0x4C,0x01,0xE2,0x48,0x8B,0x52,0x08,0x49,0x81
	.byte 0xC6,0x88,0x00,0x00,0x00,0xFF,0xE2,0x90,0x49,0x83,0xC6,0x38,0xE9,0x01,0x9B,0xFF
	.byte 0xFF,0x90,0x49,0x89,0xC7,0x48,0xC1,0xE8,0x09,0x4C,0x01,0xE0,0x48,0x8B,0x40,0x08
	.byte 0x49,0x8B,0x7E,0x58,0x49,0x8B,0x76,0x68,0x49,0x8B,0x56,0x48,0x49,0x8B,0x4E,0x70
	.byte 0x4D,0x8B,0x46,0x50,0x4D,0x8B,0x4E,0x60,0x49,0x8B,0x5E,0x78,0x4D,0x8B,0x9E,0x80
	.byte 0x00,0x00,0x00,0x4D,0x89,0x5E,0x78,0x49,0x89,0x86,0x80,0x00,0x00,0x00,0x4D,0x8B
	.byte 0x96,0x80,0x00,0x00,0x00,0x41,0xBB,0xF0,0x00,0x00,0x00,0x4D,0x89,0x1E,0x48,0x8D
	.byte 0x05,0x03,0x00,0x00,0x00,0x41,0xFF,0xE2,0x49,0x8B,0x46,0x78,0x48,0x89,0xFE,0x48
	.byte 0xC1,0xEE,0x09,0x4C,0x01,0xE6,0x48,0x8B,0x76,0x10,0x48,0x83,0xFE,0x00,0x0F,0x85
	.byte 0x18,0x00,0x00,0x00,0x48,0x89,0xFE,0x48,0xC1,0xEE,0x09,0x4C,0x01,0xE6,0x48,0x8B
	.byte 0x76,0x08,0x49,0x81,0xC6,0x88,0x00,0x00,0x00,0xFF,0xE6,0x90,0x49,0x83,0xC6,0x38
	.byte 0xE9,0x6D,0x9A,0xFF,0xFF,0x90,0x48,0x83,0xFF,0x20,0x0F,0x8D,0xB0,0x00,0x00,0x00
	.byte 0x48,0x89,0xC7,0x48,0xC1,0xE8,0x09,0x4C,0x01,0xE0,0x48,0x8B,0x40,0x08,0x4D,0x8B
	.byte 0x46,0x70,0x4D,0x8B,0x9E,0x80,0x00,0x00,0x00,0x4D,0x89,0x5E,0x70,0x49,0x89,0xBE
	.byte 0x80,0x00,0x00,0x00,0x49,0x8B,0x7E,0x40,0x49,0x8B,0x76,0x58,0x49,0x8B,0x56,0x68
	.byte 0x49,0x8B,0x4E,0x48,0x4D,0x8B,0x4E,0x50,0x49,0x8B,0x5E,0x60,0x4D,0x8B,0x7E,0x78
	.byte 0x49,0x89,0x46,0x78,0x4D,0x8B,0x56,0x78,0x41,0xBB,0xF1,0x00,0x00,0x00,0x4D,0x89
	.byte 0x1E,0x49,0x83,0xEE,0x08,0x4D,0x39,0xEE,0x0F,0x82,0xEE,0x5B,0xFF,0xFF,0x4D,0x8B
	.byte 0x9E,0x88,0x00,0x00,0x00,0x4D,0x89,0x1E,0x48,0x8D,0x05,0x03,0x00,0x00,0x00,0x41
	.byte 0xFF,0xE2,0x49,0x8B,0x46,0x70,0x48,0x89,0xFE,0x48,0xC1,0xEE,0x09,0x4C,0x01,0xE6
	.byte 0x48,0x8B,0x76,0x10,0x48,0x83,0xFE,0x00,0x0F,0x85,0x18,0x00,0x00,0x00,0x48,0x89
	.byte 0xFE,0x48,0xC1,0xEE,0x09,0x4C,0x01,0xE6,0x48,0x8B,0x76,0x08,0x49,0x81,0xC6,0x88
	.byte 0x00,0x00,0x00,0xFF,0xE6,0x90,0x49,0x83,0xC6,0x38,0xE9,0xB3,0x99,0xFF,0xFF,0x90
	.byte 0x48,0x83,0xFF,0x24,0x0F,0x8D,0xC0,0x00,0x00,0x00,0x48,0x89,0xC6,0x48,0xC1,0xE8
	.byte 0x09,0x4C,0x01,0xE0,0x48,0x8B,0x40,0x08,0x49,0x8B,0x4E,0x68,0x4D,0x8B,0x9E,0x80
	.byte 0x00,0x00,0x00,0x4D,0x89,0x5E,0x68,0x4D,0x8B,0x5E,0x78,0x4D,0x89,0x9E,0x80,0x00
	.byte 0x00,0x00,0x49,0x89,0x76,0x78,0x49,0x8B,0x76,0x40,0x49,0x8B,0x56,0x58,0x4D,0x8B
	.byte 0x46,0x48,0x4D,0x8B,0x4E,0x70,0x49,0x8B,0x5E,0x50,0x4D,0x8B,0x7E,0x60,0x49,0x89
	.byte 0x46,0x70,0x4D,0x8B,0x56,0x70,0x41,0xBB,0xF2,0x00,0x00,0x00,0x4D,0x89,0x1E,0x49
	.byte 0x83,0xEE,0x10,0x4D,0x39,0xEE,0x0F,0x82,0x30,0x5B,0xFF,0xFF,0x4D,0x8B,0x9E,0x90
	.byte 0x00,0x00,0x00,0x4D,0x89,0x5E,0x08,0x4D,0x8B,0x9E,0x88,0x00,0x00,0x00,0x4D,0x89
	.byte 0x1E,0x48,0x8D,0x05,0x04,0x00,0x00,0x00,0x41,0xFF,0xE2,0x90,0x49,0x8B,0x46,0x68
	.byte 0x48,0x89,0xFE,0x48,0xC1,0xEE,0x09,0x4C,0x01,0xE6,0x48,0x8B,0x76,0x10,0x48,0x83
	.byte 0xFE,0x00,0x0F,0x85,0x18,0x00,0x00,0x00,0x48,0x89,0xFE,0x48,0xC1,0xEE,0x09,0x4C
	.byte 0x01,0xE6,0x48,0x8B,0x76,0x08,0x49,0x81,0xC6,0x88,0x00,0x00,0x00,0xFF,0xE6,0x90
	.byte 0x49,0x83,0xC6,0x38,0xE9,0xE9,0x98,0xFF,0xFF,0x90,0x48,0x89,0xC6,0x48,0xC1,0xE8
	.byte 0x09,0x4C,0x01,0xE0,0x48,0x8B,0x40,0x08,0x49,0x8B,0x5E,0x70,0x49,0x89,0x76,0x70
	.byte 0x48,0x89,0xFE,0x49,0x8B,0x56,0x40,0x49,0x8B,0x4E,0x58,0x4D,0x8B,0x46,0x68,0x4D
	.byte 0x8B,0x4E,0x48,0x4D,0x8B,0x7E,0x50,0x4D,0x8B,0x56,0x60,0x4D,0x8B,0x9E,0x80,0x00
	.byte 0x00,0x00,0x4D,0x89,0x5E,0x60,0x4D,0x89,0x96,0x80,0x00,0x00,0x00,0x49,0x89,0x46
	.byte 0x68,0x4D,0x8B,0x56,0x68,0x41,0xBB,0xF3,0x00,0x00,0x00,0x4D,0x89,0x1E,0x49,0x83
	.byte 0xEE,0x18,0x4D,0x39,0xEE,0x0F,0x82,0x71,0x5A,0xFF,0xFF,0x4D,0x8B,0x9E,0x98,0x00
	.byte 0x00,0x00,0x4D,0x89,0x5E,0x10,0x4D,0x8B,0x9E,0x90,0x00,0x00,0x00,0x4D,0x89,0x5E
	.byte 0x08,0x4D,0x8B,0x9E,0x88,0x00,0x00,0x00,0x4D,0x89,0x1E,0x48,0x8D,0x05,0x04,0x00
	.byte 0x00,0x00,0x41,0xFF,0xE2,0x90,0x49,0x8B,0x46,0x60,0x48,0x89,0xFE,0x48,0xC1,0xEE
	.byte 0x09,0x4C,0x01,0xE6,0x48,0x8B,0x76,0x10,0x48,0x83,0xFE,0x00,0x0F,0x85,0x18,0x00
	.byte 0x00,0x00,0x48,0x89,0xFE,0x48,0xC1,0xEE,0x09,0x4C,0x01,0xE6,0x48,0x8B,0x76,0x08
	.byte 0x49,0x81,0xC6,0x88,0x00,0x00,0x00,0xFF,0xE6,0x90,0x49,0x83,0xC6,0x38,0xE9,0x1F
	.byte 0x98,0xFF,0xFF,0x90,0x48,0xF7,0xC6,0x01,0x00,0x00,0x00,0x0F,0x84,0x1F,0x00,0x00
	.byte 0x00,0x48,0x89,0xF0,0x48,0xC1,0xEE,0x09,0x4C,0x01,0xE6,0x48,0x8B,0x36,0x48,0xBF
	.byte 0xFE,0xFF,0xFF,0xFF,0x00,0x00,0x00,0x00,0x48,0x21,0xFE,0xE9,0x04,0x00,0x00,0x00
	.byte 0x48,0x89,0xF0,0x90,0x48,0x81,0xFE,0xE2,0x01,0x00,0x00,0x0F,0x85,0x6F,0x03,0x00
	.byte 0x00,0x49,0x89,0x46,0x38,0x48,0xC1,0xE8,0x09,0x4C,0x01,0xE0,0x48,0x8B,0x48,0x10
	.byte 0xBA,0x08,0x00,0x00,0x00,0x48,0xBF,0xFC,0xFF,0xFF,0xFF,0xFF,0xFF,0xFF,0xFF,0x48
	.byte 0x01,0xCF,0xB8,0x00,0x00,0x00,0x00,0x40,0x0F,0x90,0xC0,0x48,0x89,0xCE,0x48,0x09
	.byte 0xC6,0x48,0x83,0xCE,0xFC,0x48,0xF7,0xC6,0x01,0x00,0x00,0x00,0x0F,0x84,0xB0,0x00
	.byte 0x00,0x00,0x48,0xBF,0xFC,0xFF,0xFF,0xFF,0xFF,0xFF,0xFF,0xFF,0x48,0x89,0xCE,0x4D
	.byte 0x8B,0x5E,0x78,0x4D,0x89,0x5E,0x28,0x4D,0x8B,0x5E,0x68,0x4D,0x89,0x5E,0x78,0x4D
	.byte 0x8B,0x5E,0x38,0x4D,0x89,0x5E,0x68,0x49,0x89,0x7E,0x20,0x4D,0x8B,0x5E,0x40,0x4D
	.byte 0x89,0x5E,0x30,0x4D,0x8B,0x5E,0x48,0x4D,0x89,0x5E,0x40,0x4D,0x8B,0x5E,0x50,0x4D
	.byte 0x89,0x5E,0x48,0x4D,0x8B,0x5E,0x58,0x4D,0x89,0x5E,0x50,0x4D,0x8B,0x5E,0x60,0x4D
	.byte 0x89,0x5E,0x58,0x49,0x89,0x4E,0x60,0x49,0x89,0x56,0x38,0x41,0xBB,0xF4,0x00,0x00
	.byte 0x00,0x4D,0x89,0x1E,0x48,0x8D,0x05,0x05,0x00,0x00,0x00,0xE9,0xC2,0x65,0xFF,0xFF
	.byte 0x49,0x8B,0x4E,0x60,0x4D,0x8B,0x5E,0x58,0x4D,0x89,0x5E,0x60,0x4D,0x8B,0x5E,0x50
	.byte 0x4D,0x89,0x5E,0x58,0x4D,0x8B,0x5E,0x48,0x4D,0x89,0x5E,0x50,0x4D,0x8B,0x5E,0x40
	.byte 0x4D,0x89,0x5E,0x48,0x4D,0x8B,0x5E,0x38,0x4D,0x89,0x5E,0x40,0x4D,0x8B,0x5E,0x30
	.byte 0x4D,0x89,0x5E,0x38,0x4D,0x8B,0x5E,0x28,0x4D,0x89,0x5E,0x30,0xE9,0x25,0x00,0x00
	.byte 0x00,0x90,0x4D,0x8B,0x5E,0x78,0x4D,0x89,0x5E,0x30,0x4D,0x8B,0x5E,0x68,0x4D,0x89
	.byte 0x5E,0x78,0x4D,0x8B,0x5E,0x38,0x4D,0x89,0x5E,0x68,0x4D,0x8B,0x5E,0x40,0x4D,0x89
	.byte 0x5E,0x38,0x49,0x89,0x56,0x40,0x49,0x89,0xF8,0x48,0xD1,0xEF,0x48,0x89,0xF8,0x48
	.byte 0x89,0xCE,0x48,0xF7,0xE6,0x48,0x89,0xCE,0x4C,0x09,0xC1,0x48,0x83,0xE1,0x01,0x48
	.byte 0x09,0xD1,0x48,0x89,0xC7,0x48,0xD1,0xEF,0x48,0x83,0xF9,0x00,0x0F,0x84,0x52,0x00
	.byte 0x00,0x00,0x4C,0x89,0xC7,0x4D,0x8B,0x56,0x70,0x4D,0x8B,0x5E,0x78,0x4D,0x89,0x5E
	.byte 0x70,0x4D,0x89,0x56,0x78,0x49,0x89,0x76,0x28,0x4D,0x8B,0x56,0x50,0x4D,0x8B,0x5E
	.byte 0x40,0x4D,0x89,0x5E,0x50,0x4D,0x8B,0x5E,0x48,0x4D,0x89,0x5E,0x40,0x4D,0x89,0x56
	.byte 0x48,0x4D,0x89,0x46,0x20,0x41,0xBB,0xF5,0x00,0x00,0x00,0x4D,0x89,0x1E,0x48,0x8D
	.byte 0x05,0x05,0x00,0x00,0x00,0xE9,0xFA,0x64,0xFF,0xFF,0x49,0x8B,0x4E,0x50,0xE9,0x25
	.byte 0x00,0x00,0x00,0x90,0x4D,0x8B,0x56,0x70,0x4D,0x8B,0x5E,0x78,0x4D,0x89,0x5E,0x70
	.byte 0x4D,0x89,0x56,0x78,0x49,0x8B,0x4E,0x40,0x4D,0x8B,0x5E,0x48,0x4D,0x89,0x5E,0x40
	.byte 0x4D,0x8B,0x5E,0x50,0x4D,0x89,0x5E,0x48,0x48,0x89,0xF8,0x48,0x83,0xCF,0x08,0x48
	.byte 0x89,0xFE,0x48,0xC1,0xEE,0x3F,0x48,0x09,0xFE,0x48,0xF7,0xC6,0x01,0x00,0x00,0x00
	.byte 0x0F,0x84,0x2E,0x00,0x00,0x00,0xBE,0x08,0x00,0x00,0x00,0x48,0x89,0xC7,0x49,0x89
	.byte 0x46,0x28,0x49,0x89,0x76,0x50,0x41,0xBB,0xF6,0x00,0x00,0x00,0x4D,0x89,0x1E,0x48
	.byte 0x8D,0x05,0x06,0x00,0x00,0x00,0xE9,0x93,0x64,0xFF,0xFF,0x90,0x48,0x89,0xFE,0xE9
	.byte 0x0C,0x00,0x00,0x00,0x31,0xD2,0x48,0xF7,0xF1,0x48,0x89,0xC6,0x48,0xC1,0xE6,0x02
	.byte 0xBF,0x18,0x00,0x00,0x00,0x48,0x01,0xF7,0xB8,0x00,0x00,0x00,0x00,0x40,0x0F,0x90
	.byte 0xC0,0x48,0x89,0xF2,0x48,0x09,0xC2,0x48,0x83,0xCA,0x18,0x48,0xF7,0xC2,0x01,0x00
	.byte 0x00,0x00,0x0F,0x84,0x2C,0x00,0x00,0x00,0xBF,0x18,0x00,0x00,0x00,0x49,0x89,0x7E
	.byte 0x50,0x49,0x89,0x76,0x28,0x41,0xBB,0xF7,0x00,0x00,0x00,0x4D,0x89,0x1E,0x48,0x8D
	.byte 0x05,0x05,0x00,0x00,0x00,0xE9,0x18,0x64,0xFF,0xFF,0x49,0x89,0x7E,0x50,0xE9,0x05
	.byte 0x00,0x00,0x00,0x90,0x49,0x89,0x7E,0x50,0x49,0x8B,0x45,0xD8,0x49,0x8B,0x7D,0xF8
	.byte 0x48,0x29,0xF8,0x48,0x83,0xF8,0x58,0x0F,0x82,0x29,0x00,0x00,0x00,0x49,0x8B,0x7E
	.byte 0x70,0x49,0x8B,0x56,0x60,0x49,0x8B,0x46,0x58,0x49,0x8B,0x5E,0x50,0x49,0x8B,0x76
	.byte 0x48,0x4D,0x8B,0x5E,0x40,0x4D,0x89,0x5E,0x70,0x4D,0x8B,0x46,0x38,0x49,0x8B,0x4E
	.byte 0x30,0xE9,0x3E,0x00,0x00,0x00,0xBF,0x58,0x00,0x00,0x00,0x41,0xBB,0xF8,0x00,0x00
	.byte 0x00,0x4D,0x89,0x1E,0x48,0x8D,0x05,0x05,0x00,0x00,0x00,0xE9,0x18,0x57,0xFF,0xFF
	.byte 0x49,0x8B,0x7E,0x70,0x49,0x8B,0x56,0x60,0x49,0x8B,0x46,0x58,0x49,0x8B,0x5E,0x50
	.byte 0x49,0x8B,0x76,0x48,0x4D,0x8B,0x5E,0x40,0x4D,0x89,0x5E,0x70,0x4D,0x8B,0x46,0x38
	.byte 0x49,0x8B,0x4E,0x30,0x4D,0x8B,0x4D,0xB8,0x4D,0x8B,0x49,0x10,0x48,0xD1,0xE3,0x4C
	.byte 0x01,0xE3,0x49,0xC1,0xE9,0x09,0x4C,0x01,0xCB,0x4C,0x8B,0x4B,0x08,0x49,0x8B,0x5D
	.byte 0xF8,0x49,0xBF,0xF3,0x01,0x00,0x00,0x0A,0x00,0x00,0x00,0x4C,0x89,0x3B,0x4C,0x89
	.byte 0x4B,0x08,0x4C,0x89,0x43,0x10,0x4D,0x8B,0x56,0x68,0x4C,0x89,0x53,0x18,0x48,0x89
	.byte 0x43,0x20,0x48,0x89,0xD8,0x48,0x89,0x78,0x28,0x4D,0x8B,0x56,0x70,0x4C,0x89,0x50
	.byte 0x30,0x4D,0x8B,0x56,0x78,0x4C,0x89,0x50,0x38,0x48,0x89,0x70,0x40,0x48,0x89,0x50
	.byte 0x48,0x48,0x89,0x48,0x50,0x48,0x89,0xC7,0x4C,0x29,0xE7,0x48,0xC1,0xE7,0x09,0x48
	.byte 0x81,0xCF,0xF5,0x01,0x00,0x00,0x48,0x83,0xC0,0x58,0x49,0x89,0x45,0xF8,0x4D,0x8B
	.byte 0x9E,0x80,0x00,0x00,0x00,0x49,0x81,0xC6,0x88,0x00,0x00,0x00,0x41,0xFF,0xE3,0x90
	.byte 0x48,0xA9,0x01,0x00,0x00,0x00,0x0F,0x84,0x1C,0x00,0x00,0x00,0x49,0x89,0x46,0x38
	.byte 0x48,0xC1,0xE8,0x09,0x4C,0x01,0xE0,0x48,0x8B,0x30,0x48,0xC1,0xEE,0x20,0x48,0xC1
	.byte 0xE6,0x02,0xE9,0x07,0x00,0x00,0x00,0x90,0x31,0xF6,0x49,0x89,0x46,0x38,0x48,0xBF
	.byte 0xF4,0xFF,0xFF,0xFF,0xFF,0xFF,0xFF,0xFF,0x48,0x01,0xF7,0xB8,0x00,0x00,0x00,0x00
	.byte 0x40,0x0F,0x90,0xC0,0x48,0x89,0xF2,0x48,0x09,0xC2,0x48,0x83,0xCA,0xF4,0x48,0xF7
	.byte 0xC2,0x01,0x00,0x00,0x00,0x0F,0x84,0x41,0x00,0x00,0x00,0x48,0xBF,0xF4,0xFF,0xFF
	.byte 0xFF,0xFF,0xFF,0xFF,0xFF,0x4D,0x8B,0x5E,0x70,0x4D,0x89,0x5E,0x18,0x49,0x89,0x7E
	.byte 0x70,0x49,0x89,0x76,0x30,0x41,0xBB,0xF9,0x00,0x00,0x00,0x4D,0x89,0x1E,0x48,0x8D
	.byte 0x05,0x05,0x00,0x00,0x00,0xE9,0x78,0x62,0xFF,0xFF,0x49,0x8B,0x46,0x38,0x49,0x8B
	.byte 0x76,0x40,0x49,0x89,0x7E,0x40,0xE9,0x15,0x00,0x00,0x00,0x90,0x49,0x8B,0x76,0x40
	.byte 0x49,0x89,0x7E,0x40,0x49,0x8B,0x46,0x38,0x4D,0x8B,0x5E,0x70,0x4D,0x89,0x5E,0x18
	.byte 0x49,0x89,0x46,0x70,0x48,0xC1,0xE8,0x09,0x4C,0x01,0xE0,0x48,0x8B,0x50,0x18,0xBF
	.byte 0x1C,0x00,0x00,0x00,0x48,0x01,0xF7,0xB8,0x00,0x00,0x00,0x00,0x40,0x0F,0x90,0xC0
	.byte 0x49,0x89,0x76,0x38,0x48,0x09,0xC6,0x48,0x83,0xCE,0x1C,0x48,0xF7,0xC6,0x01,0x00
	.byte 0x00,0x00,0x0F,0x84,0x60,0x00,0x00,0x00,0xBF,0x1C,0x00,0x00,0x00,0x49,0x8B,0x76
	.byte 0x38,0x4D,0x8B,0x5E,0x48,0x4D,0x89,0x5E,0x28,0x4D,0x8B,0x5E,0x50,0x4D,0x89,0x5E
	.byte 0x48,0x4D,0x8B,0x5E,0x58,0x4D,0x89,0x5E,0x50,0x4D,0x8B,0x5E,0x60,0x4D,0x89,0x5E
	.byte 0x58,0x4D,0x8B,0x5E,0x68,0x4D,0x89,0x5E,0x60,0x49,0x89,0x56,0x68,0x4D,0x8B,0x5E
	.byte 0x78,0x4D,0x89,0x5E,0x10,0x49,0x89,0x7E,0x78,0x41,0xBB,0xFA,0x00,0x00,0x00,0x4D
	.byte 0x89,0x1E,0x48,0x8D,0x05,0x05,0x00,0x00,0x00,0xE9,0xC4,0x61,0xFF,0xFF,0x49,0x8B
	.byte 0x76,0x40,0xE9,0x39,0x00,0x00,0x00,0x90,0x4D,0x8B,0x5E,0x48,0x4D,0x89,0x5E,0x28
	.byte 0x4D,0x8B,0x5E,0x50,0x4D,0x89,0x5E,0x48,0x4D,0x8B,0x5E,0x58,0x4D,0x89,0x5E,0x50
	.byte 0x4D,0x8B,0x5E,0x60,0x4D,0x89,0x5E,0x58,0x4D,0x8B,0x5E,0x68,0x4D,0x89,0x5E,0x60
	.byte 0x49,0x89,0x56,0x68,0x4D,0x8B,0x5E,0x78,0x4D,0x89,0x5E,0x10,0x49,0x8B,0x76,0x40
	.byte 0x48,0x89,0xF9,0x48,0x01,0xF1,0xB8,0x00,0x00,0x00,0x00,0x40,0x0F,0x90,0xC0,0x48
	.byte 0x89,0xF2,0x48,0x09,0xFA,0x48,0x09,0xC2,0x48,0xF7,0xC2,0x01,0x00,0x00,0x00,0x0F
	.byte 0x84,0x2B,0x00,0x00,0x00,0x49,0x89,0x7E,0x40,0x49,0x89,0x76,0x78,0x41,0xBB,0xFB
	.byte 0x00,0x00,0x00,0x4D,0x89,0x1E,0x48,0x8D,0x05,0x05,0x00,0x00,0x00,0xE9,0x40,0x61
	.byte 0xFF,0xFF,0x49,0x8B,0x76,0x78,0x49,0x89,0x7E,0x78,0xE9,0x05,0x00,0x00,0x00,0x90
	.byte 0x49,0x89,0x4E,0x78,0xBF,0x18,0x00,0x00,0x00,0x48,0x01,0xF7,0xB8,0x00,0x00,0x00
	.byte 0x00,0x40,0x0F,0x90,0xC0,0x49,0x89,0x76,0x30,0x48,0x09,0xC6,0x48,0x83,0xCE,0x18
	.byte 0x48,0xF7,0xC6,0x01,0x00,0x00,0x00,0x0F,0x84,0x31,0x00,0x00,0x00,0xBF,0x18,0x00
	.byte 0x00,0x00,0x49,0x8B,0x76,0x30,0x49,0x89,0x7E,0x40,0x41,0xBB,0xFC,0x00,0x00,0x00
	.byte 0x4D,0x89,0x1E,0x48,0x8D,0x05,0x06,0x00,0x00,0x00,0xE9,0xE3,0x60,0xFF,0xFF,0x90
	.byte 0x49,0x8B,0x4E,0x78,0x49,0x89,0x7E,0x40,0xE9,0x09,0x00,0x00,0x00,0x90,0x49,0x89
	.byte 0x7E,0x40,0x49,0x8B,0x4E,0x78,0xBA,0x08,0x00,0x00,0x00,0x48,0xBF,0xFC,0xFF,0xFF
	.byte 0xFF,0xFF,0xFF,0xFF,0xFF,0x48,0x01,0xCF,0xB8,0x00,0x00,0x00,0x00,0x40,0x0F,0x90
	.byte 0xC0,0x48,0x89,0xCE,0x48,0x09,0xC6,0x48,0x83,0xCE,0xFC,0x48,0xF7,0xC6,0x01,0x00
	.byte 0x00,0x00,0x0F,0x84,0x58,0x00,0x00,0x00,0x48,0xBF,0xFC,0xFF,0xFF,0xFF,0xFF,0xFF
	.byte 0xFF,0xFF,0x48,0x89,0xCE,0x49,0x89,0x56,0x78,0x4D,0x8B,0x5E,0x30,0x4D,0x89,0x5E
	.byte 0x20,0x4D,0x8B,0x5E,0x38,0x4D,0x89,0x5E,0x30,0x49,0x89,0x4E,0x38,0x49,0x89,0x7E
	.byte 0x08,0x41,0xBB,0xFD,0x00,0x00,0x00,0x4D,0x89,0x1E,0x48,0x8D,0x05,0x05,0x00,0x00
	.byte 0x00,0xE9,0x5C,0x60,0xFF,0xFF,0x49,0x8B,0x4E,0x38,0x4D,0x8B,0x5E,0x30,0x4D,0x89
	.byte 0x5E,0x38,0x4D,0x8B,0x5E,0x20,0x4D,0x89,0x5E,0x30,0xE9,0x05,0x00,0x00,0x00,0x90
	.byte 0x49,0x89,0x56,0x78,0x48,0x89,0xF8,0x48,0xD1,0xE8,0x48,0x89,0xCE,0x48,0xF7,0xE6
	.byte 0x48,0x89,0xCE,0x48,0x09,0xF9,0x48,0x83,0xE1,0x01,0x48,0x09,0xD1,0x48,0xD1,0xE8
	.byte 0x48,0x83,0xF9,0x00,0x0F,0x84,0x3A,0x00,0x00,0x00,0x49,0x89,0x7E,0x08,0x49,0x89
	.byte 0x76,0x20,0x41,0xBB,0xFE,0x00,0x00,0x00,0x4D,0x89,0x1E,0x48,0x8D,0x05,0x06,0x00
	.byte 0x00,0x00,0xE9,0x0D,0x60,0xFF,0xFF,0x90,0x48,0x89,0xF8,0x49,0x8B,0x4E,0x78,0x4D
	.byte 0x8B,0x5E,0x40,0x4D,0x89,0x5E,0x78,0x4D,0x8B,0x5E,0x30,0x4D,0x89,0x5E,0x40,0xE9
	.byte 0x14,0x00,0x00,0x00,0x49,0x8B,0x4E,0x78,0x4D,0x8B,0x5E,0x40,0x4D,0x89,0x5E,0x78
	.byte 0x4D,0x8B,0x5E,0x30,0x4D,0x89,0x5E,0x40,0x48,0x89,0xC6,0x48,0x83,0xCE,0x08,0x48
	.byte 0x89,0xF7,0x48,0xC1,0xEF,0x3F,0x48,0x09,0xF7,0x48,0xF7,0xC7,0x01,0x00,0x00,0x00
	.byte 0x0F,0x84,0x3A,0x00,0x00,0x00,0xBE,0x08,0x00,0x00,0x00,0x48,0x89,0xC7,0x49,0x89
	.byte 0x76,0x30,0x49,0x89,0x46,0x20,0x41,0xBB,0xFF,0x00,0x00,0x00,0x4D,0x89,0x1E,0x48
	.byte 0x8D,0x05,0x06,0x00,0x00,0x00,0xE9,0xA3,0x5F,0xFF,0xFF,0x90,0x48,0x89,0xFA,0x49
	.byte 0x8B,0x76,0x78,0x4D,0x8B,0x5E,0x40,0x4D,0x89,0x5E,0x78,0xE9,0x18,0x00,0x00,0x00
	.byte 0x31,0xD2,0x48,0xF7,0xF1,0x48,0x89,0xC2,0x48,0xC1,0xE2,0x02,0x49,0x8B,0x76,0x78
	.byte 0x4D,0x8B,0x5E,0x40,0x4D,0x89,0x5E,0x78,0x48,0x89,0xD7,0x48,0x01,0xF7,0xB8,0x00
	.byte 0x00,0x00,0x00,0x40,0x0F,0x90,0xC0,0x48,0x89,0xF1,0x48,0x09,0xD1,0x48,0x09,0xC1
	.byte 0x48,0xF7,0xC1,0x01,0x00,0x00,0x00,0x0F,0x84,0x2B,0x00,0x00,0x00,0x48,0x89,0xD7
	.byte 0x49,0x89,0x56,0x40,0x49,0x89,0x76,0x30,0x41,0xBB,0x00,0x01,0x00,0x00,0x4D,0x89
	.byte 0x1E,0x48,0x8D,0x05,0x06,0x00,0x00,0x00,0xE9,0x15,0x5F,0xFF,0xFF,0x90,0x49,0x8B
	.byte 0x76,0x78,0xE9,0x05,0x00,0x00,0x00,0x90,0x49,0x8B,0x76,0x78,0x49,0x8B,0x45,0xB8
	.byte 0x48,0x8B,0x40,0x10,0x48,0xD1,0xE7,0x4C,0x01,0xE7,0x48,0xC1,0xE8,0x09,0x48,0x01
	.byte 0xC7,0x48,0x8B,0x57,0x08,0xBF,0x28,0x00,0x00,0x00,0x48,0x01,0xF7,0xB8,0x00,0x00
	.byte 0x00,0x00,0x40,0x0F,0x90,0xC0,0x49,0x89,0x76,0x20,0x48,0x09,0xC6,0x48,0x83,0xCE
	.byte 0x28,0x48,0xF7,0xC6,0x01,0x00,0x00,0x00,0x0F,0x84,0x2C,0x00,0x00,0x00,0xBF,0x28
	.byte 0x00,0x00,0x00,0x49,0x8B,0x76,0x20,0x49,0x89,0x7E,0x78,0x49,0x89,0x56,0x40,0x41
	.byte 0xBB,0x01,0x01,0x00,0x00,0x4D,0x89,0x1E,0x48,0x8D,0x05,0x05,0x00,0x00,0x00,0xE9
	.byte 0x9E,0x5E,0xFF,0xFF,0xE9,0x05,0x00,0x00,0x00,0x90,0x49,0x89,0x56,0x40,0xB8,0x0C
	.byte 0x00,0x00,0x00,0x48,0xF7,0xC7,0x01,0x00,0x00,0x00,0x0F,0x84,0x90,0x00,0x00,0x00
	.byte 0x48,0xBF,0xFF,0xFF,0xFF,0xFF,0xFF,0xFF,0xFF,0xFF,0x41,0xBB,0x02,0x01,0x00,0x00
	.byte 0x4D,0x89,0x1E,0x48,0x8D,0x05,0x06,0x00,0x00,0x00,0xE9,0xC9,0x51,0xFF,0xFF,0x90
	.byte 0x45,0x31,0xDB,0x4D,0x89,0x5E,0x20,0x4D,0x8B,0x5E,0x20,0x4D,0x89,0x5E,0x68,0x4D
	.byte 0x8B,0x5E,0x20,0x4D,0x89,0x5E,0x78,0x4D,0x8B,0x5E,0x20,0x4D,0x89,0x5E,0x70,0x4D
	.byte 0x8B,0x5E,0x20,0x4D,0x89,0x5E,0x18,0x4D,0x8B,0x5E,0x20,0x4D,0x89,0x5E,0x60,0x4D
	.byte 0x8B,0x5E,0x20,0x4D,0x89,0x5E,0x58,0x4D,0x8B,0x5E,0x20,0x4D,0x89,0x5E,0x50,0x4D
	.byte 0x8B,0x5E,0x20,0x4D,0x89,0x5E,0x48,0x4D,0x8B,0x5E,0x20,0x4D,0x89,0x5E,0x40,0x4D
	.byte 0x8B,0x5E,0x20,0x4D,0x89,0x5E,0x28,0x4D,0x8B,0x5E,0x20,0x4D,0x89,0x5E,0x38,0x4D
	.byte 0x8B,0x5E,0x20,0x4D,0x89,0x5E,0x10,0x49,0x8B,0x7E,0x20,0xE9,0x04,0x00,0x00,0x00
	.byte 0x49,0x89,0x46,0x78,0x49,0x89,0x7E,0x30,0x48,0xC1,0xEF,0x02,0x49,0xBA,0x00,0x00
	.byte 0x00,0x00,0x01,0x00,0x00,0x00,0x4C,0x39,0xD7,0x0F,0x82,0x0F,0x00,0x00,0x00,0x48
	.byte 0xBF,0xFF,0xFF,0xFF,0xFF,0xFF,0xFF,0xFF,0xFF,0xE9,0x08,0x00,0x00,0x00,0x48,0x83
	.byte 0xC7,0x01,0x48,0xC1,0xE7,0x03,0x49,0x8B,0x45,0xD8,0x49,0x8B,0x75,0xF8,0x48,0x29
	.byte 0xF0,0x48,0x39,0xF8,0x0F,0x82,0x3A,0x00,0x00,0x00,0x4D,0x8B,0x46,0x78,0x49,0x8B
	.byte 0x4E,0x70,0x4D,0x8B,0x5E,0x60,0x4D,0x89,0x5E,0x70,0x49,0x8B,0x46,0x58,0x49,0x8B
	.byte 0x7E,0x50,0x49,0x8B,0x76,0x48,0x49,0x8B,0x56,0x40,0x4D,0x8B,0x5E,0x38,0x4D,0x89
	.byte 0x5E,0x48,0x49,0x8B,0x5E,0x30,0x4D,0x8B,0x5E,0x20,0x4D,0x89,0x5E,0x60,0xE9,0x4B
	.byte 0x00,0x00,0x00,0x90,0x41,0xBB,0x03,0x01,0x00,0x00,0x4D,0x89,0x1E,0x48,0x8D,0x05
	.byte 0x06,0x00,0x00,0x00,0xE9,0xBF,0x50,0xFF,0xFF,0x90,0x4D,0x8B,0x46,0x78,0x49,0x8B
	.byte 0x4E,0x70,0x4D,0x8B,0x5E,0x60,0x4D,0x89,0x5E,0x70,0x49,0x8B,0x46,0x58,0x49,0x8B
	.byte 0x7E,0x50,0x49,0x8B,0x76,0x48,0x49,0x8B,0x56,0x40,0x4D,0x8B,0x5E,0x38,0x4D,0x89
	.byte 0x5E,0x48,0x49,0x8B,0x5E,0x30,0x4D,0x8B,0x5E,0x20,0x4D,0x89,0x5E,0x60,0x4D,0x8B
	.byte 0x4D,0xF8,0x49,0x89,0xDF,0x49,0xC1,0xE7,0x1E,0x49,0x81,0xCF,0xF3,0x01,0x00,0x00
	.byte 0x49,0x89,0x5E,0x78,0x48,0xC1,0xEB,0x02,0x4D,0x89,0x39,0x49,0x89,0x51,0x08,0x4D
	.byte 0x8B,0x56,0x48,0x4D,0x89,0x51,0x10,0x4D,0x8B,0x56,0x68,0x4D,0x89,0x51,0x18,0x49
	.byte 0x89,0x79,0x20,0x4D,0x8B,0x56,0x70,0x4D,0x89,0x51,0x28,0x4D,0x8B,0x56,0x28,0x4D
	.byte 0x89,0x51,0x30,0x4D,0x8B,0x56,0x18,0x4D,0x89,0x51,0x38,0x49,0x89,0x71,0x40,0x49
	.byte 0x89,0x41,0x48,0x4D,0x8B,0x56,0x10,0x4D,0x89,0x51,0x50,0x4D,0x89,0xCF,0x4D,0x89
	.byte 0x4E,0x58,0x4D,0x29,0xE7,0x49,0xC1,0xE7,0x09,0x49,0x83,0xCF,0x01,0x49,0x81,0xCF
	.byte 0xE0,0x01,0x00,0x00,0x48,0x83,0xFB,0x0F,0x0F,0x82,0x10,0x00,0x00,0x00,0x49,0x83
	.byte 0xCF,0x1E,0x49,0x89,0xD9,0x4C,0x89,0xFB,0xE9,0x0B,0x00,0x00,0x00,0x90,0x49,0x89
	.byte 0xD9,0x48,0xD1,0xE3,0x4C,0x09,0xFB,0x90,0x49,0xC1,0xE1,0x03,0x4D,0x8B,0x7E,0x58
	.byte 0x4D,0x01,0xF9,0x49,0x83,0xC1,0x08,0x4D,0x89,0x4D,0xF8,0x4D,0x8B,0x4E,0x60,0x49
	.byte 0x83,0xC7,0x58,0x4D,0x89,0x46,0x30,0x49,0xD1,0xE0,0x4D,0x01,0xE0,0x49,0x89,0x4E
	.byte 0x50,0x48,0xC1,0xE9,0x09,0x49,0x01,0xC8,0x49,0x83,0xC0,0x08,0x4D,0x85,0xC9,0x0F
	.byte 0x84,0x41,0x00,0x00,0x00,0x49,0x89,0x7E,0x58,0x4C,0x89,0xCF,0x49,0x89,0x76,0x20
	.byte 0x4C,0x89,0xC6,0x49,0x89,0x56,0x60,0x4C,0x89,0xFA,0x48,0x89,0xD9,0x49,0x89,0x46
	.byte 0x38,0x4D,0x89,0x4E,0x40,0x41,0xBB,0x04,0x01,0x00,0x00,0x4D,0x89,0x1E,0x48,0x8D
	.byte 0x05,0x05,0x00,0x00,0x00,0xE9,0x32,0x62,0xFF,0xFF,0x49,0x8B,0x86,0x80,0x00,0x00
	.byte 0x00,0xE9,0x0A,0x00,0x00,0x00,0x49,0x8B,0x86,0x80,0x00,0x00,0x00,0x48,0x89,0xDF
	.byte 0x49,0x81,0xC6,0x88,0x00,0x00,0x00,0xFF,0xE0,0x90,0x49,0x81,0xEE,0x88,0x00,0x00
	.byte 0x00,0x4D,0x39,0xEE,0x0F,0x82,0x42,0x4F,0xFF,0xFF,0x49,0x89,0x7E,0x60,0x48,0x89
	.byte 0xC7,0x49,0x8B,0x86,0x88,0x00,0x00,0x00,0x4D,0x8B,0x9E,0x88,0x00,0x00,0x00,0x4D
	.byte 0x89,0x5E,0x58,0x49,0x89,0x76,0x70,0x49,0x89,0x4E,0x78,0x4D,0x89,0x46,0x50,0x48
	.byte 0xC1,0xE8,0x09,0x4C,0x01,0xE0,0x48,0x8B,0x70,0x10,0x48,0xB9,0xE0,0xFF,0xFF,0xFF
	.byte 0xFF,0xFF,0xFF,0xFF,0x48,0x01,0xF1,0xB8,0x00,0x00,0x00,0x00,0x40,0x0F,0x90,0xC0
	.byte 0x49,0x89,0xF0,0x49,0x09,0xC0,0x49,0x83,0xC8,0xE0,0x49,0xF7,0xC0,0x01,0x00,0x00
	.byte 0x00,0x0F,0x84,0x4B,0x00,0x00,0x00,0x48,0xB8,0xE0,0xFF,0xFF,0xFF,0xFF,0xFF,0xFF
	.byte 0xFF,0x49,0x89,0xBE,0x88,0x00,0x00,0x00,0x48,0x89,0xC7,0x4D,0x89,0xBE,0x80,0x00
	.byte 0x00,0x00,0x49,0x89,0x76,0x38,0x4D,0x89,0x4E,0x68,0x49,0x89,0x56,0x48,0x49,0x89
	.byte 0x46,0x30,0x49,0x89,0x5E,0x40,0x41,0xBB,0x05,0x01,0x00,0x00,0x4D,0x89,0x1E,0x48
	.byte 0x8D,0x05,0x06,0x00,0x00,0x00,0xE9,0x47,0x5B,0xFF,0xFF,0x90,0xE9,0x1F,0x00,0x00
	.byte 0x00,0x90,0x49,0x89,0xBE,0x88,0x00,0x00,0x00,0x48,0x89,0xCF,0x4D,0x89,0xBE,0x80
	.byte 0x00,0x00,0x00,0x4D,0x89,0x4E,0x68,0x49,0x89,0x56,0x48,0x49,0x89,0x5E,0x40,0x90
	.byte 0x31,0xD2,0x31,0xC0,0x48,0xF7,0xC7,0x01,0x00,0x00,0x00,0x0F,0x84,0x4D,0x00,0x00
	.byte 0x00,0x31,0xF6,0x4D,0x8B,0x5E,0x40,0x4D,0x89,0x5E,0x38,0x49,0x89,0x7E,0x40,0x49
	.byte 0x89,0x56,0x30,0x41,0xBB,0x06,0x01,0x00,0x00,0x4D,0x89,0x1E,0x48,0x8D,0x05,0x05
	.byte 0x00,0x00,0x00,0xE9,0x62,0x5B,0xFF,0xFF,0x49,0x8B,0x76,0x58,0x4D,0x8B,0x5E,0x50
	.byte 0x4D,0x89,0x5E,0x58,0x4D,0x8B,0x5E,0x48,0x4D,0x89,0x5E,0x50,0x4D,0x8B,0x5E,0x38
	.byte 0x4D,0x89,0x5E,0x48,0xB8,0x01,0x00,0x00,0x00,0xE9,0x20,0x00,0x00,0x00,0x49,0x8B
	.byte 0x76,0x58,0x4D,0x8B,0x5E,0x50,0x4D,0x89,0x5E,0x58,0x4D,0x8B,0x5E,0x48,0x4D,0x89
	.byte 0x5E,0x50,0x4D,0x8B,0x5E,0x40,0x4D,0x89,0x5E,0x48,0x49,0x89,0x7E,0x40,0x48,0x39
	.byte 0xC7,0x0F,0x8D,0x15,0x07,0x00,0x00,0x48,0x89,0xF0,0x48,0xC1,0xEE,0x09,0x4C,0x01
	.byte 0xE6,0x48,0x8B,0x7E,0x10,0x48,0x83,0xFF,0x14,0x0F,0x8D,0x59,0x03,0x00,0x00,0x48
	.byte 0x83,0xFF,0x08,0x0F,0x8D,0x8F,0x01,0x00,0x00,0x48,0x83,0xFF,0x04,0x0F,0x8D,0xE9
	.byte 0x00,0x00,0x00,0x48,0x89,0xC6,0x48,0xC1,0xE8,0x09,0x4C,0x01,0xE0,0x48,0x8B,0x50
	.byte 0x08,0x49,0x8B,0xBE,0x80,0x00,0x00,0x00,0x4D,0x8B,0x5E,0x78,0x4D,0x89,0x9E,0x80
	.byte 0x00,0x00,0x00,0x4D,0x8B,0x5E,0x70,0x4D,0x89,0x5E,0x78,0x4D,0x8B,0x5E,0x68,0x4D
	.byte 0x89,0x5E,0x70,0x4D,0x8B,0x5E,0x60,0x4D,0x89,0x5E,0x68,0x4D,0x8B,0x5E,0x58,0x4D
	.byte 0x89,0x5E,0x60,0x4D,0x8B,0x5E,0x50,0x4D,0x89,0x5E,0x58,0x4D,0x8B,0x5E,0x48,0x4D
	.byte 0x89,0x5E,0x50,0x41,0xBB,0x07,0x01,0x00,0x00,0x4D,0x89,0x1E,0x48,0x8D,0x05,0x03
	.byte 0x00,0x00,0x00,0xFF,0xE2,0x90,0x49,0x8B,0x86,0x88,0x00,0x00,0x00,0x49,0x8B,0x8E
	.byte 0x80,0x00,0x00,0x00,0x49,0x8B,0x76,0x78,0x4D,0x8B,0x4E,0x70,0x4D,0x8B,0x5E,0x68
	.byte 0x4D,0x89,0x9E,0x88,0x00,0x00,0x00,0x4D,0x8B,0x46,0x60,0x49,0x8B,0x56,0x58,0x49
	.byte 0x8B,0x5E,0x50,0x49,0x89,0xFF,0x48,0xC1,0xEF,0x09,0x4C,0x01,0xE7,0x48,0x8B,0x7F
	.byte 0x10,0x48,0x83,0xFF,0x18,0x0F,0x85,0x31,0x00,0x00,0x00,0x4C,0x89,0xFF,0x48,0xC1
	.byte 0xEF,0x09,0x4C,0x01,0xE7,0x48,0x8B,0x7F,0x08,0x4D,0x8B,0x96,0x88,0x00,0x00,0x00
	.byte 0x49,0x89,0xBE,0x88,0x00,0x00,0x00,0x4C,0x89,0xD7,0x4D,0x8B,0x96,0x88,0x00,0x00
	.byte 0x00,0x49,0x81,0xC6,0x90,0x00,0x00,0x00,0x41,0xFF,0xE2,0x90,0x49,0x8B,0xBE,0x88
	.byte 0x00,0x00,0x00,0x49,0x83,0xC6,0x08,0xE9,0x34,0xEB,0xFF,0xFF,0x48,0x89,0xC2,0x48
	.byte 0xC1,0xE8,0x09,0x4C,0x01,0xE0,0x48,0x8B,0x48,0x08,0x49,0x8B,0x7E,0x48,0x49,0x8B
	.byte 0xB6,0x80,0x00,0x00,0x00,0x41,0xBB,0x08,0x01,0x00,0x00,0x4D,0x89,0x1E,0x48,0x8D
	.byte 0x05,0x03,0x00,0x00,0x00,0xFF,0xE1,0x90,0x49,0x89,0xFF,0x49,0x8B,0x86,0x88,0x00
	.byte 0x00,0x00,0x49,0x8B,0x4E,0x78,0x49,0x8B,0x76,0x70,0x49,0x8B,0x5E,0x68,0x49,0x8B
	.byte 0x7E,0x60,0x4D,0x8B,0x46,0x58,0x49,0x8B,0x56,0x50,0x4D,0x89,0xF9,0x49,0xC1,0xEF
	.byte 0x09,0x4D,0x01,0xE7,0x4D,0x8B,0x7F,0x10,0x49,0x83,0xFF,0x14,0x0F,0x85,0x24,0x00
	.byte 0x00,0x00,0x4D,0x89,0xCF,0x49,0xC1,0xE9,0x09,0x4D,0x01,0xE1,0x4D,0x8B,0x49,0x08
	.byte 0x49,0x89,0xDA,0x4C,0x89,0xFB,0x4D,0x89,0xCF,0x4D,0x89,0xD1,0x49,0x81,0xC6,0x90
	.byte 0x00,0x00,0x00,0x41,0xFF,0xE7,0x49,0x89,0xDA,0x4C,0x89,0xCB,0x4D,0x89,0xD1,0x49
	.byte 0x83,0xC6,0x10,0xE9,0xDC,0xD8,0xFF,0xFF,0x48,0x83,0xFF,0x0C,0x0F,0x8D,0x94,0x00
	.byte 0x00,0x00,0x48,0x89,0xC1,0x48,0xC1,0xE8,0x09,0x4C,0x01,0xE0,0x4C,0x8B,0x40,0x08
	.byte 0x49,0x8B,0x7E,0x68,0x49,0x8B,0x76,0x48,0x49,0x8B,0x96,0x80,0x00,0x00,0x00,0x41
	.byte 0xBB,0x09,0x01,0x00,0x00,0x4D,0x89,0x1E,0x48,0x8D,0x05,0x03,0x00,0x00,0x00,0x41
	.byte 0xFF,0xE0,0x4D,0x8B,0xBE,0x88,0x00,0x00,0x00,0x49,0x8B,0x4E,0x78,0x49,0x8B,0x76
	.byte 0x70,0x49,0x8B,0x46,0x60,0x4D,0x8B,0x46,0x58,0x49,0x8B,0x56,0x50,0x49,0x89,0xF9
	.byte 0x48,0xC1,0xEF,0x09,0x4C,0x01,0xE7,0x48,0x8B,0x7F,0x10,0x48,0x83,0xFF,0x10,0x0F
	.byte 0x85,0x21,0x00,0x00,0x00,0x4C,0x89,0xCF,0x49,0xC1,0xE9,0x09,0x4D,0x01,0xE1,0x49
	.byte 0x8B,0x59,0x08,0x49,0x89,0xF9,0x48,0x89,0xC7,0x4C,0x89,0xF8,0x49,0x81,0xC6,0x90
	.byte 0x00,0x00,0x00,0xFF,0xE3,0x90,0x48,0x89,0xC7,0x4C,0x89,0xF8,0x49,0x83,0xC6,0x18
	.byte 0xE9,0xF7,0xC6,0xFF,0xFF,0x90,0x48,0x83,0xFF,0x10,0x0F,0x8D,0x8C,0x00,0x00,0x00
	.byte 0x49,0x89,0xC0,0x48,0xC1,0xE8,0x09,0x4C,0x01,0xE0,0x4C,0x8B,0x48,0x08,0x49,0x8B
	.byte 0x7E,0x58,0x49,0x8B,0x76,0x68,0x49,0x8B,0x56,0x48,0x49,0x8B,0x8E,0x80,0x00,0x00
	.byte 0x00,0x41,0xBB,0x0A,0x01,0x00,0x00,0x4D,0x89,0x1E,0x48,0x8D,0x05,0x03,0x00,0x00
	.byte 0x00,0x41,0xFF,0xE1,0x49,0x89,0xF9,0x49,0x8B,0x86,0x88,0x00,0x00,0x00,0x49,0x8B
	.byte 0x4E,0x78,0x49,0x8B,0x76,0x70,0x49,0x8B,0x7E,0x60,0x49,0x8B,0x56,0x50,0x4D,0x89
	.byte 0xC8,0x49,0xC1,0xE9,0x09,0x4D,0x01,0xE1,0x4D,0x8B,0x49,0x10,0x49,0x83,0xF9,0x0C
	.byte 0x0F,0x85,0x1C,0x00,0x00,0x00,0x4C,0x89,0xC3,0x49,0xC1,0xE8,0x09,0x4D,0x01,0xE0
	.byte 0x4D,0x8B,0x48,0x08,0x49,0x89,0xD8,0x49,0x81,0xC6,0x90,0x00,0x00,0x00,0x41,0xFF
	.byte 0xE1,0x90,0x49,0x83,0xC6,0x20,0xE9,0x23,0xB6,0xFF,0xFF,0x90,0x49,0x89,0xC1,0x48
	.byte 0xC1,0xE8,0x09,0x4C,0x01,0xE0,0x48,0x8B,0x58,0x08,0x49,0x8B,0x7E,0x78,0x49,0x8B
	.byte 0x76,0x58,0x49,0x8B,0x56,0x68,0x49,0x8B,0x4E,0x48,0x4D,0x8B,0x86,0x80,0x00,0x00
	.byte 0x00,0x41,0xBB,0x0B,0x01,0x00,0x00,0x4D,0x89,0x1E,0x48,0x8D,0x05,0x03,0x00,0x00
	.byte 0x00,0xFF,0xE3,0x90,0x49,0x89,0xF8,0x49,0x8B,0x86,0x88,0x00,0x00,0x00,0x49,0x8B
	.byte 0x76,0x70,0x49,0x8B,0x7E,0x60,0x49,0x8B,0x56,0x50,0x4C,0x89,0xC1,0x49,0xC1,0xE8
	.byte 0x09,0x4D,0x01,0xE0,0x4D,0x8B,0x40,0x10,0x49,0x83,0xF8,0x08,0x0F,0x85,0x1C,0x00
	.byte 0x00,0x00,0x49,0x89,0xC9,0x48,0xC1,0xE9,0x09,0x4C,0x01,0xE1,0x4C,0x8B,0x41,0x08
	.byte 0x4C,0x89,0xC9,0x49,0x81,0xC6,0x90,0x00,0x00,0x00,0x41,0xFF,0xE0,0x90,0x49,0x83
	.byte 0xC6,0x28,0xE9,0xC3,0xA5,0xFF,0xFF,0x90,0x48,0x83,0xFF,0x1C,0x0F,0x8D,0x38,0x01
	.byte 0x00,0x00,0x48,0x83,0xFF,0x18,0x0F,0x8D,0x88,0x00,0x00,0x00,0x48,0x89,0xC3,0x48
	.byte 0xC1,0xE8,0x09,0x4C,0x01,0xE0,0x4C,0x8B,0x78,0x08,0x49,0x8B,0x7E,0x50,0x49,0x8B
	.byte 0x76,0x78,0x49,0x8B,0x56,0x58,0x49,0x8B,0x4E,0x68,0x4D,0x8B,0x46,0x48,0x4D,0x8B
	.byte 0x8E,0x80,0x00,0x00,0x00,0x41,0xBB,0x0C,0x01,0x00,0x00,0x4D,0x89,0x1E,0x48,0x8D
	.byte 0x05,0x03,0x00,0x00,0x00,0x41,0xFF,0xE7,0x48,0x89,0xF9,0x49,0x8B,0x86,0x88,0x00
	.byte 0x00,0x00,0x49,0x8B,0x76,0x70,0x49,0x8B,0x7E,0x60,0x48,0x89,0xCA,0x48,0xC1,0xE9
	.byte 0x09,0x4C,0x01,0xE1,0x48,0x8B,0x49,0x10,0x48,0x83,0xF9,0x04,0x0F,0x85,0x18,0x00
	.byte 0x00,0x00,0x48,0x89,0xD1,0x48,0xC1,0xE9,0x09,0x4C,0x01,0xE1,0x48,0x8B,0x49,0x08
	.byte 0x49,0x81,0xC6,0x90,0x00,0x00,0x00,0xFF,0xE1,0x90,0x49,0x83,0xC6,0x30,0xE9,0xE7
	.byte 0x95,0xFF,0xFF,0x90,0x49,0x89,0xC7,0x48,0xC1,0xE8,0x09,0x4C,0x01,0xE0,0x48,0x8B
	.byte 0x40,0x08,0x49,0x8B,0x7E,0x70,0x49,0x8B,0x76,0x50,0x49,0x8B,0x56,0x78,0x49,0x8B
	.byte 0x4E,0x58,0x4D,0x8B,0x46,0x68,0x4D,0x8B,0x4E,0x48,0x49,0x8B,0x9E,0x80,0x00,0x00
	.byte 0x00,0x4D,0x8B,0x9E,0x88,0x00,0x00,0x00,0x4D,0x89,0x9E,0x80,0x00,0x00,0x00,0x49
	.byte 0x89,0x86,0x88,0x00,0x00,0x00,0x4D,0x8B,0x96,0x88,0x00,0x00,0x00,0x41,0xBB,0x0D
	.byte 0x01,0x00,0x00,0x4D,0x89,0x1E,0x48,0x8D,0x05,0x03,0x00,0x00,0x00,0x41,0xFF,0xE2
	.byte 0x49,0x8B,0x86,0x80,0x00,0x00,0x00,0x49,0x8B,0x4E,0x60,0x48,0x89,0xFE,0x48,0xC1
	.byte 0xEF,0x09,0x4C,0x01,0xE7,0x48,0x8B,0x7F,0x10,0x48,0x83,0xFF,0x00,0x0F,0x85,0x1B
	.byte 0x00,0x00,0x00,0x48,0x89,0xF7,0x48,0xC1,0xEF,0x09,0x4C,0x01,0xE7,0x48,0x8B,0x57
	.byte 0x08,0x48,0x89,0xCF,0x49,0x81,0xC6,0x90,0x00,0x00,0x00,0xFF,0xE2,0x90,0x48,0x89
	.byte 0xCF,0x49,0x83,0xC6,0x40,0xE9,0x58,0x87,0xFF,0xFF,0x48,0x83,0xFF,0x20,0x0F,0x8D
	.byte 0xBA,0x00,0x00,0x00,0x48,0x89,0xC7,0x48,0xC1,0xE8,0x09,0x4C,0x01,0xE0,0x48,0x8B
	.byte 0x40,0x08,0x49,0x8B,0x4E,0x78,0x4D,0x8B,0x9E,0x88,0x00,0x00,0x00,0x4D,0x89,0x5E
	.byte 0x78,0x49,0x89,0xBE,0x88,0x00,0x00,0x00,0x49,0x8B,0x7E,0x60,0x49,0x8B,0x76,0x70
	.byte 0x49,0x8B,0x56,0x50,0x4D,0x8B,0x46,0x58,0x4D,0x8B,0x4E,0x68,0x49,0x8B,0x5E,0x48
	.byte 0x4D,0x8B,0xBE,0x80,0x00,0x00,0x00,0x49,0x89,0x86,0x80,0x00,0x00,0x00,0x4D,0x8B
	.byte 0x96,0x80,0x00,0x00,0x00,0x41,0xBB,0x0E,0x01,0x00,0x00,0x4D,0x89,0x1E,0x49,0x83
	.byte 0xEE,0x08,0x4D,0x39,0xEE,0x0F,0x82,0xD1,0x48,0xFF,0xFF,0x4D,0x8B,0x9E,0x90,0x00
	.byte 0x00,0x00,0x4D,0x89,0x1E,0x48,0x8D,0x05,0x04,0x00,0x00,0x00,0x41,0xFF,0xE2,0x90
	.byte 0x49,0x8B,0x46,0x78,0x48,0x89,0xFE,0x48,0xC1,0xEE,0x09,0x4C,0x01,0xE6,0x48,0x8B
	.byte 0x76,0x10,0x48,0x83,0xFE,0x00,0x0F,0x85,0x18,0x00,0x00,0x00,0x48,0x89,0xFE,0x48
	.byte 0xC1,0xEE,0x09,0x4C,0x01,0xE6,0x48,0x8B,0x76,0x08,0x49,0x81,0xC6,0x90,0x00,0x00
	.byte 0x00,0xFF,0xE6,0x90,0x49,0x83,0xC6,0x40,0xE9,0x95,0x86,0xFF,0xFF,0x90,0x48,0x83
	.byte 0xFF,0x24,0x0F,0x8D,0xCA,0x00,0x00,0x00,0x48,0x89,0xC7,0x48,0xC1,0xE8,0x09,0x4C
	.byte 0x01,0xE0,0x48,0x8B,0x40,0x08,0x49,0x8B,0x56,0x70,0x4D,0x8B,0x9E,0x88,0x00,0x00
	.byte 0x00,0x4D,0x89,0x5E,0x70,0x4D,0x8B,0x9E,0x80,0x00,0x00,0x00,0x4D,0x89,0x9E,0x88
	.byte 0x00,0x00,0x00,0x49,0x89,0xBE,0x80,0x00,0x00,0x00,0x49,0x8B,0x7E,0x40,0x49,0x8B
	.byte 0x76,0x60,0x49,0x8B,0x4E,0x50,0x4D,0x8B,0x46,0x78,0x4D,0x8B,0x4E,0x58,0x49,0x8B
	.byte 0x5E,0x68,0x4D,0x8B,0x7E,0x48,0x49,0x89,0x46,0x78,0x4D,0x8B,0x56,0x78,0x41,0xBB
	.byte 0x0F,0x01,0x00,0x00,0x4D,0x89,0x1E,0x49,0x83,0xEE,0x10,0x4D,0x39,0xEE,0x0F,0x82
	.byte 0x08,0x48,0xFF,0xFF,0x4D,0x8B,0x9E,0x98,0x00,0x00,0x00,0x4D,0x89,0x5E,0x08,0x4D
	.byte 0x8B,0x9E,0x90,0x00,0x00,0x00,0x4D,0x89,0x1E,0x48,0x8D,0x05,0x04,0x00,0x00,0x00
	.byte 0x41,0xFF,0xE2,0x90,0x49,0x8B,0x46,0x70,0x48,0x89,0xFE,0x48,0xC1,0xEE,0x09,0x4C
	.byte 0x01,0xE6,0x48,0x8B,0x76,0x10,0x48,0x83,0xFE,0x00,0x0F,0x85,0x18,0x00,0x00,0x00
	.byte 0x48,0x89,0xFE,0x48,0xC1,0xEE,0x09,0x4C,0x01,0xE6,0x48,0x8B,0x76,0x08,0x49,0x81
	.byte 0xC6,0x90,0x00,0x00,0x00,0xFF,0xE6,0x90,0x49,0x83,0xC6,0x40,0xE9,0xC1,0x85,0xFF
	.byte 0xFF,0x90,0x48,0x89,0xC6,0x48,0xC1,0xE8,0x09,0x4C,0x01,0xE0,0x48,0x8B,0x40,0x08
	.byte 0x4D,0x8B,0x4E,0x78,0x49,0x89,0x76,0x78,0x49,0x8B,0x76,0x40,0x49,0x8B,0x56,0x60
	.byte 0x49,0x8B,0x4E,0x70,0x4D,0x8B,0x46,0x50,0x49,0x8B,0x5E,0x58,0x4D,0x8B,0x7E,0x68
	.byte 0x4D,0x8B,0x9E,0x88,0x00,0x00,0x00,0x4D,0x89,0x5E,0x68,0x4D,0x8B,0x5E,0x48,0x4D
	.byte 0x89,0x9E,0x88,0x00,0x00,0x00,0x49,0x89,0x46,0x70,0x4D,0x8B,0x56,0x70,0x41,0xBB
	.byte 0x10,0x01,0x00,0x00,0x4D,0x89,0x1E,0x49,0x83,0xEE,0x18,0x4D,0x39,0xEE,0x0F,0x82
	.byte 0x48,0x47,0xFF,0xFF,0x4D,0x8B,0x9E,0xA0,0x00,0x00,0x00,0x4D,0x89,0x5E,0x10,0x4D
	.byte 0x8B,0x9E,0x98,0x00,0x00,0x00,0x4D,0x89,0x5E,0x08,0x4D,0x8B,0x9E,0x90,0x00,0x00
	.byte 0x00,0x4D,0x89,0x1E,0x48,0x8D,0x05,0x03,0x00,0x00,0x00,0x41,0xFF,0xE2,0x49,0x8B
	.byte 0x46,0x68,0x48,0x89,0xFE,0x48,0xC1,0xEE,0x09,0x4C,0x01,0xE6,0x48,0x8B,0x76,0x10
	.byte 0x48,0x83,0xFE,0x00,0x0F,0x85,0x18,0x00,0x00,0x00,0x48,0x89,0xFE,0x48,0xC1,0xEE
	.byte 0x09,0x4C,0x01,0xE6,0x48,0x8B,0x76,0x08,0x49,0x81,0xC6,0x90,0x00,0x00,0x00,0xFF
	.byte 0xE6,0x90,0x49,0x83,0xC6,0x40,0xE9,0xF7,0x84,0xFF,0xFF,0x90,0x48,0xF7,0xC6,0x01
	.byte 0x00,0x00,0x00,0x0F,0x84,0x1F,0x00,0x00,0x00,0x48,0x89,0xF0,0x48,0xC1,0xEE,0x09
	.byte 0x4C,0x01,0xE6,0x48,0x8B,0x36,0x48,0xBF,0xFE,0xFF,0xFF,0xFF,0x00,0x00,0x00,0x00
	.byte 0x48,0x21,0xFE,0xE9,0x04,0x00,0x00,0x00,0x48,0x89,0xF0,0x90,0x48,0x81,0xFE,0xE2
	.byte 0x01,0x00,0x00,0x0F,0x85,0x65,0x03,0x00,0x00,0x49,0x89,0x46,0x38,0x48,0xC1,0xE8
	.byte 0x09,0x4C,0x01,0xE0,0x48,0x8B,0x48,0x10,0xBA,0x08,0x00,0x00,0x00,0x48,0xBF,0xFC
	.byte 0xFF,0xFF,0xFF,0xFF,0xFF,0xFF,0xFF,0x48,0x01,0xCF,0xB8,0x00,0x00,0x00,0x00,0x40
	.byte 0x0F,0x90,0xC0,0x48,0x89,0xCE,0x48,0x09,0xC6,0x48,0x83,0xCE,0xFC,0x48,0xF7,0xC6
	.byte 0x01,0x00,0x00,0x00,0x0F,0x84,0x70,0x00,0x00,0x00,0x48,0xBF,0xFC,0xFF,0xFF,0xFF
	.byte 0xFF,0xFF,0xFF,0xFF,0x48,0x89,0xCE,0x4D,0x8B,0x5E,0x48,0x4D,0x89,0x5E,0x28,0x4D
	.byte 0x8B,0x5E,0x38,0x4D,0x89,0x5E,0x48,0x4D,0x8B,0x5E,0x50,0x4D,0x89,0x5E,0x38,0x4D
	.byte 0x8B,0x5E,0x58,0x4D,0x89,0x5E,0x50,0x4D,0x8B,0x5E,0x68,0x4D,0x89,0x5E,0x58,0x4D
	.byte 0x8B,0x5E,0x70,0x4D,0x89,0x5E,0x68,0x49,0x89,0x56,0x70,0x49,0x89,0x7E,0x20,0x49
	.byte 0x89,0x4E,0x30,0x41,0xBB,0x11,0x01,0x00,0x00,0x4D,0x89,0x1E,0x48,0x8D,0x05,0x05
	.byte 0x00,0x00,0x00,0xE9,0xAA,0x52,0xFF,0xFF,0x49,0x8B,0x4E,0x30,0x4D,0x8B,0x5E,0x28
	.byte 0x4D,0x89,0x5E,0x30,0xE9,0x35,0x00,0x00,0x00,0x90,0x4D,0x8B,0x5E,0x48,0x4D,0x89
	.byte 0x5E,0x30,0x4D,0x8B,0x5E,0x38,0x4D,0x89,0x5E,0x48,0x4D,0x8B,0x5E,0x50,0x4D,0x89
	.byte 0x5E,0x38,0x4D,0x8B,0x5E,0x58,0x4D,0x89,0x5E,0x50,0x4D,0x8B,0x5E,0x68,0x4D,0x89
	.byte 0x5E,0x58,0x4D,0x8B,0x5E,0x70,0x4D,0x89,0x5E,0x68,0x49,0x89,0x56,0x70,0x49,0x89
	.byte 0xF8,0x48,0xD1,0xEF,0x48,0x89,0xF8,0x48,0x89,0xCE,0x48,0xF7,0xE6,0x48,0x89,0xCE
	.byte 0x4C,0x09,0xC1,0x48,0x83,0xE1,0x01,0x48,0x09,0xD1,0x48,0x89,0xC7,0x48,0xD1,0xEF
	.byte 0x48,0x83,0xF9,0x00,0x0F,0x84,0x4A,0x00,0x00,0x00,0x4C,0x89,0xC7,0x4D,0x89,0x46
	.byte 0x28,0x4D,0x8B,0x56,0x60,0x4D,0x8B,0x5E,0x50,0x4D,0x89,0x5E,0x60,0x4D,0x89,0x56
	.byte 0x50,0x49,0x89,0x76,0x20,0x41,0xBB,0x12,0x01,0x00,0x00,0x4D,0x89,0x1E,0x48,0x8D
	.byte 0x05,0x05,0x00,0x00,0x00,0xE9,0x1A,0x52,0xFF,0xFF,0x49,0x8B,0x4E,0x70,0x4D,0x8B
	.byte 0x5E,0x40,0x4D,0x89,0x5E,0x70,0x4D,0x8B,0x5E,0x60,0x4D,0x89,0x5E,0x40,0xE9,0x1D
	.byte 0x00,0x00,0x00,0x90,0x49,0x8B,0x4E,0x70,0x4D,0x8B,0x5E,0x40,0x4D,0x89,0x5E,0x70
	.byte 0x4D,0x8B,0x5E,0x50,0x4D,0x89,0x5E,0x40,0x4D,0x8B,0x5E,0x60,0x4D,0x89,0x5E,0x50
	.byte 0x48,0x89,0xF8,0x48,0x83,0xCF,0x08,0x48,0x89,0xFE,0x48,0xC1,0xEE,0x3F,0x48,0x09
	.byte 0xFE,0x48,0xF7,0xC6,0x01,0x00,0x00,0x00,0x0F,0x84,0x2E,0x00,0x00,0x00,0xBE,0x08
	.byte 0x00,0x00,0x00,0x48,0x89,0xC7,0x49,0x89,0x76,0x60,0x49,0x89,0x46,0x28,0x41,0xBB
	.byte 0x13,0x01,0x00,0x00,0x4D,0x89,0x1E,0x48,0x8D,0x05,0x06,0x00,0x00,0x00,0xE9,0xAB
	.byte 0x51,0xFF,0xFF,0x90,0x48,0x89,0xFE,0xE9,0x0C,0x00,0x00,0x00,0x31,0xD2,0x48,0xF7
	.byte 0xF1,0x48,0x89,0xC6,0x48,0xC1,0xE6,0x02,0xBF,0x1C,0x00,0x00,0x00,0x48,0x01,0xF7
	.byte 0xB8,0x00,0x00,0x00,0x00,0x40,0x0F,0x90,0xC0,0x48,0x89,0xF2,0x48,0x09,0xC2,0x48
	.byte 0x83,0xCA,0x1C,0x48,0xF7,0xC2,0x01,0x00,0x00,0x00,0x0F,0x84,0x2C,0x00,0x00,0x00
	.byte 0xBF,0x1C,0x00,0x00,0x00,0x49,0x89,0x76,0x28,0x49,0x89,0x7E,0x60,0x41,0xBB,0x14
	.byte 0x01,0x00,0x00,0x4D,0x89,0x1E,0x48,0x8D,0x05,0x05,0x00,0x00,0x00,0xE9,0x30,0x51
	.byte 0xFF,0xFF,0x49,0x89,0x7E,0x60,0xE9,0x05,0x00,0x00,0x00,0x90,0x49,0x89,0x7E,0x60
	.byte 0x49,0x8B,0x45,0xD8,0x49,0x8B,0x7D,0xF8,0x48,0x29,0xF8,0x48,0x83,0xF8,0x60,0x0F
	.byte 0x82,0x3F,0x00,0x00,0x00,0x49,0x8B,0x96,0x80,0x00,0x00,0x00,0x49,0x8B,0x4E,0x70
	.byte 0x49,0x8B,0x46,0x68,0x49,0x8B,0x5E,0x60,0x49,0x8B,0x7E,0x58,0x4D,0x8B,0x5E,0x50
	.byte 0x4D,0x89,0x5E,0x68,0x4D,0x8B,0x46,0x48,0x4D,0x8B,0x5E,0x40,0x4D,0x89,0x9E,0x80
	.byte 0x00,0x00,0x00,0x4D,0x8B,0x5E,0x38,0x4D,0x89,0x5E,0x70,0x49,0x8B,0x76,0x30,0xE9
	.byte 0x54,0x00,0x00,0x00,0xBF,0x60,0x00,0x00,0x00,0x41,0xBB,0x15,0x01,0x00,0x00,0x4D
	.byte 0x89,0x1E,0x48,0x8D,0x05,0x05,0x00,0x00,0x00,0xE9,0x1A,0x44,0xFF,0xFF,0x49,0x8B
	.byte 0x96,0x80,0x00,0x00,0x00,0x49,0x8B,0x4E,0x70,0x49,0x8B,0x46,0x68,0x49,0x8B,0x5E
	.byte 0x60,0x49,0x8B,0x7E,0x58,0x4D,0x8B,0x5E,0x50,0x4D,0x89,0x5E,0x68,0x4D,0x8B,0x46
	.byte 0x48,0x4D,0x8B,0x5E,0x40,0x4D,0x89,0x9E,0x80,0x00,0x00,0x00,0x4D,0x8B,0x5E,0x38
	.byte 0x4D,0x89,0x5E,0x70,0x49,0x8B,0x76,0x30,0x4D,0x8B,0x4D,0xB8,0x4D,0x8B,0x49,0x10
	.byte 0x48,0xD1,0xE3,0x4C,0x01,0xE3,0x49,0xC1,0xE9,0x09,0x4C,0x01,0xCB,0x4C,0x8B,0x4B
	.byte 0x08,0x49,0x8B,0x5D,0xF8,0x49,0xBF,0xF3,0x01,0x00,0x00,0x0B,0x00,0x00,0x00,0x4C
	.byte 0x89,0x3B,0x4C,0x89,0x4B,0x08,0x48,0x89,0x4B,0x10,0x4C,0x89,0x43,0x18,0x4D,0x8B
	.byte 0x56,0x68,0x4C,0x89,0x53,0x20,0x48,0x89,0x43,0x28,0x48,0x89,0xD8,0x4D,0x8B,0x56
	.byte 0x70,0x4C,0x89,0x50,0x30,0x4D,0x8B,0x56,0x78,0x4C,0x89,0x50,0x38,0x4D,0x8B,0x96
	.byte 0x80,0x00,0x00,0x00,0x4C,0x89,0x50,0x40,0x48,0x89,0x78,0x48,0x48,0x89,0x70,0x50
	.byte 0x48,0x89,0x50,0x58,0x48,0x89,0xC7,0x4C,0x29,0xE7,0x48,0xC1,0xE7,0x09,0x48,0x81
	.byte 0xCF,0xF7,0x01,0x00,0x00,0x48,0x83,0xC0,0x60,0x49,0x89,0x45,0xF8,0x4D,0x8B,0x9E
	.byte 0x88,0x00,0x00,0x00,0x49,0x81,0xC6,0x90,0x00,0x00,0x00,0x41,0xFF,0xE3,0x48,0xA9
	.byte 0x01,0x00,0x00,0x00,0x0F,0x84,0x1C,0x00,0x00,0x00,0x49,0x89,0x46,0x38,0x48,0xC1
	.byte 0xE8,0x09,0x4C,0x01,0xE0,0x48,0x8B,0x30,0x48,0xC1,0xEE,0x20,0x48,0xC1,0xE6,0x02
	.byte 0xE9,0x07,0x00,0x00,0x00,0x90,0x31,0xF6,0x49,0x89,0x46,0x38,0x48,0xBF,0xF4,0xFF
	.byte 0xFF,0xFF,0xFF,0xFF,0xFF,0xFF,0x48,0x01,0xF7,0xB8,0x00,0x00,0x00,0x00,0x40,0x0F
	.byte 0x90,0xC0,0x48,0x89,0xF2,0x48,0x09,0xC2,0x48,0x83,0xCA,0xF4,0x48,0xF7,0xC2,0x01
	.byte 0x00,0x00,0x00,0x0F,0x84,0x61,0x00,0x00,0x00,0x48,0xBF,0xF4,0xFF,0xFF,0xFF,0xFF
	.byte 0xFF,0xFF,0xFF,0x4D,0x8B,0x5E,0x50,0x4D,0x89,0x5E,0x18,0x4D,0x8B,0x5E,0x60,0x4D
	.byte 0x89,0x5E,0x50,0x4D,0x8B,0x9E,0x80,0x00,0x00,0x00,0x4D,0x89,0x5E,0x60,0x4D,0x8B
	.byte 0x5E,0x70,0x4D,0x89,0x5E,0x30,0x49,0x89,0x76,0x70,0x49,0x89,0xBE,0x80,0x00,0x00
	.byte 0x00,0x41,0xBB,0x16,0x01,0x00,0x00,0x4D,0x89,0x1E,0x48,0x8D,0x05,0x05,0x00,0x00
	.byte 0x00,0xE9,0x3C,0x4F,0xFF,0xFF,0x49,0x8B,0x76,0x40,0x49,0x8B,0x46,0x38,0x49,0x89
	.byte 0xBE,0x80,0x00,0x00,0x00,0xE9,0x32,0x00,0x00,0x00,0x4D,0x8B,0x5E,0x50,0x4D,0x89
	.byte 0x5E,0x18,0x4D,0x8B,0x5E,0x60,0x4D,0x89,0x5E,0x50,0x4D,0x8B,0x9E,0x80,0x00,0x00
	.byte 0x00,0x4D,0x89,0x5E,0x60,0x49,0x89,0xBE,0x80,0x00,0x00,0x00,0x49,0x8B,0x76,0x40
	.byte 0x4D,0x8B,0x5E,0x70,0x4D,0x89,0x5E,0x30,0x49,0x8B,0x46,0x38,0x49,0x89,0x46,0x38
	.byte 0x48,0xC1,0xE8,0x09,0x4C,0x01,0xE0,0x48,0x8B,0x50,0x18,0xBF,0x20,0x00,0x00,0x00
	.byte 0x48,0x01,0xF7,0xB8,0x00,0x00,0x00,0x00,0x40,0x0F,0x90,0xC0,0x49,0x89,0x76,0x70
	.byte 0x48,0x09,0xC6,0x48,0x83,0xCE,0x20,0x48,0xF7,0xC6,0x01,0x00,0x00,0x00,0x0F,0x84
	.byte 0x4A,0x00,0x00,0x00,0xBF,0x20,0x00,0x00,0x00,0x49,0x8B,0x76,0x70,0x4D,0x8B,0x5E
	.byte 0x78,0x4D,0x89,0x5E,0x20,0x49,0x89,0x7E,0x78,0x4D,0x8B,0x5E,0x48,0x4D,0x89,0x5E
	.byte 0x10,0x49,0x89,0x56,0x48,0x4D,0x8B,0x5E,0x58,0x4D,0x89,0x5E,0x28,0x41,0xBB,0x17
	.byte 0x01,0x00,0x00,0x4D,0x89,0x1E,0x48,0x8D,0x05,0x05,0x00,0x00,0x00,0xE9,0x80,0x4E
	.byte 0xFF,0xFF,0x49,0x8B,0xB6,0x80,0x00,0x00,0x00,0xE9,0x24,0x00,0x00,0x00,0x49,0x8B
	.byte 0xB6,0x80,0x00,0x00,0x00,0x4D,0x8B,0x5E,0x78,0x4D,0x89,0x5E,0x20,0x4D,0x8B,0x5E
	.byte 0x48,0x4D,0x89,0x5E,0x10,0x49,0x89,0x56,0x48,0x4D,0x8B,0x5E,0x58,0x4D,0x89,0x5E
	.byte 0x28,0x90,0x48,0x89,0xF9,0x48,0x01,0xF1,0xB8,0x00,0x00,0x00,0x00,0x40,0x0F,0x90
	.byte 0xC0,0x48,0x89,0xF2,0x48,0x09,0xFA,0x48,0x09,0xC2,0x48,0xF7,0xC2,0x01,0x00,0x00
	.byte 0x00,0x0F,0x84,0x31,0x00,0x00,0x00,0x49,0x89,0xB6,0x80,0x00,0x00,0x00,0x49,0x89
	.byte 0x7E,0x78,0x41,0xBB,0x18,0x01,0x00,0x00,0x4D,0x89,0x1E,0x48,0x8D,0x05,0x06,0x00
	.byte 0x00,0x00,0xE9,0x0B,0x4E,0xFF,0xFF,0x90,0x49,0x8B,0xB6,0x80,0x00,0x00,0x00,0x49
	.byte 0x89,0x7E,0x78,0xE9,0x04,0x00,0x00,0x00,0x49,0x89,0x4E,0x78,0xBF,0x1C,0x00,0x00
	.byte 0x00,0x48,0x01,0xF7,0xB8,0x00,0x00,0x00,0x00,0x40,0x0F,0x90,0xC0,0x49,0x89,0xB6
	.byte 0x80,0x00,0x00,0x00,0x48,0x09,0xC6,0x48,0x83,0xCE,0x1C,0x48,0xF7,0xC6,0x01,0x00
	.byte 0x00,0x00,0x0F,0x84,0x34,0x00,0x00,0x00,0xBF,0x1C,0x00,0x00,0x00,0x49,0x8B,0xB6
	.byte 0x80,0x00,0x00,0x00,0x49,0x89,0x7E,0x58,0x41,0xBB,0x19,0x01,0x00,0x00,0x4D,0x89
	.byte 0x1E,0x48,0x8D,0x05,0x06,0x00,0x00,0x00,0xE9,0xA5,0x4D,0xFF,0xFF,0x90,0x49,0x8B
	.byte 0x4E,0x78,0x49,0x89,0x7E,0x78,0xE9,0x09,0x00,0x00,0x00,0x90,0x49,0x8B,0x4E,0x78
	.byte 0x49,0x89,0x7E,0x78,0xBA,0x08,0x00,0x00,0x00,0x48,0xBF,0xFC,0xFF,0xFF,0xFF,0xFF
	.byte 0xFF,0xFF,0xFF,0x48,0x01,0xCF,0xB8,0x00,0x00,0x00,0x00,0x40,0x0F,0x90,0xC0,0x48
	.byte 0x89,0xCE,0x48,0x09,0xC6,0x48,0x83,0xCE,0xFC,0x48,0xF7,0xC6,0x01,0x00,0x00,0x00
	.byte 0x0F,0x84,0x50,0x00,0x00,0x00,0x48,0xBF,0xFC,0xFF,0xFF,0xFF,0xFF,0xFF,0xFF,0xFF
	.byte 0x48,0x89,0xCE,0x49,0x89,0x7E,0x08,0x4D,0x8B,0x5E,0x78,0x4D,0x89,0x5E,0x58,0x49
	.byte 0x89,0x4E,0x78,0x49,0x89,0x56,0x40,0x41,0xBB,0x1A,0x01,0x00,0x00,0x4D,0x89,0x1E
	.byte 0x48,0x8D,0x05,0x05,0x00,0x00,0x00,0xE9,0x26,0x4D,0xFF,0xFF,0x49,0x8B,0x4E,0x78
	.byte 0x4D,0x8B,0x5E,0x58,0x4D,0x89,0x5E,0x78,0x4D,0x8B,0x5E,0x40,0x4D,0x89,0x5E,0x58
	.byte 0xE9,0x05,0x00,0x00,0x00,0x90,0x49,0x89,0x56,0x58,0x48,0x89,0xF8,0x48,0xD1,0xE8
	.byte 0x48,0x89,0xCE,0x48,0xF7,0xE6,0x48,0x89,0xCE,0x48,0x09,0xF9,0x48,0x83,0xE1,0x01
	.byte 0x48,0x09,0xD1,0x48,0xD1,0xE8,0x48,0x83,0xF9,0x00,0x0F,0x84,0x2A,0x00,0x00,0x00
	.byte 0x49,0x89,0x76,0x08,0x49,0x89,0x7E,0x40,0x41,0xBB,0x1B,0x01,0x00,0x00,0x4D,0x89
	.byte 0x1E,0x48,0x8D,0x05,0x06,0x00,0x00,0x00,0xE9,0xD7,0x4C,0xFF,0xFF,0x90,0x48,0x89
	.byte 0xF8,0x49,0x8B,0x4E,0x58,0xE9,0x04,0x00,0x00,0x00,0x49,0x8B,0x4E,0x58,0x48,0x89
	.byte 0xC6,0x48,0x83,0xCE,0x08,0x48,0x89,0xF7,0x48,0xC1,0xEF,0x3F,0x48,0x09,0xF7,0x48
	.byte 0xF7,0xC7,0x01,0x00,0x00,0x00,0x0F,0x84,0x32,0x00,0x00,0x00,0xBE,0x08,0x00,0x00
	.byte 0x00,0x48,0x89,0xC7,0x49,0x89,0x46,0x40,0x49,0x89,0x76,0x58,0x41,0xBB,0x1C,0x01
	.byte 0x00,0x00,0x4D,0x89,0x1E,0x48,0x8D,0x05,0x06,0x00,0x00,0x00,0xE9,0x8D,0x4C,0xFF
	.byte 0xFF,0x90,0x48,0x89,0xFA,0x49,0x8B,0x76,0x78,0xE9,0x10,0x00,0x00,0x00,0x31,0xD2
	.byte 0x48,0xF7,0xF1,0x48,0x89,0xC2,0x48,0xC1,0xE2,0x02,0x49,0x8B,0x76,0x78,0x48,0x89
	.byte 0xD7,0x48,0x01,0xF7,0xB8,0x00,0x00,0x00,0x00,0x40,0x0F,0x90,0xC0,0x48,0x89,0xF1
	.byte 0x48,0x09,0xD1,0x48,0x09,0xC1,0x48,0xF7,0xC1,0x01,0x00,0x00,0x00,0x0F,0x84,0x2D
	.byte 0x00,0x00,0x00,0x48,0x89,0xD7,0x49,0x89,0x76,0x78,0x49,0x89,0x56,0x58,0x41,0xBB
	.byte 0x1D,0x01,0x00,0x00,0x4D,0x89,0x1E,0x48,0x8D,0x05,0x06,0x00,0x00,0x00,0xE9,0x0F
	.byte 0x4C,0xFF,0xFF,0x90,0x49,0x8B,0xB6,0x80,0x00,0x00,0x00,0xE9,0x08,0x00,0x00,0x00
	.byte 0x49,0x8B,0xB6,0x80,0x00,0x00,0x00,0x90,0x49,0x8B,0x45,0xB8,0x48,0x8B,0x40,0x10
	.byte 0x48,0xD1,0xE7,0x4C,0x01,0xE7,0x48,0xC1,0xE8,0x09,0x48,0x01,0xC7,0x48,0x8B,0x57
	.byte 0x08,0xBF,0x2C,0x00,0x00,0x00,0x48,0x01,0xF7,0xB8,0x00,0x00,0x00,0x00,0x40,0x0F
	.byte 0x90,0xC0,0x49,0x89,0xB6,0x80,0x00,0x00,0x00,0x48,0x09,0xC6,0x48,0x83,0xCE,0x2C
	.byte 0x48,0xF7,0xC6,0x01,0x00,0x00,0x00,0x0F,0x84,0x2F,0x00,0x00,0x00,0xBF,0x2C,0x00
	.byte 0x00,0x00,0x49,0x8B,0xB6,0x80,0x00,0x00,0x00,0x49,0x89,0x56,0x58,0x49,0x89,0x7E
	.byte 0x78,0x41,0xBB,0x1E,0x01,0x00,0x00,0x4D,0x89,0x1E,0x48,0x8D,0x05,0x05,0x00,0x00
	.byte 0x00,0xE9,0x8C,0x4B,0xFF,0xFF,0xE9,0x05,0x00,0x00,0x00,0x90,0x49,0x89,0x56,0x58
	.byte 0xB8,0x0C,0x00,0x00,0x00,0x48,0xF7,0xC7,0x01,0x00,0x00,0x00,0x0F,0x84,0x9C,0x00
	.byte 0x00,0x00,0x48,0xBF,0xFF,0xFF,0xFF,0xFF,0xFF,0xFF,0xFF,0xFF,0x41,0xBB,0x1F,0x01
	.byte 0x00,0x00,0x4D,0x89,0x1E,0x48,0x8D,0x05,0x06,0x00,0x00,0x00,0xE9,0xB7,0x3E,0xFF
	.byte 0xFF,0x90,0x45,0x31,0xDB,0x4D,0x89,0x5E,0x10,0x4D,0x8B,0x5E,0x10,0x4D,0x89,0x9E
	.byte 0x80,0x00,0x00,0x00,0x49,0x8B,0x7E,0x10,0x4D,0x8B,0x5E,0x10,0x4D,0x89,0x5E,0x60
	.byte 0x4D,0x8B,0x5E,0x10,0x4D,0x89,0x5E,0x20,0x4D,0x8B,0x5E,0x10,0x4D,0x89,0x5E,0x70
	.byte 0x4D,0x8B,0x5E,0x10,0x4D,0x89,0x5E,0x30,0x4D,0x8B,0x5E,0x10,0x4D,0x89,0x5E,0x68
	.byte 0x4D,0x8B,0x5E,0x10,0x4D,0x89,0x5E,0x58,0x4D,0x8B,0x5E,0x10,0x4D,0x89,0x5E,0x50
	.byte 0x4D,0x8B,0x5E,0x10,0x4D,0x89,0x5E,0x48,0x4D,0x8B,0x5E,0x10,0x4D,0x89,0x5E,0x40
	.byte 0x4D,0x8B,0x5E,0x10,0x4D,0x89,0x5E,0x38,0x4D,0x8B,0x5E,0x10,0x4D,0x89,0x5E,0x28
	.byte 0x4D,0x8B,0x5E,0x10,0x4D,0x89,0x5E,0x18,0xE9,0x05,0x00,0x00,0x00,0x90,0x49,0x89
	.byte 0x46,0x40,0x49,0x89,0x7E,0x78,0x48,0xC1,0xEF,0x02,0x49,0xBA,0x00,0x00,0x00,0x00
	.byte 0x01,0x00,0x00,0x00,0x4C,0x39,0xD7,0x0F,0x82,0x0F,0x00,0x00,0x00,0x48,0xBF,0xFF
	.byte 0xFF,0xFF,0xFF,0xFF,0xFF,0xFF,0xFF,0xE9,0x08,0x00,0x00,0x00,0x48,0x83,0xC7,0x01
	.byte 0x48,0xC1,0xE7,0x03,0x49,0x8B,0x45,0xD8,0x49,0x8B,0x75,0xF8,0x48,0x29,0xF0,0x48
	.byte 0x39,0xF8,0x0F,0x82,0x44,0x00,0x00,0x00,0x49,0x8B,0x86,0x80,0x00,0x00,0x00,0x49
	.byte 0x8B,0x5E,0x78,0x49,0x8B,0x7E,0x68,0x49,0x8B,0x76,0x58,0x49,0x8B,0x56,0x50,0x49
	.byte 0x8B,0x4E,0x48,0x4D,0x8B,0x5E,0x40,0x4D,0x89,0x5E,0x58,0x4D,0x8B,0x46,0x38,0x4D
	.byte 0x8B,0x5E,0x28,0x4D,0x89,0x5E,0x68,0x4D,0x8B,0x5E,0x18,0x4D,0x89,0x5E,0x28,0x4D
	.byte 0x8B,0x5E,0x10,0x4D,0x89,0x5E,0x48,0xE9,0x56,0x00,0x00,0x00,0x41,0xBB,0x20,0x01
	.byte 0x00,0x00,0x4D,0x89,0x1E,0x48,0x8D,0x05,0x06,0x00,0x00,0x00,0xE9,0x97,0x3D,0xFF
	.byte 0xFF,0x90,0x49,0x8B,0x86,0x80,0x00,0x00,0x00,0x49,0x8B,0x5E,0x78,0x49,0x8B,0x7E
	.byte 0x68,0x49,0x8B,0x76,0x58,0x49,0x8B,0x56,0x50,0x49,0x8B,0x4E,0x48,0x4D,0x8B,0x5E
	.byte 0x40,0x4D,0x89,0x5E,0x58,0x4D,0x8B,0x46,0x38,0x4D,0x8B,0x5E,0x28,0x4D,0x89,0x5E
	.byte 0x68,0x4D,0x8B,0x5E,0x18,0x4D,0x89,0x5E,0x28,0x4D,0x8B,0x5E,0x10,0x4D,0x89,0x5E
	.byte 0x48,0x90,0x4D,0x8B,0x4D,0xF8,0x49,0x89,0xDF,0x49,0xC1,0xE7,0x1E,0x49,0x81,0xCF
	.byte 0xF3,0x01,0x00,0x00,0x49,0x89,0x5E,0x40,0x48,0xC1,0xEB,0x02,0x4D,0x89,0x39,0x49
	.byte 0x89,0x71,0x08,0x4D,0x8B,0x56,0x70,0x4D,0x89,0x51,0x10,0x49,0x89,0x49,0x18,0x49
	.byte 0x89,0x51,0x20,0x4D,0x8B,0x56,0x30,0x4D,0x89,0x51,0x28,0x4D,0x8B,0x56,0x28,0x4D
	.byte 0x89,0x51,0x30,0x4D,0x8B,0x56,0x20,0x4D,0x89,0x51,0x38,0x4D,0x8B,0x56,0x68,0x4D
	.byte 0x89,0x51,0x40,0x49,0x89,0x79,0x48,0x4D,0x8B,0x56,0x48,0x4D,0x89,0x51,0x50,0x4D
	.byte 0x8B,0x56,0x60,0x4D,0x89,0x51,0x58,0x4D,0x89,0xCF,0x4D,0x89,0x8E,0x80,0x00,0x00
	.byte 0x00,0x4D,0x29,0xE7,0x49,0xC1,0xE7,0x09,0x49,0x83,0xCF,0x01,0x49,0x81,0xCF,0xE0
	.byte 0x01,0x00,0x00,0x48,0x83,0xFB,0x0F,0x0F,0x82,0x0F,0x00,0x00,0x00,0x49,0x83,0xCF
	.byte 0x1E,0x49,0x89,0xD9,0x4C,0x89,0xFB,0xE9,0x0A,0x00,0x00,0x00,0x49,0x89,0xD9,0x48
	.byte 0xD1,0xE3,0x4C,0x09,0xFB,0x90,0x49,0xC1,0xE1,0x03,0x4D,0x8B,0xBE,0x80,0x00,0x00
	.byte 0x00,0x4D,0x01,0xF9,0x49,0x83,0xC1,0x08,0x4D,0x89,0x4D,0xF8,0x49,0x83,0xC7,0x60
	.byte 0x4D,0x8B,0x4E,0x58,0x49,0xD1,0xE1,0x4D,0x01,0xE1,0x4D,0x89,0x46,0x18,0x49,0xC1
	.byte 0xE8,0x09,0x4D,0x01,0xC1,0x49,0x83,0xC1,0x08,0x48,0x85,0xC0,0x0F,0x84,0x44,0x00
	.byte 0x00,0x00,0x49,0x89,0x7E,0x50,0x48,0x89,0xC7,0x49,0x89,0x76,0x10,0x4C,0x89,0xCE
	.byte 0x49,0x89,0x56,0x78,0x4C,0x89,0xFA,0x49,0x89,0x4E,0x38,0x48,0x89,0xD9,0x49,0x89
	.byte 0x86,0x80,0x00,0x00,0x00,0x41,0xBB,0x21,0x01,0x00,0x00,0x4D,0x89,0x1E,0x48,0x8D
	.byte 0x05,0x05,0x00,0x00,0x00,0xE9,0xF2,0x4E,0xFF,0xFF,0x49,0x8B,0x86,0x88,0x00,0x00
	.byte 0x00,0xE9,0x0A,0x00,0x00,0x00,0x49,0x8B,0x86,0x88,0x00,0x00,0x00,0x48,0x89,0xDF
	.byte 0x49,0x81,0xC6,0x90,0x00,0x00,0x00,0xFF,0xE0,0x90,0x49,0x81,0xEE,0x88,0x00,0x00
	.byte 0x00,0x4D,0x39,0xEE,0x0F,0x82,0x02,0x3C,0xFF,0xFF,0x4D,0x8B,0x9E,0x88,0x00,0x00
	.byte 0x00,0x4D,0x89,0x9E,0x80,0x00,0x00,0x00,0x4D,0x8B,0x96,0x88,0x00,0x00,0x00,0x49
	.byte 0x89,0x86,0x88,0x00,0x00,0x00,0x4C,0x89,0xD0,0x49,0x89,0x76,0x70,0x49,0x89,0x4E
	.byte 0x78,0x4D,0x89,0x4E,0x68,0x49,0x8B,0x8E,0x90,0x00,0x00,0x00,0x48,0xC1,0xE8,0x09
	.byte 0x4C,0x01,0xE0,0x48,0x8B,0x70,0x10,0x48,0xB8,0xDC,0xFF,0xFF,0xFF,0xFF,0xFF,0xFF
	.byte 0xFF,0x49,0x89,0x86,0x90,0x00,0x00,0x00,0x4D,0x8B,0x9E,0x90,0x00,0x00,0x00,0x49
	.byte 0x01,0xF3,0xB8,0x00,0x00,0x00,0x00,0x40,0x0F,0x90,0xC0,0x4D,0x89,0x9E,0x90,0x00
	.byte 0x00,0x00,0x49,0x89,0xF1,0x49,0x09,0xC1,0x49,0x83,0xC9,0xDC,0x49,0xF7,0xC1,0x01
	.byte 0x00,0x00,0x00,0x0F,0x84,0x67,0x00,0x00,0x00,0x48,0xB8,0xDC,0xFF,0xFF,0xFF,0xFF
	.byte 0xFF,0xFF,0xFF,0x49,0x89,0x7E,0x60,0x48,0x89,0xC7,0x4D,0x8B,0x9E,0x88,0x00,0x00
	.byte 0x00,0x4D,0x89,0x9E,0x90,0x00,0x00,0x00,0x4D,0x8B,0x9E,0x80,0x00,0x00,0x00,0x4D
	.byte 0x89,0x9E,0x88,0x00,0x00,0x00,0x4D,0x89,0xBE,0x80,0x00,0x00,0x00,0x49,0x89,0x46
	.byte 0x38,0x49,0x89,0x4E,0x58,0x4D,0x89,0x46,0x50,0x49,0x89,0x56,0x48,0x49,0x89,0x76
	.byte 0x30,0x49,0x89,0x5E,0x40,0x41,0xBB,0x22,0x01,0x00,0x00,0x4D,0x89,0x1E,0x48,0x8D
	.byte 0x05,0x05,0x00,0x00,0x00,0xE9,0xC8,0x47,0xFF,0xFF,0xE9,0x3F,0x00,0x00,0x00,0x90
	.byte 0x49,0x89,0x7E,0x60,0x49,0x8B,0xBE,0x90,0x00,0x00,0x00,0x4D,0x8B,0x9E,0x88,0x00
	.byte 0x00,0x00,0x4D,0x89,0x9E,0x90,0x00,0x00,0x00,0x4D,0x8B,0x9E,0x80,0x00,0x00,0x00
	.byte 0x4D,0x89,0x9E,0x88,0x00,0x00,0x00,0x4D,0x89,0xBE,0x80,0x00,0x00,0x00,0x49,0x89
	.byte 0x4E,0x58,0x4D,0x89,0x46,0x50,0x49,0x89,0x56,0x48,0x49,0x89,0x5E,0x40,0x31,0xD2
	.byte 0x31,0xC0,0x48,0xF7,0xC7,0x01,0x00,0x00,0x00,0x0F,0x84,0x5B,0x00,0x00,0x00,0x31
	.byte 0xF6,0x49,0x89,0x56,0x30,0x4D,0x8B,0x5E,0x40,0x4D,0x89,0x5E,0x38,0x49,0x89,0x7E
	.byte 0x40,0x41,0xBB,0x23,0x01,0x00,0x00,0x4D,0x89,0x1E,0x48,0x8D,0x05,0x05,0x00,0x00
	.byte 0x00,0xE9,0xC4,0x47,0xFF,0xFF,0x49,0x8B,0xB6,0x88,0x00,0x00,0x00,0x4D,0x8B,0x5E
	.byte 0x58,0x4D,0x89,0x9E,0x88,0x00,0x00,0x00,0x4D,0x8B,0x5E,0x50,0x4D,0x89,0x5E,0x58
	.byte 0x4D,0x8B,0x5E,0x48,0x4D,0x89,0x5E,0x50,0x4D,0x8B,0x5E,0x38,0x4D,0x89,0x5E,0x48
	.byte 0xB8,0x01,0x00,0x00,0x00,0xE9,0x2E,0x00,0x00,0x00,0x49,0x8B,0xB6,0x88,0x00,0x00
	.byte 0x00,0x4D,0x8B,0x5E,0x58,0x4D,0x89,0x9E,0x88,0x00,0x00,0x00,0x4D,0x8B,0x5E,0x50
	.byte 0x4D,0x89,0x5E,0x58,0x4D,0x8B,0x5E,0x48,0x4D,0x89,0x5E,0x50,0x4D,0x8B,0x5E,0x40
	.byte 0x4D,0x89,0x5E,0x48,0x49,0x89,0x7E,0x40,0x48,0x39,0xC7,0x0F,0x8D,0xA9,0x07,0x00
	.byte 0x00,0x48,0x89,0xF0,0x48,0xC1,0xEE,0x09,0x4C,0x01,0xE6,0x48,0x8B,0x7E,0x10,0x48
	.byte 0x83,0xFF,0x14,0x0F,0x8D,0xB7,0x03,0x00,0x00,0x48,0x83,0xFF,0x08,0x0F,0x8D,0xC7
	.byte 0x01,0x00,0x00,0x48,0x83,0xFF,0x04,0x0F,0x8D,0x17,0x01,0x00,0x00,0x48,0x89,0xC6
	.byte 0x48,0xC1,0xE8,0x09,0x4C,0x01,0xE0,0x48,0x8B,0x50,0x08,0x49,0x8B,0xBE,0x88,0x00
	.byte 0x00,0x00,0x4D,0x8B,0x9E,0x80,0x00,0x00,0x00,0x4D,0x89,0x9E,0x88,0x00,0x00,0x00
	.byte 0x4D,0x8B,0x5E,0x78,0x4D,0x89,0x9E,0x80,0x00,0x00,0x00,0x4D,0x8B,0x5E,0x70,0x4D
	.byte 0x89,0x5E,0x78,0x4D,0x8B,0x5E,0x68,0x4D,0x89,0x5E,0x70,0x4D,0x8B,0x5E,0x60,0x4D
	.byte 0x89,0x5E,0x68,0x4D,0x8B,0x5E,0x58,0x4D,0x89,0x5E,0x60,0x4D,0x8B,0x5E,0x50,0x4D
	.byte 0x89,0x5E,0x58,0x4D,0x8B,0x5E,0x48,0x4D,0x89,0x5E,0x50,0x41,0xBB,0x24,0x01,0x00
	.byte 0x00,0x4D,0x89,0x1E,0x48,0x8D,0x05,0x03,0x00,0x00,0x00,0xFF,0xE2,0x90,0x49,0x8B
	.byte 0x8E,0x80,0x00,0x00,0x00,0x49,0x8B,0x76,0x78,0x49,0x8B,0x5E,0x70,0x49,0x8B,0x46
	.byte 0x68,0x4D,0x8B,0x46,0x60,0x49,0x8B,0x56,0x58,0x4D,0x8B,0x7E,0x50,0x49,0x89,0xF9
	.byte 0x48,0xC1,0xEF,0x09,0x4C,0x01,0xE7,0x48,0x8B,0x7F,0x10,0x48,0x83,0xFF,0x1C,0x0F
	.byte 0x85,0x47,0x00,0x00,0x00,0x4C,0x89,0xCF,0x48,0xC1,0xEF,0x09,0x4C,0x01,0xE7,0x48
	.byte 0x8B,0x7F,0x08,0x4D,0x8B,0x96,0x90,0x00,0x00,0x00,0x4D,0x89,0x8E,0x90,0x00,0x00
	.byte 0x00,0x49,0x89,0xD9,0x4C,0x89,0xFB,0x4D,0x8B,0xBE,0x88,0x00,0x00,0x00,0x49,0x89
	.byte 0xBE,0x88,0x00,0x00,0x00,0x48,0x89,0xC7,0x4C,0x89,0xD0,0x4D,0x8B,0x96,0x88,0x00
	.byte 0x00,0x00,0x49,0x81,0xC6,0x90,0x00,0x00,0x00,0x41,0xFF,0xE2,0x48,0x89,0xC7,0x49
	.byte 0x8B,0x86,0x90,0x00,0x00,0x00,0x4D,0x89,0x8E,0x90,0x00,0x00,0x00,0x49,0x89,0xD9
	.byte 0x4C,0x89,0xFB,0x4D,0x8B,0xBE,0x88,0x00,0x00,0x00,0x49,0x83,0xC6,0x08,0xE9,0xB7
	.byte 0xE9,0xFF,0xFF,0x90,0x48,0x89,0xC2,0x48,0xC1,0xE8,0x09,0x4C,0x01,0xE0,0x48,0x8B
	.byte 0x48,0x08,0x49,0x8B,0xBE,0x80,0x00,0x00,0x00,0x49,0x8B,0xB6,0x88,0x00,0x00,0x00
	.byte 0x41,0xBB,0x25,0x01,0x00,0x00,0x4D,0x89,0x1E,0x48,0x8D,0x05,0x02,0x00,0x00,0x00
	.byte 0xFF,0xE1,0x48,0x89,0xF8,0x49,0x8B,0x4E,0x78,0x49,0x8B,0x76,0x70,0x4D,0x8B,0x4E
	.byte 0x68,0x49,0x8B,0x7E,0x60,0x4D,0x8B,0x46,0x58,0x49,0x8B,0x56,0x50,0x49,0x8B,0x5E
	.byte 0x48,0x49,0x89,0xC7,0x48,0xC1,0xE8,0x09,0x4C,0x01,0xE0,0x48,0x8B,0x40,0x10,0x48
	.byte 0x83,0xF8,0x18,0x0F,0x85,0x31,0x00,0x00,0x00,0x4C,0x89,0xF8,0x48,0xC1,0xE8,0x09
	.byte 0x4C,0x01,0xE0,0x48,0x8B,0x40,0x08,0x4D,0x8B,0x96,0x90,0x00,0x00,0x00,0x49,0x89
	.byte 0x86,0x90,0x00,0x00,0x00,0x4C,0x89,0xD0,0x4D,0x8B,0x96,0x90,0x00,0x00,0x00,0x49
	.byte 0x81,0xC6,0x98,0x00,0x00,0x00,0x41,0xFF,0xE2,0x90,0x49,0x8B,0x86,0x90,0x00,0x00
	.byte 0x00,0x49,0x83,0xC6,0x10,0xE9,0xA6,0xD6,0xFF,0xFF,0x48,0x83,0xFF,0x0C,0x0F,0x8D
	.byte 0xA4,0x00,0x00,0x00,0x48,0x89,0xC1,0x48,0xC1,0xE8,0x09,0x4C,0x01,0xE0,0x4C,0x8B
	.byte 0x40,0x08,0x49,0x8B,0x7E,0x48,0x49,0x8B,0xB6,0x80,0x00,0x00,0x00,0x49,0x8B,0x96
	.byte 0x88,0x00,0x00,0x00,0x41,0xBB,0x26,0x01,0x00,0x00,0x4D,0x89,0x1E,0x48,0x8D,0x05
	.byte 0x04,0x00,0x00,0x00,0x41,0xFF,0xE0,0x90,0x49,0x89,0xFF,0x49,0x8B,0x86,0x90,0x00
	.byte 0x00,0x00,0x49,0x8B,0x4E,0x78,0x49,0x8B,0x76,0x70,0x49,0x8B,0x5E,0x68,0x49,0x8B
	.byte 0x7E,0x60,0x4D,0x8B,0x46,0x58,0x49,0x8B,0x56,0x50,0x4D,0x89,0xF9,0x49,0xC1,0xEF
	.byte 0x09,0x4D,0x01,0xE7,0x4D,0x8B,0x7F,0x10,0x49,0x83,0xFF,0x14,0x0F,0x85,0x24,0x00
	.byte 0x00,0x00,0x4D,0x89,0xCF,0x49,0xC1,0xE9,0x09,0x4D,0x01,0xE1,0x4D,0x8B,0x49,0x08
	.byte 0x49,0x89,0xDA,0x4C,0x89,0xFB,0x4D,0x89,0xCF,0x4D,0x89,0xD1,0x49,0x81,0xC6,0x98
	.byte 0x00,0x00,0x00,0x41,0xFF,0xE7,0x49,0x89,0xDA,0x4C,0x89,0xCB,0x4D,0x89,0xD1,0x49
	.byte 0x83,0xC6,0x18,0xE9,0x3C,0xC4,0xFF,0xFF,0x48,0x83,0xFF,0x10,0x0F,0x8D,0x9C,0x00
	.byte 0x00,0x00,0x49,0x89,0xC0,0x48,0xC1,0xE8,0x09,0x4C,0x01,0xE0,0x4C,0x8B,0x48,0x08
	.byte 0x49,0x8B,0x7E,0x68,0x49,0x8B,0x76,0x48,0x49,0x8B,0x96,0x80,0x00,0x00,0x00,0x49
	.byte 0x8B,0x8E,0x88,0x00,0x00,0x00,0x41,0xBB,0x27,0x01,0x00,0x00,0x4D,0x89,0x1E,0x48
	.byte 0x8D,0x05,0x04,0x00,0x00,0x00,0x41,0xFF,0xE1,0x90,0x4D,0x8B,0xBE,0x90,0x00,0x00
	.byte 0x00,0x49,0x8B,0x4E,0x78,0x49,0x8B,0x76,0x70,0x49,0x8B,0x46,0x60,0x4D,0x8B,0x46
	.byte 0x58,0x49,0x8B,0x56,0x50,0x49,0x89,0xF9,0x48,0xC1,0xEF,0x09,0x4C,0x01,0xE7,0x48
	.byte 0x8B,0x7F,0x10,0x48,0x83,0xFF,0x10,0x0F,0x85,0x21,0x00,0x00,0x00,0x4C,0x89,0xCF
	.byte 0x49,0xC1,0xE9,0x09,0x4D,0x01,0xE1,0x49,0x8B,0x59,0x08,0x49,0x89,0xF9,0x48,0x89
	.byte 0xC7,0x4C,0x89,0xF8,0x49,0x81,0xC6,0x98,0x00,0x00,0x00,0xFF,0xE3,0x90,0x48,0x89
	.byte 0xC7,0x4C,0x89,0xF8,0x49,0x83,0xC6,0x20,0xE9,0x4F,0xB2,0xFF,0xFF,0x90,0x49,0x89
	.byte 0xC1,0x48,0xC1,0xE8,0x09,0x4C,0x01,0xE0,0x48,0x8B,0x58,0x08,0x49,0x8B,0x7E,0x58
	.byte 0x49,0x8B,0x76,0x68,0x49,0x8B,0x56,0x48,0x49,0x8B,0x8E,0x80,0x00,0x00,0x00,0x4D
	.byte 0x8B,0x86,0x88,0x00,0x00,0x00,0x41,0xBB,0x28,0x01,0x00,0x00,0x4D,0x89,0x1E,0x48
	.byte 0x8D,0x05,0x02,0x00,0x00,0x00,0xFF,0xE3,0x49,0x89,0xF9,0x49,0x8B,0x86,0x90,0x00
	.byte 0x00,0x00,0x49,0x8B,0x4E,0x78,0x49,0x8B,0x76,0x70,0x49,0x8B,0x7E,0x60,0x49,0x8B
	.byte 0x56,0x50,0x4D,0x89,0xC8,0x49,0xC1,0xE9,0x09,0x4D,0x01,0xE1,0x4D,0x8B,0x49,0x10
	.byte 0x49,0x83,0xF9,0x0C,0x0F,0x85,0x1C,0x00,0x00,0x00,0x4C,0x89,0xC3,0x49,0xC1,0xE8
	.byte 0x09,0x4D,0x01,0xE0,0x4D,0x8B,0x48,0x08,0x49,0x89,0xD8,0x49,0x81,0xC6,0x98,0x00
	.byte 0x00,0x00,0x41,0xFF,0xE1,0x90,0x49,0x83,0xC6,0x28,0xE9,0x7F,0xA1,0xFF,0xFF,0x90
	.byte 0x48,0x83,0xFF,0x1C,0x0F,0x8D,0x4C,0x01,0x00,0x00,0x48,0x83,0xFF,0x18,0x0F,0x8D
	.byte 0x94,0x00,0x00,0x00,0x48,0x89,0xC3,0x48,0xC1,0xE8,0x09,0x4C,0x01,0xE0,0x4C,0x8B
	.byte 0x78,0x08,0x49,0x8B,0x7E,0x78,0x49,0x8B,0x76,0x58,0x49,0x8B,0x56,0x68,0x49,0x8B
	.byte 0x4E,0x48,0x4D,0x8B,0x86,0x80,0x00,0x00,0x00,0x4D,0x8B,0x8E,0x88,0x00,0x00,0x00
	.byte 0x41,0xBB,0x29,0x01,0x00,0x00,0x4D,0x89,0x1E,0x48,0x8D,0x05,0x04,0x00,0x00,0x00
	.byte 0x41,0xFF,0xE7,0x90,0x49,0x89,0xF8,0x49,0x8B,0x86,0x90,0x00,0x00,0x00,0x49,0x8B
	.byte 0x76,0x70,0x49,0x8B,0x7E,0x60,0x49,0x8B,0x56,0x50,0x4C,0x89,0xC1,0x49,0xC1,0xE8
	.byte 0x09,0x4D,0x01,0xE0,0x4D,0x8B,0x40,0x10,0x49,0x83,0xF8,0x08,0x0F,0x85,0x1C,0x00
	.byte 0x00,0x00,0x49,0x89,0xC9,0x48,0xC1,0xE9,0x09,0x4C,0x01,0xE1,0x4C,0x8B,0x41,0x08
	.byte 0x4C,0x89,0xC9,0x49,0x81,0xC6,0x98,0x00,0x00,0x00,0x41,0xFF,0xE0,0x90,0x49,0x83
	.byte 0xC6,0x30,0xE9,0x03,0x91,0xFF,0xFF,0x90,0x49,0x89,0xC7,0x48,0xC1,0xE8,0x09,0x4C
	.byte 0x01,0xE0,0x48,0x8B,0x40,0x08,0x49,0x8B,0x7E,0x50,0x49,0x8B,0x76,0x78,0x49,0x8B
	.byte 0x56,0x58,0x49,0x8B,0x4E,0x68,0x4D,0x8B,0x46,0x48,0x4D,0x8B,0x8E,0x80,0x00,0x00
	.byte 0x00,0x49,0x8B,0x9E,0x88,0x00,0x00,0x00,0x4D,0x8B,0x9E,0x90,0x00,0x00,0x00,0x4D
	.byte 0x89,0x9E,0x88,0x00,0x00,0x00,0x49,0x89,0x86,0x90,0x00,0x00,0x00,0x4D,0x8B,0x96
	.byte 0x90,0x00,0x00,0x00,0x41,0xBB,0x2A,0x01,0x00,0x00,0x4D,0x89,0x1E,0x48,0x8D,0x05
	.byte 0x04,0x00,0x00,0x00,0x41,0xFF,0xE2,0x90,0x49,0x8B,0x86,0x88,0x00,0x00,0x00,0x49
	.byte 0x8B,0x76,0x70,0x4D,0x8B,0x46,0x60,0x48,0x89,0xFA,0x48,0xC1,0xEF,0x09,0x4C,0x01
	.byte 0xE7,0x48,0x8B,0x7F,0x10,0x48,0x83,0xFF,0x04,0x0F,0x85,0x1B,0x00,0x00,0x00,0x48
	.byte 0x89,0xD7,0x48,0xC1,0xEF,0x09,0x4C,0x01,0xE7,0x48,0x8B,0x4F,0x08,0x4C,0x89,0xC7
	.byte 0x49,0x81,0xC6,0x98,0x00,0x00,0x00,0xFF,0xE1,0x90,0x4C,0x89,0xC7,0x49,0x83,0xC6
	.byte 0x38,0xE9,0x14,0x81,0xFF,0xFF,0x48,0x83,0xFF,0x20,0x0F,0x8D,0xCA,0x00,0x00,0x00
	.byte 0x48,0x89,0xC7,0x48,0xC1,0xE8,0x09,0x4C,0x01,0xE0,0x48,0x8B,0x40,0x08,0x49,0x8B
	.byte 0x9E,0x80,0x00,0x00,0x00,0x4D,0x8B,0x9E,0x90,0x00,0x00,0x00,0x4D,0x89,0x9E,0x80
	.byte 0x00,0x00,0x00,0x49,0x89,0xBE,0x90,0x00,0x00,0x00,0x49,0x8B,0x7E,0x70,0x49,0x8B
	.byte 0x76,0x50,0x49,0x8B,0x56,0x78,0x49,0x8B,0x4E,0x58,0x4D,0x8B,0x46,0x68,0x4D,0x8B
	.byte 0x4E,0x48,0x4D,0x8B,0xBE,0x88,0x00,0x00,0x00,0x49,0x89,0x86,0x88,0x00,0x00,0x00
	.byte 0x4D,0x8B,0x96,0x88,0x00,0x00,0x00,0x41,0xBB,0x2B,0x01,0x00,0x00,0x4D,0x89,0x1E
	.byte 0x49,0x83,0xEE,0x08,0x4D,0x39,0xEE,0x0F,0x82,0x9F,0x34,0xFF,0xFF,0x4D,0x8B,0x9E
	.byte 0x98,0x00,0x00,0x00,0x4D,0x89,0x1E,0x48,0x8D,0x05,0x04,0x00,0x00,0x00,0x41,0xFF
	.byte 0xE2,0x90,0x48,0x89,0xFA,0x49,0x8B,0x86,0x80,0x00,0x00,0x00,0x49,0x8B,0x7E,0x60
	.byte 0x48,0x89,0xD6,0x48,0xC1,0xEA,0x09,0x4C,0x01,0xE2,0x48,0x8B,0x52,0x10,0x48,0x83
	.byte 0xFA,0x00,0x0F,0x85,0x18,0x00,0x00,0x00,0x48,0x89,0xF2,0x48,0xC1,0xEA,0x09,0x4C
	.byte 0x01,0xE2,0x48,0x8B,0x52,0x08,0x49,0x81,0xC6,0x98,0x00,0x00,0x00,0xFF,0xE2,0x90
	.byte 0x49,0x83,0xC6,0x48,0xE9,0x59,0x72,0xFF,0xFF,0x90,0x48,0x83,0xFF,0x24,0x0F,0x8D
	.byte 0xD2,0x00,0x00,0x00,0x48,0x89,0xC7,0x48,0xC1,0xE8,0x09,0x4C,0x01,0xE0,0x48,0x8B
	.byte 0x40,0x08,0x49,0x8B,0x4E,0x78,0x4D,0x8B,0x9E,0x90,0x00,0x00,0x00,0x4D,0x89,0x5E
	.byte 0x78,0x4D,0x8B,0x9E,0x88,0x00,0x00,0x00,0x4D,0x89,0x9E,0x90,0x00,0x00,0x00,0x49
	.byte 0x89,0xBE,0x88,0x00,0x00,0x00,0x49,0x8B,0x7E,0x60,0x49,0x8B,0x76,0x70,0x49,0x8B
	.byte 0x56,0x50,0x4D,0x8B,0x46,0x58,0x4D,0x8B,0x4E,0x68,0x49,0x8B,0x5E,0x48,0x4D,0x8B
	.byte 0xBE,0x80,0x00,0x00,0x00,0x49,0x89,0x86,0x80,0x00,0x00,0x00,0x4D,0x8B,0x96,0x80
	.byte 0x00,0x00,0x00,0x41,0xBB,0x2C,0x01,0x00,0x00,0x4D,0x89,0x1E,0x49,0x83,0xEE,0x10
	.byte 0x4D,0x39,0xEE,0x0F,0x82,0xC3,0x33,0xFF,0xFF,0x4D,0x8B,0x9E,0xA0,0x00,0x00,0x00
	.byte 0x4D,0x89,0x5E,0x08,0x4D,0x8B,0x9E,0x98,0x00,0x00,0x00,0x4D,0x89,0x1E,0x48,0x8D
	.byte 0x05,0x03,0x00,0x00,0x00,0x41,0xFF,0xE2,0x49,0x8B,0x46,0x78,0x48,0x89,0xFE,0x48
	.byte 0xC1,0xEE,0x09,0x4C,0x01,0xE6,0x48,0x8B,0x76,0x10,0x48,0x83,0xFE,0x00,0x0F,0x85
	.byte 0x18,0x00,0x00,0x00,0x48,0x89,0xFE,0x48,0xC1,0xEE,0x09,0x4C,0x01,0xE6,0x48,0x8B
	.byte 0x76,0x08,0x49,0x81,0xC6,0x98,0x00,0x00,0x00,0xFF,0xE6,0x90,0x49,0x83,0xC6,0x48
	.byte 0xE9,0x7D,0x71,0xFF,0xFF,0x90,0x48,0x89,0xC7,0x48,0xC1,0xE8,0x09,0x4C,0x01,0xE0
	.byte 0x48,0x8B,0x40,0x08,0x49,0x8B,0x56,0x70,0x4D,0x8B,0x9E,0x90,0x00,0x00,0x00,0x4D
	.byte 0x89,0x5E,0x70,0x4D,0x8B,0x9E,0x80,0x00,0x00,0x00,0x4D,0x89,0x9E,0x90,0x00,0x00
	.byte 0x00,0x49,0x89,0xBE,0x80,0x00,0x00,0x00,0x49,0x8B,0x7E,0x40,0x49,0x8B,0x76,0x60
	.byte 0x49,0x8B,0x4E,0x50,0x4D,0x8B,0x46,0x78,0x4D,0x8B,0x4E,0x58,0x49,0x8B,0x5E,0x68
	.byte 0x4D,0x8B,0x7E,0x48,0x49,0x89,0x46,0x78,0x4D,0x8B,0x56,0x78,0x41,0xBB,0x2D,0x01
	.byte 0x00,0x00,0x4D,0x89,0x1E,0x49,0x83,0xEE,0x18,0x4D,0x39,0xEE,0x0F,0x82,0xFA,0x32
	.byte 0xFF,0xFF,0x4D,0x8B,0x9E,0xA8,0x00,0x00,0x00,0x4D,0x89,0x5E,0x10,0x4D,0x8B,0x9E
	.byte 0xA0,0x00,0x00,0x00,0x4D,0x89,0x5E,0x08,0x4D,0x8B,0x9E,0x98,0x00,0x00,0x00,0x4D
	.byte 0x89,0x1E,0x48,0x8D,0x05,0x03,0x00,0x00,0x00,0x41,0xFF,0xE2,0x49,0x8B,0x46,0x70
	.byte 0x48,0x89,0xFE,0x48,0xC1,0xEE,0x09,0x4C,0x01,0xE6,0x48,0x8B,0x76,0x10,0x48,0x83
	.byte 0xFE,0x00,0x0F,0x85,0x18,0x00,0x00,0x00,0x48,0x89,0xFE,0x48,0xC1,0xEE,0x09,0x4C
	.byte 0x01,0xE6,0x48,0x8B,0x76,0x08,0x49,0x81,0xC6,0x98,0x00,0x00,0x00,0xFF,0xE6,0x90
	.byte 0x49,0x83,0xC6,0x48,0xE9,0xA9,0x70,0xFF,0xFF,0x90,0x48,0xF7,0xC6,0x01,0x00,0x00
	.byte 0x00,0x0F,0x84,0x1F,0x00,0x00,0x00,0x48,0x89,0xF0,0x48,0xC1,0xEE,0x09,0x4C,0x01
	.byte 0xE6,0x48,0x8B,0x36,0x48,0xBF,0xFE,0xFF,0xFF,0xFF,0x00,0x00,0x00,0x00,0x48,0x21
	.byte 0xFE,0xE9,0x04,0x00,0x00,0x00,0x48,0x89,0xF0,0x90,0x48,0x81,0xFE,0xE2,0x01,0x00
	.byte 0x00,0x0F,0x85,0xC7,0x03,0x00,0x00,0x49,0x89,0x46,0x38,0x48,0xC1,0xE8,0x09,0x4C
	.byte 0x01,0xE0,0x48,0x8B,0x48,0x10,0xBA,0x08,0x00,0x00,0x00,0x48,0xBF,0xFC,0xFF,0xFF
	.byte 0xFF,0xFF,0xFF,0xFF,0xFF,0x48,0x01,0xCF,0xB8,0x00,0x00,0x00,0x00,0x40,0x0F,0x90
	.byte 0xC0,0x48,0x89,0xCE,0x48,0x09,0xC6,0x48,0x83,0xCE,0xFC,0x48,0xF7,0xC6,0x01,0x00
	.byte 0x00,0x00,0x0F,0x84,0x7C,0x00,0x00,0x00,0x48,0xBF,0xFC,0xFF,0xFF,0xFF,0xFF,0xFF
	.byte 0xFF,0xFF,0x48,0x89,0xCE,0x4D,0x8B,0x5E,0x50,0x4D,0x89,0x5E,0x30,0x4D,0x8B,0x5E
	.byte 0x58,0x4D,0x89,0x5E,0x50,0x4D,0x8B,0x9E,0x88,0x00,0x00,0x00,0x4D,0x89,0x5E,0x58
	.byte 0x49,0x89,0x8E,0x88,0x00,0x00,0x00,0x49,0x89,0x7E,0x20,0x4D,0x8B,0x5E,0x48,0x4D
	.byte 0x89,0x5E,0x28,0x49,0x89,0x56,0x48,0x41,0xBB,0x2E,0x01,0x00,0x00,0x4D,0x89,0x1E
	.byte 0x48,0x8D,0x05,0x05,0x00,0x00,0x00,0xE9,0x66,0x3E,0xFF,0xFF,0x49,0x8B,0x8E,0x88
	.byte 0x00,0x00,0x00,0x4D,0x8B,0x5E,0x38,0x4D,0x89,0x9E,0x88,0x00,0x00,0x00,0x4D,0x8B
	.byte 0x5E,0x30,0x4D,0x89,0x5E,0x38,0x4D,0x8B,0x5E,0x28,0x4D,0x89,0x5E,0x30,0xE9,0x33
	.byte 0x00,0x00,0x00,0x90,0x4D,0x8B,0x56,0x38,0x4D,0x8B,0x5E,0x50,0x4D,0x89,0x5E,0x38
	.byte 0x4D,0x8B,0x5E,0x58,0x4D,0x89,0x5E,0x50,0x4D,0x8B,0x9E,0x88,0x00,0x00,0x00,0x4D
	.byte 0x89,0x5E,0x58,0x4D,0x89,0x96,0x88,0x00,0x00,0x00,0x4D,0x8B,0x5E,0x48,0x4D,0x89
	.byte 0x5E,0x30,0x49,0x89,0x56,0x48,0x49,0x89,0xF8,0x48,0xD1,0xEF,0x48,0x89,0xF8,0x48
	.byte 0x89,0xCE,0x48,0xF7,0xE6,0x48,0x89,0xCE,0x4C,0x09,0xC1,0x48,0x83,0xE1,0x01,0x48
	.byte 0x09,0xD1,0x48,0x89,0xC7,0x48,0xD1,0xEF,0x48,0x83,0xF9,0x00,0x0F,0x84,0x5E,0x00
	.byte 0x00,0x00,0x4C,0x89,0xC7,0x4D,0x8B,0x96,0x80,0x00,0x00,0x00,0x4D,0x8B,0x5E,0x70
	.byte 0x4D,0x89,0x9E,0x80,0x00,0x00,0x00,0x4D,0x8B,0x9E,0x88,0x00,0x00,0x00,0x4D,0x89
	.byte 0x5E,0x70,0x4D,0x89,0x96,0x88,0x00,0x00,0x00,0x49,0x89,0x76,0x20,0x4D,0x89,0x46
	.byte 0x28,0x41,0xBB,0x2F,0x01,0x00,0x00,0x4D,0x89,0x1E,0x48,0x8D,0x05,0x05,0x00,0x00
	.byte 0x00,0xE9,0xAE,0x3D,0xFF,0xFF,0x49,0x8B,0x4E,0x48,0x4D,0x8B,0x5E,0x40,0x4D,0x89
	.byte 0x5E,0x48,0x4D,0x8B,0x5E,0x38,0x4D,0x89,0x5E,0x40,0xE9,0x39,0x00,0x00,0x00,0x90
	.byte 0x4D,0x8B,0x96,0x80,0x00,0x00,0x00,0x4D,0x8B,0x5E,0x70,0x4D,0x89,0x9E,0x80,0x00
	.byte 0x00,0x00,0x4D,0x8B,0x9E,0x88,0x00,0x00,0x00,0x4D,0x89,0x5E,0x70,0x4D,0x89,0x96
	.byte 0x88,0x00,0x00,0x00,0x49,0x8B,0x4E,0x48,0x4D,0x8B,0x5E,0x40,0x4D,0x89,0x5E,0x48
	.byte 0x4D,0x8B,0x5E,0x38,0x4D,0x89,0x5E,0x40,0x48,0x89,0xF8,0x48,0x83,0xCF,0x08,0x48
	.byte 0x89,0xFE,0x48,0xC1,0xEE,0x3F,0x48,0x09,0xFE,0x48,0xF7,0xC6,0x01,0x00,0x00,0x00
	.byte 0x0F,0x84,0x2E,0x00,0x00,0x00,0xBE,0x08,0x00,0x00,0x00,0x48,0x89,0xC7,0x49,0x89
	.byte 0x46,0x38,0x49,0x89,0x76,0x28,0x41,0xBB,0x30,0x01,0x00,0x00,0x4D,0x89,0x1E,0x48
	.byte 0x8D,0x05,0x06,0x00,0x00,0x00,0xE9,0x23,0x3D,0xFF,0xFF,0x90,0x48,0x89,0xFE,0xE9
	.byte 0x0C,0x00,0x00,0x00,0x31,0xD2,0x48,0xF7,0xF1,0x48,0x89,0xC6,0x48,0xC1,0xE6,0x02
	.byte 0xBF,0x20,0x00,0x00,0x00,0x48,0x01,0xF7,0xB8,0x00,0x00,0x00,0x00,0x40,0x0F,0x90
	.byte 0xC0,0x48,0x89,0xF2,0x48,0x09,0xC2,0x48,0x83,0xCA,0x20,0x48,0xF7,0xC2,0x01,0x00
	.byte 0x00,0x00,0x0F,0x84,0x2C,0x00,0x00,0x00,0xBF,0x20,0x00,0x00,0x00,0x49,0x89,0x7E
	.byte 0x38,0x49,0x89,0x76,0x28,0x41,0xBB,0x31,0x01,0x00,0x00,0x4D,0x89,0x1E,0x48,0x8D
	.byte 0x05,0x05,0x00,0x00,0x00,0xE9,0xA8,0x3C,0xFF,0xFF,0x49,0x89,0x7E,0x38,0xE9,0x05
	.byte 0x00,0x00,0x00,0x90,0x49,0x89,0x7E,0x38,0x49,0x8B,0x45,0xD8,0x49,0x8B,0x7D,0xF8
	.byte 0x48,0x29,0xF8,0x48,0x83,0xF8,0x68,0x0F,0x82,0x4D,0x00,0x00,0x00,0x49,0x8B,0x96
	.byte 0x88,0x00,0x00,0x00,0x49,0x8B,0xBE,0x80,0x00,0x00,0x00,0x4D,0x8B,0x4E,0x70,0x4D
	.byte 0x8B,0x5E,0x68,0x4D,0x89,0x9E,0x88,0x00,0x00,0x00,0x4D,0x8B,0x5E,0x60,0x4D,0x89
	.byte 0x5E,0x68,0x49,0x8B,0x4E,0x58,0x4D,0x8B,0x5E,0x50,0x4D,0x89,0x9E,0x80,0x00,0x00
	.byte 0x00,0x4D,0x8B,0x46,0x48,0x4D,0x8B,0x5E,0x40,0x4D,0x89,0x5E,0x70,0x49,0x8B,0x5E
	.byte 0x38,0x49,0x8B,0x76,0x30,0xE9,0x62,0x00,0x00,0x00,0xBF,0x68,0x00,0x00,0x00,0x41
	.byte 0xBB,0x32,0x01,0x00,0x00,0x4D,0x89,0x1E,0x48,0x8D,0x05,0x05,0x00,0x00,0x00,0xE9
	.byte 0x84,0x2F,0xFF,0xFF,0x49,0x8B,0x96,0x88,0x00,0x00,0x00,0x49,0x8B,0xBE,0x80,0x00
	.byte 0x00,0x00,0x4D,0x8B,0x4E,0x70,0x4D,0x8B,0x5E,0x68,0x4D,0x89,0x9E,0x88,0x00,0x00
	.byte 0x00,0x4D,0x8B,0x5E,0x60,0x4D,0x89,0x5E,0x68,0x49,0x8B,0x4E,0x58,0x4D,0x8B,0x5E
	.byte 0x50,0x4D,0x89,0x9E,0x80,0x00,0x00,0x00,0x4D,0x8B,0x46,0x48,0x4D,0x8B,0x5E,0x40
	.byte 0x4D,0x89,0x5E,0x70,0x49,0x8B,0x5E,0x38,0x49,0x8B,0x76,0x30,0x49,0x8B,0x45,0xB8
	.byte 0x48,0x8B,0x40,0x10,0x48,0xD1,0xE3,0x4C,0x01,0xE3,0x48,0xC1,0xE8,0x09,0x48,0x01
	.byte 0xC3,0x48,0x8B,0x43,0x08,0x49,0x8B,0x5D,0xF8,0x49,0xBF,0xF3,0x01,0x00,0x00,0x0C
	.byte 0x00,0x00,0x00,0x4C,0x89,0x3B,0x48,0x89,0x43,0x08,0x4C,0x89,0x43,0x10,0x4C,0x89
	.byte 0x4B,0x18,0x4D,0x8B,0x56,0x68,0x4C,0x89,0x53,0x20,0x48,0x89,0x7B,0x28,0x4D,0x8B
	.byte 0x56,0x70,0x4C,0x89,0x53,0x30,0x48,0x89,0xD8,0x4D,0x8B,0x56,0x78,0x4C,0x89,0x50
	.byte 0x38,0x4D,0x8B,0x96,0x80,0x00,0x00,0x00,0x4C,0x89,0x50,0x40,0x4D,0x8B,0x96,0x88
	.byte 0x00,0x00,0x00,0x4C,0x89,0x50,0x48,0x48,0x89,0x70,0x50,0x48,0x89,0x50,0x58,0x48
	.byte 0x89,0x48,0x60,0x48,0x89,0xC7,0x4C,0x29,0xE7,0x48,0xC1,0xE7,0x09,0x48,0x81,0xCF
	.byte 0xF9,0x01,0x00,0x00,0x48,0x83,0xC0,0x68,0x49,0x89,0x45,0xF8,0x4D,0x8B,0x9E,0x90
	.byte 0x00,0x00,0x00,0x49,0x81,0xC6,0x98,0x00,0x00,0x00,0x41,0xFF,0xE3,0x90,0x48,0xA9
	.byte 0x01,0x00,0x00,0x00,0x0F,0x84,0x1C,0x00,0x00,0x00,0x49,0x89,0x46,0x38,0x48,0xC1
	.byte 0xE8,0x09,0x4C,0x01,0xE0,0x48,0x8B,0x30,0x48,0xC1,0xEE,0x20,0x48,0xC1,0xE6,0x02
	.byte 0xE9,0x07,0x00,0x00,0x00,0x90,0x31,0xF6,0x49,0x89,0x46,0x38,0x48,0xBF,0xF4,0xFF
	.byte 0xFF,0xFF,0xFF,0xFF,0xFF,0xFF,0x48,0x01,0xF7,0xB8,0x00,0x00,0x00,0x00,0x40,0x0F
	.byte 0x90,0xC0,0x48,0x89,0xF2,0x48,0x09,0xC2,0x48,0x83,0xCA,0xF4,0x48,0xF7,0xC2,0x01
	.byte 0x00,0x00,0x00,0x0F,0x84,0x59,0x00,0x00,0x00,0x48,0xBF,0xF4,0xFF,0xFF,0xFF,0xFF
	.byte 0xFF,0xFF,0xFF,0x49,0x89,0x7E,0x28,0x4D,0x8B,0x96,0x88,0x00,0x00,0x00,0x4D,0x8B
	.byte 0x5E,0x40,0x4D,0x89,0x9E,0x88,0x00,0x00,0x00,0x4D,0x89,0x56,0x40,0x49,0x89,0x76
	.byte 0x30,0x41,0xBB,0x33,0x01,0x00,0x00,0x4D,0x89,0x1E,0x48,0x8D,0x05,0x05,0x00,0x00
	.byte 0x00,0xE9,0x9C,0x3A,0xFF,0xFF,0x49,0x8B,0x46,0x38,0x4D,0x8B,0x5E,0x58,0x4D,0x89
	.byte 0x5E,0x38,0x49,0x8B,0xB6,0x88,0x00,0x00,0x00,0x49,0x89,0x7E,0x58,0xE9,0x20,0x00
	.byte 0x00,0x00,0x49,0x8B,0x46,0x38,0x4D,0x8B,0x5E,0x58,0x4D,0x89,0x5E,0x38,0x49,0x89
	.byte 0x7E,0x58,0x49,0x8B,0x76,0x40,0x4D,0x8B,0x9E,0x88,0x00,0x00,0x00,0x4D,0x89,0x5E
	.byte 0x40,0x90,0x49,0x89,0x86,0x88,0x00,0x00,0x00,0x48,0xC1,0xE8,0x09,0x4C,0x01,0xE0
	.byte 0x48,0x8B,0x50,0x18,0xBF,0x24,0x00,0x00,0x00,0x48,0x01,0xF7,0xB8,0x00,0x00,0x00
	.byte 0x00,0x40,0x0F,0x90,0xC0,0x49,0x89,0x76,0x30,0x48,0x09,0xC6,0x48,0x83,0xCE,0x24
	.byte 0x48,0xF7,0xC6,0x01,0x00,0x00,0x00,0x0F,0x84,0x75,0x00,0x00,0x00,0xBF,0x24,0x00
	.byte 0x00,0x00,0x49,0x8B,0x76,0x30,0x4D,0x8B,0x5E,0x48,0x4D,0x89,0x5E,0x18,0x4D,0x8B
	.byte 0x5E,0x78,0x4D,0x89,0x5E,0x48,0x4D,0x8B,0x9E,0x88,0x00,0x00,0x00,0x4D,0x89,0x5E
	.byte 0x78,0x4D,0x8B,0x9E,0x80,0x00,0x00,0x00,0x4D,0x89,0x9E,0x88,0x00,0x00,0x00,0x4D
	.byte 0x8B,0x56,0x70,0x4D,0x8B,0x5E,0x68,0x4D,0x89,0x5E,0x70,0x4D,0x89,0x56,0x68,0x49
	.byte 0x89,0x56,0x28,0x4D,0x8B,0x5E,0x50,0x4D,0x89,0x5E,0x20,0x49,0x89,0xBE,0x80,0x00
	.byte 0x00,0x00,0x41,0xBB,0x34,0x01,0x00,0x00,0x4D,0x89,0x1E,0x48,0x8D,0x05,0x06,0x00
	.byte 0x00,0x00,0xE9,0xBB,0x39,0xFF,0xFF,0x90,0x49,0x8B,0x76,0x58,0xE9,0x4B,0x00,0x00
	.byte 0x00,0x90,0x4D,0x8B,0x5E,0x48,0x4D,0x89,0x5E,0x18,0x4D,0x8B,0x5E,0x78,0x4D,0x89
	.byte 0x5E,0x48,0x4D,0x8B,0x9E,0x88,0x00,0x00,0x00,0x4D,0x89,0x5E,0x78,0x4D,0x8B,0x9E
	.byte 0x80,0x00,0x00,0x00,0x4D,0x89,0x9E,0x88,0x00,0x00,0x00,0x4D,0x8B,0x56,0x70,0x4D
	.byte 0x8B,0x5E,0x68,0x4D,0x89,0x5E,0x70,0x4D,0x89,0x56,0x68,0x49,0x89,0x56,0x28,0x49
	.byte 0x8B,0x76,0x58,0x4D,0x8B,0x5E,0x50,0x4D,0x89,0x5E,0x20,0x90,0x48,0x89,0xF9,0x48
	.byte 0x01,0xF1,0xB8,0x00,0x00,0x00,0x00,0x40,0x0F,0x90,0xC0,0x48,0x89,0xF2,0x48,0x09
	.byte 0xFA,0x48,0x09,0xC2,0x48,0xF7,0xC2,0x01,0x00,0x00,0x00,0x0F,0x84,0x35,0x00,0x00
	.byte 0x00,0x49,0x89,0x7E,0x58,0x49,0x89,0xB6,0x80,0x00,0x00,0x00,0x41,0xBB,0x35,0x01
	.byte 0x00,0x00,0x4D,0x89,0x1E,0x48,0x8D,0x05,0x06,0x00,0x00,0x00,0xE9,0x21,0x39,0xFF
	.byte 0xFF,0x90,0x49,0x8B,0xB6,0x80,0x00,0x00,0x00,0x49,0x89,0xBE,0x80,0x00,0x00,0x00
	.byte 0xE9,0x09,0x00,0x00,0x00,0x90,0x49,0x89,0x8E,0x80,0x00,0x00,0x00,0x90,0xBF,0x20
	.byte 0x00,0x00,0x00,0x48,0x01,0xF7,0xB8,0x00,0x00,0x00,0x00,0x40,0x0F,0x90,0xC0,0x49
	.byte 0x89,0x76,0x58,0x48,0x09,0xC6,0x48,0x83,0xCE,0x20,0x48,0xF7,0xC6,0x01,0x00,0x00
	.byte 0x00,0x0F,0x84,0x33,0x00,0x00,0x00,0xBF,0x20,0x00,0x00,0x00,0x49,0x8B,0x76,0x58
	.byte 0x49,0x89,0x7E,0x50,0x41,0xBB,0x36,0x01,0x00,0x00,0x4D,0x89,0x1E,0x48,0x8D,0x05
	.byte 0x06,0x00,0x00,0x00,0xE9,0xB9,0x38,0xFF,0xFF,0x90,0x49,0x8B,0x8E,0x80,0x00,0x00
	.byte 0x00,0x49,0x89,0x7E,0x50,0xE9,0x0C,0x00,0x00,0x00,0x49,0x89,0x7E,0x50,0x49,0x8B
	.byte 0x8E,0x80,0x00,0x00,0x00,0x90,0xBA,0x08,0x00,0x00,0x00,0x48,0xBF,0xFC,0xFF,0xFF
	.byte 0xFF,0xFF,0xFF,0xFF,0xFF,0x48,0x01,0xCF,0xB8,0x00,0x00,0x00,0x00,0x40,0x0F,0x90
	.byte 0xC0,0x48,0x89,0xCE,0x48,0x09,0xC6,0x48,0x83,0xCE,0xFC,0x48,0xF7,0xC6,0x01,0x00
	.byte 0x00,0x00,0x0F,0x84,0x4C,0x00,0x00,0x00,0x48,0xBF,0xFC,0xFF,0xFF,0xFF,0xFF,0xFF
	.byte 0xFF,0xFF,0x48,0x89,0xCE,0x49,0x89,0x96,0x80,0x00,0x00,0x00,0x49,0x89,0x7E,0x08
	.byte 0x4D,0x8B,0x5E,0x50,0x4D,0x89,0x5E,0x10,0x49,0x89,0x4E,0x50,0x41,0xBB,0x37,0x01
	.byte 0x00,0x00,0x4D,0x89,0x1E,0x48,0x8D,0x05,0x06,0x00,0x00,0x00,0xE9,0x31,0x38,0xFF
	.byte 0xFF,0x90,0x49,0x8B,0x4E,0x50,0x4D,0x8B,0x5E,0x10,0x4D,0x89,0x5E,0x50,0xE9,0x09
	.byte 0x00,0x00,0x00,0x90,0x49,0x89,0x96,0x80,0x00,0x00,0x00,0x90,0x48,0x89,0xF8,0x48
	.byte 0xD1,0xE8,0x48,0x89,0xCE,0x48,0xF7,0xE6,0x48,0x89,0xCE,0x48,0x09,0xF9,0x48,0x83
	.byte 0xE1,0x01,0x48,0x09,0xD1,0x48,0xD1,0xE8,0x48,0x83,0xF9,0x00,0x0F,0x84,0x48,0x00
	.byte 0x00,0x00,0x49,0x89,0x7E,0x08,0x49,0x89,0x76,0x10,0x41,0xBB,0x38,0x01,0x00,0x00
	.byte 0x4D,0x89,0x1E,0x48,0x8D,0x05,0x06,0x00,0x00,0x00,0xE9,0xE5,0x37,0xFF,0xFF,0x90
	.byte 0x48,0x89,0xF8,0x49,0x8B,0x8E,0x80,0x00,0x00,0x00,0x4D,0x8B,0x5E,0x78,0x4D,0x89
	.byte 0x9E,0x80,0x00,0x00,0x00,0x4D,0x8B,0x5E,0x58,0x4D,0x89,0x5E,0x78,0x4D,0x8B,0x5E
	.byte 0x50,0x4D,0x89,0x5E,0x58,0xE9,0x22,0x00,0x00,0x00,0x49,0x8B,0x8E,0x80,0x00,0x00
	.byte 0x00,0x4D,0x8B,0x5E,0x78,0x4D,0x89,0x9E,0x80,0x00,0x00,0x00,0x4D,0x8B,0x5E,0x58
	.byte 0x4D,0x89,0x5E,0x78,0x4D,0x8B,0x5E,0x50,0x4D,0x89,0x5E,0x58,0x48,0x89,0xC6,0x48
	.byte 0x83,0xCE,0x08,0x48,0x89,0xF7,0x48,0xC1,0xEF,0x3F,0x48,0x09,0xF7,0x48,0xF7,0xC7
	.byte 0x01,0x00,0x00,0x00,0x0F,0x84,0x32,0x00,0x00,0x00,0xBE,0x08,0x00,0x00,0x00,0x48
	.byte 0x89,0xC7,0x49,0x89,0x76,0x10,0x49,0x89,0x46,0x50,0x41,0xBB,0x39,0x01,0x00,0x00
	.byte 0x4D,0x89,0x1E,0x48,0x8D,0x05,0x06,0x00,0x00,0x00,0xE9,0x5F,0x37,0xFF,0xFF,0x90
	.byte 0x48,0x89,0xFA,0x49,0x8B,0x76,0x58,0xE9,0x10,0x00,0x00,0x00,0x31,0xD2,0x48,0xF7
	.byte 0xF1,0x48,0x89,0xC2,0x48,0xC1,0xE2,0x02,0x49,0x8B,0x76,0x58,0x48,0x89,0xD7,0x48
	.byte 0x01,0xF7,0xB8,0x00,0x00,0x00,0x00,0x40,0x0F,0x90,0xC0,0x48,0x89,0xF1,0x48,0x09
	.byte 0xD1,0x48,0x09,0xC1,0x48,0xF7,0xC1,0x01,0x00,0x00,0x00,0x0F,0x84,0x2B,0x00,0x00
	.byte 0x00,0x48,0x89,0xD7,0x49,0x89,0x56,0x50,0x49,0x89,0x76,0x58,0x41,0xBB,0x3A,0x01
	.byte 0x00,0x00,0x4D,0x89,0x1E,0x48,0x8D,0x05,0x06,0x00,0x00,0x00,0xE9,0xE1,0x36,0xFF
	.byte 0xFF,0x90,0x49,0x8B,0x76,0x78,0xE9,0x05,0x00,0x00,0x00,0x90,0x49,0x8B,0x76,0x78
	.byte 0x49,0x8B,0x45,0xB8,0x48,0x8B,0x40,0x10,0x48,0xD1,0xE7,0x4C,0x01,0xE7,0x48,0xC1
	.byte 0xE8,0x09,0x48,0x01,0xC7,0x48,0x8B,0x57,0x08,0xBF,0x30,0x00,0x00,0x00,0x48,0x01
	.byte 0xF7,0xB8,0x00,0x00,0x00,0x00,0x40,0x0F,0x90,0xC0,0x49,0x89,0x76,0x58,0x48,0x09
	.byte 0xC6,0x48,0x83,0xCE,0x30,0x48,0xF7,0xC6,0x01,0x00,0x00,0x00,0x0F,0x84,0x2C,0x00
	.byte 0x00,0x00,0xBF,0x30,0x00,0x00,0x00,0x49,0x8B,0x76,0x58,0x49,0x89,0x7E,0x78,0x49
	.byte 0x89,0x56,0x10,0x41,0xBB,0x3B,0x01,0x00,0x00,0x4D,0x89,0x1E,0x48,0x8D,0x05,0x05
	.byte 0x00,0x00,0x00,0xE9,0x6A,0x36,0xFF,0xFF,0xE9,0x05,0x00,0x00,0x00,0x90,0x49,0x89
	.byte 0x56,0x10,0xB8,0x0C,0x00,0x00,0x00,0x48,0xF7,0xC7,0x01,0x00,0x00,0x00,0x0F,0x84
	.byte 0xA6,0x00,0x00,0x00,0x48,0xBF,0xFF,0xFF,0xFF,0xFF,0xFF,0xFF,0xFF,0xFF,0x41,0xBB
	.byte 0x3C,0x01,0x00,0x00,0x4D,0x89,0x1E,0x48,0x8D,0x05,0x06,0x00,0x00,0x00,0xE9,0x95
	.byte 0x29,0xFF,0xFF,0x90,0x45,0x31,0xDB,0x4D,0x89,0x5E,0x10,0x4D,0x8B,0x5E,0x10,0x4D
	.byte 0x89,0x9E,0x88,0x00,0x00,0x00,0x4D,0x8B,0x5E,0x10,0x4D,0x89,0x5E,0x48,0x4D,0x8B
	.byte 0x5E,0x10,0x4D,0x89,0x5E,0x68,0x4D,0x8B,0x5E,0x10,0x4D,0x89,0x5E,0x28,0x4D,0x8B
	.byte 0x5E,0x10,0x4D,0x89,0x5E,0x78,0x4D,0x8B,0x5E,0x10,0x4D,0x89,0x9E,0x80,0x00,0x00
	.byte 0x00,0x4D,0x8B,0x5E,0x10,0x4D,0x89,0x5E,0x70,0x4D,0x8B,0x5E,0x10,0x4D,0x89,0x5E
	.byte 0x60,0x4D,0x8B,0x5E,0x10,0x4D,0x89,0x5E,0x58,0x49,0x8B,0x7E,0x10,0x4D,0x8B,0x5E
	.byte 0x10,0x4D,0x89,0x5E,0x40,0x4D,0x8B,0x5E,0x10,0x4D,0x89,0x5E,0x38,0x4D,0x8B,0x5E
	.byte 0x10,0x4D,0x89,0x5E,0x30,0x4D,0x8B,0x5E,0x10,0x4D,0x89,0x5E,0x20,0x4D,0x8B,0x5E
	.byte 0x10,0x4D,0x89,0x5E,0x18,0xE9,0x04,0x00,0x00,0x00,0x49,0x89,0x46,0x78,0x49,0x89
	.byte 0x7E,0x50,0x48,0xC1,0xEF,0x02,0x49,0xBA,0x00,0x00,0x00,0x00,0x01,0x00,0x00,0x00
	.byte 0x4C,0x39,0xD7,0x0F,0x82,0x0F,0x00,0x00,0x00,0x48,0xBF,0xFF,0xFF,0xFF,0xFF,0xFF
	.byte 0xFF,0xFF,0xFF,0xE9,0x08,0x00,0x00,0x00,0x48,0x83,0xC7,0x01,0x48,0xC1,0xE7,0x03
	.byte 0x49,0x8B,0x45,0xD8,0x49,0x8B,0x75,0xF8,0x48,0x29,0xF0,0x48,0x39,0xF8,0x0F,0x82
	.byte 0x3C,0x00,0x00,0x00,0x4D,0x8B,0x86,0x80,0x00,0x00,0x00,0x49,0x8B,0x7E,0x70,0x49
	.byte 0x8B,0x76,0x60,0x49,0x8B,0x46,0x58,0x49,0x8B,0x5E,0x50,0x49,0x8B,0x56,0x40,0x49
	.byte 0x8B,0x4E,0x38,0x4D,0x8B,0x5E,0x30,0x4D,0x89,0x5E,0x70,0x4D,0x8B,0x5E,0x20,0x4D
	.byte 0x89,0x5E,0x30,0x4D,0x8B,0x5E,0x18,0x4D,0x89,0x5E,0x50,0xE9,0x4E,0x00,0x00,0x00
	.byte 0x41,0xBB,0x3D,0x01,0x00,0x00,0x4D,0x89,0x1E,0x48,0x8D,0x05,0x06,0x00,0x00,0x00
	.byte 0xE9,0x73,0x28,0xFF,0xFF,0x90,0x4D,0x8B,0x86,0x80,0x00,0x00,0x00,0x49,0x8B,0x7E
	.byte 0x70,0x49,0x8B,0x76,0x60,0x49,0x8B,0x46,0x58,0x49,0x8B,0x5E,0x50,0x49,0x8B,0x56
	.byte 0x40,0x49,0x8B,0x4E,0x38,0x4D,0x8B,0x5E,0x30,0x4D,0x89,0x5E,0x70,0x4D,0x8B,0x5E
	.byte 0x20,0x4D,0x89,0x5E,0x30,0x4D,0x8B,0x5E,0x18,0x4D,0x89,0x5E,0x50,0x90,0x4D,0x8B
	.byte 0x4D,0xF8,0x49,0x89,0xDF,0x49,0xC1,0xE7,0x1E,0x49,0x81,0xCF,0xF3,0x01,0x00,0x00
	.byte 0x49,0x89,0x5E,0x40,0x48,0xC1,0xEB,0x02,0x4D,0x89,0x39,0x4D,0x8B,0x56,0x10,0x4D
	.byte 0x89,0x51,0x08,0x4D,0x8B,0x56,0x70,0x4D,0x89,0x51,0x10,0x4D,0x8B,0x56,0x28,0x4D
	.byte 0x89,0x51,0x18,0x49,0x89,0x71,0x20,0x4D,0x8B,0x56,0x68,0x4D,0x89,0x51,0x28,0x4D
	.byte 0x8B,0x56,0x30,0x4D,0x89,0x51,0x30,0x4D,0x8B,0x56,0x48,0x4D,0x89,0x51,0x38,0x49
	.byte 0x89,0x49,0x40,0x49,0x89,0x79,0x48,0x4D,0x8B,0x56,0x50,0x4D,0x89,0x51,0x50,0x4D
	.byte 0x8B,0x96,0x88,0x00,0x00,0x00,0x4D,0x89,0x51,0x58,0x49,0x89,0x51,0x60,0x4D,0x89
	.byte 0xCF,0x4D,0x89,0x8E,0x80,0x00,0x00,0x00,0x4D,0x29,0xE7,0x49,0xC1,0xE7,0x09,0x49
	.byte 0x83,0xCF,0x01,0x49,0x81,0xCF,0xE0,0x01,0x00,0x00,0x48,0x83,0xFB,0x0F,0x0F,0x82
	.byte 0x10,0x00,0x00,0x00,0x49,0x83,0xCF,0x1E,0x49,0x89,0xD9,0x4C,0x89,0xFB,0xE9,0x0B
	.byte 0x00,0x00,0x00,0x90,0x49,0x89,0xD9,0x48,0xD1,0xE3,0x4C,0x09,0xFB,0x90,0x49,0xC1
	.byte 0xE1,0x03,0x4D,0x8B,0xBE,0x80,0x00,0x00,0x00,0x4D,0x01,0xF9,0x49,0x83,0xC1,0x08
	.byte 0x4D,0x89,0x4D,0xF8,0x49,0x83,0xC7,0x68,0x4D,0x8B,0x4E,0x78,0x49,0xD1,0xE1,0x4D
	.byte 0x01,0xE1,0x4D,0x89,0x46,0x38,0x49,0xC1,0xE8,0x09,0x4D,0x01,0xC1,0x49,0x83,0xC1
	.byte 0x08,0x48,0x85,0xC0,0x0F,0x84,0x44,0x00,0x00,0x00,0x49,0x89,0x7E,0x58,0x48,0x89
	.byte 0xC7,0x49,0x89,0x76,0x18,0x4C,0x89,0xCE,0x49,0x89,0x56,0x60,0x4C,0x89,0xFA,0x49
	.byte 0x89,0x4E,0x20,0x48,0x89,0xD9,0x49,0x89,0x86,0x80,0x00,0x00,0x00,0x41,0xBB,0x3E
	.byte 0x01,0x00,0x00,0x4D,0x89,0x1E,0x48,0x8D,0x05,0x05,0x00,0x00,0x00,0xE9,0xCA,0x39
	.byte 0xFF,0xFF,0x49,0x8B,0x86,0x90,0x00,0x00,0x00,0xE9,0x0A,0x00,0x00,0x00,0x49,0x8B
	.byte 0x86,0x90,0x00,0x00,0x00,0x48,0x89,0xDF,0x49,0x81,0xC6,0x98,0x00,0x00,0x00,0xFF
	.byte 0xE0,0x90,0x49,0x81,0xEE,0x88,0x00,0x00,0x00,0x4D,0x39,0xEE,0x0F,0x82,0xDA,0x26
	.byte 0xFF,0xFF,0x49,0x89,0x8E,0x80,0x00,0x00,0x00,0x49,0x8B,0x8E,0x98,0x00,0x00,0x00
	.byte 0x49,0x89,0x86,0x98,0x00,0x00,0x00,0x49,0x8B,0x86,0x88,0x00,0x00,0x00,0x49,0x89
	.byte 0x5E,0x40,0x49,0x8B,0x9E,0x88,0x00,0x00,0x00,0x49,0x89,0x76,0x78,0x4D,0x89,0x4E
	.byte 0x70,0x4D,0x89,0xBE,0x88,0x00,0x00,0x00,0x48,0xC1,0xE8,0x09,0x4C,0x01,0xE0,0x48
	.byte 0x8B,0x70,0x10,0x49,0xB9,0xD8,0xFF,0xFF,0xFF,0xFF,0xFF,0xFF,0xFF,0x49,0x01,0xF1
	.byte 0xB8,0x00,0x00,0x00,0x00,0x40,0x0F,0x90,0xC0,0x49,0x89,0xF7,0x49,0x09,0xC7,0x49
	.byte 0x83,0xCF,0xD8,0x49,0xF7,0xC7,0x01,0x00,0x00,0x00,0x0F,0x84,0x44,0x00,0x00,0x00
	.byte 0x48,0xB8,0xD8,0xFF,0xFF,0xFF,0xFF,0xFF,0xFF,0xFF,0x49,0x89,0x7E,0x68,0x48,0x89
	.byte 0xC7,0x49,0x89,0x76,0x30,0x49,0x89,0x4E,0x60,0x4D,0x89,0x46,0x58,0x49,0x89,0x46
	.byte 0x38,0x49,0x89,0x56,0x50,0x49,0x89,0x5E,0x48,0x41,0xBB,0x3F,0x01,0x00,0x00,0x4D
	.byte 0x89,0x1E,0x48,0x8D,0x05,0x05,0x00,0x00,0x00,0xE9,0xD4,0x32,0xFF,0xFF,0xE9,0x19
	.byte 0x00,0x00,0x00,0x90,0x49,0x89,0x7E,0x68,0x4C,0x89,0xCF,0x49,0x89,0x4E,0x60,0x4D
	.byte 0x89,0x46,0x58,0x49,0x89,0x56,0x50,0x49,0x89,0x5E,0x48,0x90,0x31,0xD2,0x31,0xC0
	.byte 0x48,0xF7,0xC7,0x01,0x00,0x00,0x00,0x0F,0x84,0x3D,0x00,0x00,0x00,0x31,0xF6,0x4D
	.byte 0x8B,0x5E,0x40,0x4D,0x89,0x5E,0x38,0x49,0x89,0x7E,0x40,0x49,0x89,0x56,0x30,0x41
	.byte 0xBB,0x40,0x01,0x00,0x00,0x4D,0x89,0x1E,0x48,0x8D,0x05,0x05,0x00,0x00,0x00,0xE9
	.byte 0xF6,0x32,0xFF,0xFF,0x49,0x8B,0x76,0x48,0x4D,0x8B,0x5E,0x38,0x4D,0x89,0x5E,0x48
	.byte 0xB8,0x01,0x00,0x00,0x00,0xE9,0x10,0x00,0x00,0x00,0x49,0x8B,0x76,0x48,0x4D,0x8B
	.byte 0x5E,0x40,0x4D,0x89,0x5E,0x48,0x49,0x89,0x7E,0x40,0x48,0x39,0xC7,0x0F,0x8D,0x57
	.byte 0x08,0x00,0x00,0x48,0x89,0xF0,0x48,0xC1,0xEE,0x09,0x4C,0x01,0xE6,0x48,0x8B,0x7E
	.byte 0x10,0x48,0x83,0xFF,0x14,0x0F,0x8D,0x33,0x04,0x00,0x00,0x48,0x83,0xFF,0x08,0x0F
	.byte 0x8D,0x21,0x02,0x00,0x00,0x48,0x83,0xFF,0x04,0x0F,0x8D,0x43,0x01,0x00,0x00,0x48
	.byte 0x89,0xC6,0x48,0xC1,0xE8,0x09,0x4C,0x01,0xE0,0x48,0x8B,0x50,0x08,0x49,0x8B,0xBE
	.byte 0x90,0x00,0x00,0x00,0x4D,0x8B,0x9E,0x88,0x00,0x00,0x00,0x4D,0x89,0x9E,0x90,0x00
	.byte 0x00,0x00,0x4D,0x8B,0x9E,0x80,0x00,0x00,0x00,0x4D,0x89,0x9E,0x88,0x00,0x00,0x00
	.byte 0x4D,0x8B,0x5E,0x78,0x4D,0x89,0x9E,0x80,0x00,0x00,0x00,0x4D,0x8B,0x5E,0x70,0x4D
	.byte 0x89,0x5E,0x78,0x4D,0x8B,0x5E,0x68,0x4D,0x89,0x5E,0x70,0x4D,0x8B,0x5E,0x60,0x4D
	.byte 0x89,0x5E,0x68,0x4D,0x8B,0x5E,0x58,0x4D,0x89,0x5E,0x60,0x4D,0x8B,0x5E,0x50,0x4D
	.byte 0x89,0x5E,0x58,0x4D,0x8B,0x5E,0x48,0x4D,0x89,0x5E,0x50,0x41,0xBB,0x41,0x01,0x00
	.byte 0x00,0x4D,0x89,0x1E,0x48,0x8D,0x05,0x03,0x00,0x00,0x00,0xFF,0xE2,0x90,0x49,0x8B
	.byte 0x8E,0x88,0x00,0x00,0x00,0x49,0x8B,0xB6,0x80,0x00,0x00,0x00,0x4D,0x8B,0x4E,0x78
	.byte 0x4D,0x8B,0x7E,0x70,0x4D,0x8B,0x5E,0x68,0x4D,0x89,0x9E,0x88,0x00,0x00,0x00,0x4D
	.byte 0x8B,0x46,0x60,0x49,0x8B,0x56,0x58,0x49,0x8B,0x5E,0x50,0x48,0x89,0xF8,0x48,0xC1
	.byte 0xEF,0x09,0x4C,0x01,0xE7,0x48,0x8B,0x7F,0x10,0x48,0x83,0xFF,0x20,0x0F,0x85,0x4F
	.byte 0x00,0x00,0x00,0x48,0x89,0xC7,0x48,0xC1,0xEF,0x09,0x4C,0x01,0xE7,0x48,0x8B,0x7F
	.byte 0x08,0x4D,0x8B,0x96,0x98,0x00,0x00,0x00,0x4D,0x8B,0x9E,0x88,0x00,0x00,0x00,0x4D
	.byte 0x89,0x9E,0x98,0x00,0x00,0x00,0x49,0x89,0xBE,0x88,0x00,0x00,0x00,0x4C,0x89,0xFF
	.byte 0x4D,0x8B,0xBE,0x90,0x00,0x00,0x00,0x49,0x89,0x86,0x90,0x00,0x00,0x00,0x4C,0x89
	.byte 0xD0,0x4D,0x8B,0x96,0x88,0x00,0x00,0x00,0x49,0x81,0xC6,0x90,0x00,0x00,0x00,0x41
	.byte 0xFF,0xE2,0x4C,0x89,0xFF,0x4D,0x8B,0xBE,0x90,0x00,0x00,0x00,0x49,0x89,0x86,0x90
	.byte 0x00,0x00,0x00,0x49,0x8B,0x86,0x98,0x00,0x00,0x00,0x4D,0x8B,0x9E,0x88,0x00,0x00
	.byte 0x00,0x4D,0x89,0x9E,0x98,0x00,0x00,0x00,0x49,0x83,0xC6,0x08,0xE9,0x39,0xE8,0xFF
	.byte 0xFF,0x90,0x48,0x89,0xC2,0x48,0xC1,0xE8,0x09,0x4C,0x01,0xE0,0x48,0x8B,0x48,0x08
	.byte 0x49,0x8B,0x7E,0x60,0x49,0x8B,0xB6,0x90,0x00,0x00,0x00,0x4D,0x8B,0x5E,0x68,0x4D
	.byte 0x89,0x9E,0x90,0x00,0x00,0x00,0x41,0xBB,0x42,0x01,0x00,0x00,0x4D,0x89,0x1E,0x48
	.byte 0x8D,0x05,0x02,0x00,0x00,0x00,0xFF,0xE1,0x4D,0x8B,0xBE,0x88,0x00,0x00,0x00,0x49
	.byte 0x8B,0x8E,0x80,0x00,0x00,0x00,0x49,0x8B,0x76,0x78,0x4D,0x8B,0x4E,0x70,0x4D,0x8B
	.byte 0x46,0x58,0x49,0x8B,0x56,0x50,0x49,0x8B,0x5E,0x48,0x48,0x89,0xF8,0x48,0xC1,0xEF
	.byte 0x09,0x4C,0x01,0xE7,0x48,0x8B,0x7F,0x10,0x48,0x83,0xFF,0x1C,0x0F,0x85,0x42,0x00
	.byte 0x00,0x00,0x48,0x89,0xC7,0x48,0xC1,0xEF,0x09,0x4C,0x01,0xE7,0x48,0x8B,0x7F,0x08
	.byte 0x4D,0x8B,0x96,0x98,0x00,0x00,0x00,0x49,0x89,0x86,0x98,0x00,0x00,0x00,0x4C,0x89
	.byte 0xD0,0x4D,0x8B,0x96,0x90,0x00,0x00,0x00,0x49,0x89,0xBE,0x90,0x00,0x00,0x00,0x4C
	.byte 0x89,0xD7,0x4D,0x8B,0x96,0x90,0x00,0x00,0x00,0x49,0x81,0xC6,0x98,0x00,0x00,0x00
	.byte 0x41,0xFF,0xE2,0x90,0x4D,0x8B,0x96,0x98,0x00,0x00,0x00,0x49,0x89,0x86,0x98,0x00
	.byte 0x00,0x00,0x4C,0x89,0xD0,0x49,0x8B,0xBE,0x90,0x00,0x00,0x00,0x49,0x83,0xC6,0x10
	.byte 0xE9,0x25,0xD4,0xFF,0xFF,0x90,0x48,0x83,0xFF,0x0C,0x0F,0x8D,0xAE,0x00,0x00,0x00
	.byte 0x48,0x89,0xC1,0x48,0xC1,0xE8,0x09,0x4C,0x01,0xE0,0x4C,0x8B,0x40,0x08,0x49,0x8B
	.byte 0xBE,0x88,0x00,0x00,0x00,0x49,0x8B,0x76,0x60,0x49,0x8B,0x96,0x90,0x00,0x00,0x00
	.byte 0x41,0xBB,0x43,0x01,0x00,0x00,0x4D,0x89,0x1E,0x48,0x8D,0x05,0x04,0x00,0x00,0x00
	.byte 0x41,0xFF,0xE0,0x90,0x48,0x89,0xF8,0x49,0x8B,0x8E,0x80,0x00,0x00,0x00,0x49,0x8B
	.byte 0x76,0x78,0x4D,0x8B,0x4E,0x70,0x49,0x8B,0x7E,0x68,0x4D,0x8B,0x46,0x58,0x49,0x8B
	.byte 0x56,0x50,0x49,0x8B,0x5E,0x48,0x49,0x89,0xC7,0x48,0xC1,0xE8,0x09,0x4C,0x01,0xE0
	.byte 0x48,0x8B,0x40,0x10,0x48,0x83,0xF8,0x18,0x0F,0x85,0x30,0x00,0x00,0x00,0x4C,0x89
	.byte 0xF8,0x48,0xC1,0xE8,0x09,0x4C,0x01,0xE0,0x48,0x8B,0x40,0x08,0x4D,0x8B,0x96,0x98
	.byte 0x00,0x00,0x00,0x49,0x89,0x86,0x98,0x00,0x00,0x00,0x4C,0x89,0xD0,0x4D,0x8B,0x96
	.byte 0x98,0x00,0x00,0x00,0x49,0x81,0xC6,0xA0,0x00,0x00,0x00,0x41,0xFF,0xE2,0x49,0x8B
	.byte 0x86,0x98,0x00,0x00,0x00,0x49,0x83,0xC6,0x18,0xE9,0x02,0xC1,0xFF,0xFF,0x48,0x83
	.byte 0xFF,0x10,0x0F,0x8D,0xA6,0x00,0x00,0x00,0x49,0x89,0xC0,0x48,0xC1,0xE8,0x09,0x4C
	.byte 0x01,0xE0,0x4C,0x8B,0x48,0x08,0x49,0x8B,0x7E,0x48,0x49,0x8B,0xB6,0x88,0x00,0x00
	.byte 0x00,0x49,0x8B,0x56,0x60,0x49,0x8B,0x8E,0x90,0x00,0x00,0x00,0x41,0xBB,0x44,0x01
	.byte 0x00,0x00,0x4D,0x89,0x1E,0x48,0x8D,0x05,0x04,0x00,0x00,0x00,0x41,0xFF,0xE1,0x90
	.byte 0x48,0x89,0xFB,0x4D,0x8B,0xBE,0x98,0x00,0x00,0x00,0x49,0x8B,0x8E,0x80,0x00,0x00
	.byte 0x00,0x49,0x8B,0x76,0x78,0x4D,0x8B,0x4E,0x70,0x49,0x8B,0x7E,0x68,0x4D,0x8B,0x46
	.byte 0x58,0x49,0x8B,0x56,0x50,0x48,0x89,0xD8,0x48,0xC1,0xEB,0x09,0x4C,0x01,0xE3,0x48
	.byte 0x8B,0x5B,0x10,0x48,0x83,0xFB,0x14,0x0F,0x85,0x21,0x00,0x00,0x00,0x48,0x89,0xC3
	.byte 0x48,0xC1,0xE8,0x09,0x4C,0x01,0xE0,0x48,0x8B,0x40,0x08,0x4D,0x89,0xFA,0x49,0x89
	.byte 0xC7,0x4C,0x89,0xD0,0x49,0x81,0xC6,0xA0,0x00,0x00,0x00,0x41,0xFF,0xE7,0x48,0x89
	.byte 0xC3,0x4C,0x89,0xF8,0x49,0x83,0xC6,0x20,0xE9,0x97,0xAE,0xFF,0xFF,0x90,0x49,0x89
	.byte 0xC1,0x48,0xC1,0xE8,0x09,0x4C,0x01,0xE0,0x48,0x8B,0x58,0x08,0x49,0x8B,0x7E,0x70
	.byte 0x49,0x8B,0x76,0x48,0x49,0x8B,0x96,0x88,0x00,0x00,0x00,0x49,0x8B,0x4E,0x60,0x4D
	.byte 0x8B,0x86,0x90,0x00,0x00,0x00,0x41,0xBB,0x45,0x01,0x00,0x00,0x4D,0x89,0x1E,0x48
	.byte 0x8D,0x05,0x02,0x00,0x00,0x00,0xFF,0xE3,0x49,0x8B,0x86,0x98,0x00,0x00,0x00,0x49
	.byte 0x8B,0x8E,0x80,0x00,0x00,0x00,0x49,0x8B,0x76,0x78,0x4D,0x8B,0x46,0x68,0x4D,0x8B
	.byte 0x7E,0x58,0x49,0x8B,0x56,0x50,0x49,0x89,0xF9,0x48,0xC1,0xEF,0x09,0x4C,0x01,0xE7
	.byte 0x48,0x8B,0x7F,0x10,0x48,0x83,0xFF,0x10,0x0F,0x85,0x20,0x00,0x00,0x00,0x4C,0x89
	.byte 0xCF,0x49,0xC1,0xE9,0x09,0x4D,0x01,0xE1,0x49,0x8B,0x59,0x08,0x49,0x89,0xF9,0x4C
	.byte 0x89,0xC7,0x4D,0x89,0xF8,0x49,0x81,0xC6,0xA0,0x00,0x00,0x00,0xFF,0xE3,0x4C,0x89
	.byte 0xC7,0x4D,0x89,0xF8,0x49,0x83,0xC6,0x28,0xE9,0xAF,0x9C,0xFF,0xFF,0x90,0x48,0x83
	.byte 0xFF,0x1C,0x0F,0x8D,0x5E,0x01,0x00,0x00,0x48,0x83,0xFF,0x18,0x0F,0x8D,0x9C,0x00
	.byte 0x00,0x00,0x48,0x89,0xC3,0x48,0xC1,0xE8,0x09,0x4C,0x01,0xE0,0x4C,0x8B,0x78,0x08
	.byte 0x49,0x8B,0x7E,0x58,0x49,0x8B,0x76,0x70,0x49,0x8B,0x56,0x48,0x49,0x8B,0x8E,0x88
	.byte 0x00,0x00,0x00,0x4D,0x8B,0x46,0x60,0x4D,0x8B,0x8E,0x90,0x00,0x00,0x00,0x41,0xBB
	.byte 0x46,0x01,0x00,0x00,0x4D,0x89,0x1E,0x48,0x8D,0x05,0x04,0x00,0x00,0x00,0x41,0xFF
	.byte 0xE7,0x90,0x49,0x8B,0x86,0x98,0x00,0x00,0x00,0x49,0x8B,0x8E,0x80,0x00,0x00,0x00
	.byte 0x49,0x8B,0x76,0x78,0x49,0x8B,0x5E,0x68,0x49,0x8B,0x56,0x50,0x49,0x89,0xF8,0x48
	.byte 0xC1,0xEF,0x09,0x4C,0x01,0xE7,0x48,0x8B,0x7F,0x10,0x48,0x83,0xFF,0x0C,0x0F,0x85
	.byte 0x1E,0x00,0x00,0x00,0x4C,0x89,0xC7,0x49,0xC1,0xE8,0x09,0x4D,0x01,0xE0,0x4D,0x8B
	.byte 0x48,0x08,0x49,0x89,0xF8,0x48,0x89,0xDF,0x49,0x81,0xC6,0xA0,0x00,0x00,0x00,0x41
	.byte 0xFF,0xE1,0x48,0x89,0xDF,0x49,0x83,0xC6,0x30,0xE9,0xC0,0x8B,0xFF,0xFF,0x49,0x89
	.byte 0xC7,0x48,0xC1,0xE8,0x09,0x4C,0x01,0xE0,0x48,0x8B,0x40,0x08,0x49,0x8B,0xBE,0x80
	.byte 0x00,0x00,0x00,0x49,0x8B,0x76,0x58,0x49,0x8B,0x56,0x70,0x49,0x8B,0x4E,0x48,0x4D
	.byte 0x8B,0x86,0x88,0x00,0x00,0x00,0x4D,0x8B,0x4E,0x60,0x49,0x8B,0x9E,0x90,0x00,0x00
	.byte 0x00,0x4D,0x8B,0x9E,0x98,0x00,0x00,0x00,0x4D,0x89,0x9E,0x90,0x00,0x00,0x00,0x49
	.byte 0x89,0x86,0x98,0x00,0x00,0x00,0x4D,0x8B,0x96,0x98,0x00,0x00,0x00,0x41,0xBB,0x47
	.byte 0x01,0x00,0x00,0x4D,0x89,0x1E,0x48,0x8D,0x05,0x03,0x00,0x00,0x00,0x41,0xFF,0xE2
	.byte 0x49,0x8B,0x86,0x90,0x00,0x00,0x00,0x49,0x8B,0x76,0x78,0x4D,0x8B,0x4E,0x68,0x49
	.byte 0x8B,0x56,0x50,0x48,0x89,0xF9,0x48,0xC1,0xEF,0x09,0x4C,0x01,0xE7,0x48,0x8B,0x7F
	.byte 0x10,0x48,0x83,0xFF,0x08,0x0F,0x85,0x1F,0x00,0x00,0x00,0x48,0x89,0xCF,0x48,0xC1
	.byte 0xE9,0x09,0x4C,0x01,0xE1,0x4C,0x8B,0x41,0x08,0x48,0x89,0xF9,0x4C,0x89,0xCF,0x49
	.byte 0x81,0xC6,0xA0,0x00,0x00,0x00,0x41,0xFF,0xE0,0x90,0x4C,0x89,0xCF,0x49,0x83,0xC6
	.byte 0x38,0xE9,0x34,0x7B,0xFF,0xFF,0x48,0x83,0xFF,0x20,0x0F,0x8D,0xD0,0x00,0x00,0x00
	.byte 0x48,0x89,0xC7,0x48,0xC1,0xE8,0x09,0x4C,0x01,0xE0,0x48,0x8B,0x40,0x08,0x4D,0x8B
	.byte 0x8E,0x88,0x00,0x00,0x00,0x4D,0x8B,0x9E,0x98,0x00,0x00,0x00,0x4D,0x89,0x9E,0x88
	.byte 0x00,0x00,0x00,0x49,0x89,0xBE,0x98,0x00,0x00,0x00,0x49,0x8B,0x7E,0x50,0x49,0x8B
	.byte 0xB6,0x80,0x00,0x00,0x00,0x49,0x8B,0x56,0x58,0x49,0x8B,0x4E,0x70,0x4D,0x8B,0x46
	.byte 0x48,0x49,0x8B,0x5E,0x60,0x4D,0x8B,0xBE,0x90,0x00,0x00,0x00,0x49,0x89,0x86,0x90
	.byte 0x00,0x00,0x00,0x4D,0x8B,0x96,0x90,0x00,0x00,0x00,0x41,0xBB,0x48,0x01,0x00,0x00
	.byte 0x4D,0x89,0x1E,0x49,0x83,0xEE,0x08,0x4D,0x39,0xEE,0x0F,0x82,0x7C,0x1F,0xFF,0xFF
	.byte 0x4D,0x8B,0x9E,0xA0,0x00,0x00,0x00,0x4D,0x89,0x1E,0x48,0x8D,0x05,0x03,0x00,0x00
	.byte 0x00,0x41,0xFF,0xE2,0x48,0x89,0xF9,0x49,0x8B,0x86,0x88,0x00,0x00,0x00,0x49,0x8B
	.byte 0x76,0x78,0x49,0x8B,0x7E,0x68,0x48,0x89,0xCA,0x48,0xC1,0xE9,0x09,0x4C,0x01,0xE1
	.byte 0x48,0x8B,0x49,0x10,0x48,0x83,0xF9,0x04,0x0F,0x85,0x18,0x00,0x00,0x00,0x48,0x89
	.byte 0xD1,0x48,0xC1,0xE9,0x09,0x4C,0x01,0xE1,0x48,0x8B,0x49,0x08,0x49,0x81,0xC6,0xA0
	.byte 0x00,0x00,0x00,0xFF,0xE1,0x90,0x49,0x83,0xC6,0x40,0xE9,0x1B,0x6B,0xFF,0xFF,0x90
	.byte 0x48,0x83,0xFF,0x24,0x0F,0x8D,0xE2,0x00,0x00,0x00,0x48,0x89,0xC7,0x48,0xC1,0xE8
	.byte 0x09,0x4C,0x01,0xE0,0x48,0x8B,0x40,0x08,0x49,0x8B,0x96,0x80,0x00,0x00,0x00,0x4D
	.byte 0x8B,0x9E,0x98,0x00,0x00,0x00,0x4D,0x89,0x9E,0x80,0x00,0x00,0x00,0x4D,0x8B,0x9E
	.byte 0x90,0x00,0x00,0x00,0x4D,0x89,0x9E,0x98,0x00,0x00,0x00,0x49,0x89,0xBE,0x90,0x00
	.byte 0x00,0x00,0x49,0x8B,0x7E,0x78,0x49,0x8B,0x76,0x50,0x49,0x8B,0x4E,0x58,0x4D,0x8B
	.byte 0x46,0x70,0x4D,0x8B,0x4E,0x48,0x49,0x8B,0x9E,0x88,0x00,0x00,0x00,0x4D,0x8B,0x7E
	.byte 0x60,0x49,0x89,0x86,0x88,0x00,0x00,0x00,0x4D,0x8B,0x96,0x88,0x00,0x00,0x00,0x41
	.byte 0xBB,0x49,0x01,0x00,0x00,0x4D,0x89,0x1E,0x49,0x83,0xEE,0x10,0x4D,0x39,0xEE,0x0F
	.byte 0x82,0x97,0x1E,0xFF,0xFF,0x4D,0x8B,0x9E,0xA8,0x00,0x00,0x00,0x4D,0x89,0x5E,0x08
	.byte 0x4D,0x8B,0x9E,0xA0,0x00,0x00,0x00,0x4D,0x89,0x1E,0x48,0x8D,0x05,0x03,0x00,0x00
	.byte 0x00,0x41,0xFF,0xE2,0x48,0x89,0xFA,0x49,0x8B,0x86,0x80,0x00,0x00,0x00,0x49,0x8B
	.byte 0x7E,0x68,0x48,0x89,0xD6,0x48,0xC1,0xEA,0x09,0x4C,0x01,0xE2,0x48,0x8B,0x52,0x10
	.byte 0x48,0x83,0xFA,0x00,0x0F,0x85,0x18,0x00,0x00,0x00,0x48,0x89,0xF2,0x48,0xC1,0xEA
	.byte 0x09,0x4C,0x01,0xE2,0x48,0x8B,0x52,0x08,0x49,0x81,0xC6,0xA0,0x00,0x00,0x00,0xFF
	.byte 0xE2,0x90,0x49,0x83,0xC6,0x50,0xE9,0x47,0x5C,0xFF,0xFF,0x90,0x48,0x89,0xC7,0x48
	.byte 0xC1,0xE8,0x09,0x4C,0x01,0xE0,0x48,0x8B,0x40,0x08,0x4D,0x8B,0xBE,0x88,0x00,0x00
	.byte 0x00,0x49,0x89,0xBE,0x88,0x00,0x00,0x00,0x49,0x8B,0x7E,0x68,0x49,0x8B,0x76,0x78
	.byte 0x49,0x8B,0x56,0x50,0x49,0x8B,0x8E,0x80,0x00,0x00,0x00,0x4D,0x8B,0x46,0x58,0x4D
	.byte 0x8B,0x4E,0x70,0x49,0x8B,0x5E,0x48,0x4D,0x8B,0x9E,0x98,0x00,0x00,0x00,0x4D,0x89
	.byte 0x5E,0x78,0x4D,0x8B,0x5E,0x60,0x4D,0x89,0x9E,0x98,0x00,0x00,0x00,0x49,0x89,0x86
	.byte 0x80,0x00,0x00,0x00,0x4D,0x8B,0x96,0x80,0x00,0x00,0x00,0x41,0xBB,0x4A,0x01,0x00
	.byte 0x00,0x4D,0x89,0x1E,0x49,0x83,0xEE,0x18,0x4D,0x39,0xEE,0x0F,0x82,0xBB,0x1D,0xFF
	.byte 0xFF,0x4D,0x8B,0x9E,0xB0,0x00,0x00,0x00,0x4D,0x89,0x5E,0x10,0x4D,0x8B,0x9E,0xA8
	.byte 0x00,0x00,0x00,0x4D,0x89,0x5E,0x08,0x4D,0x8B,0x9E,0xA0,0x00,0x00,0x00,0x4D,0x89
	.byte 0x1E,0x48,0x8D,0x05,0x04,0x00,0x00,0x00,0x41,0xFF,0xE2,0x90,0x49,0x8B,0x46,0x78
	.byte 0x48,0x89,0xFE,0x48,0xC1,0xEE,0x09,0x4C,0x01,0xE6,0x48,0x8B,0x76,0x10,0x48,0x83
	.byte 0xFE,0x00,0x0F,0x85,0x18,0x00,0x00,0x00,0x48,0x89,0xFE,0x48,0xC1,0xEE,0x09,0x4C
	.byte 0x01,0xE6,0x48,0x8B,0x76,0x08,0x49,0x81,0xC6,0xA0,0x00,0x00,0x00,0xFF,0xE6,0x90
	.byte 0x49,0x83,0xC6,0x50,0xE9,0x69,0x5B,0xFF,0xFF,0x90,0x48,0xF7,0xC6,0x01,0x00,0x00
	.byte 0x00,0x0F,0x84,0x1F,0x00,0x00,0x00,0x48,0x89,0xF0,0x48,0xC1,0xEE,0x09,0x4C,0x01
	.byte 0xE6,0x48,0x8B,0x36,0x48,0xBF,0xFE,0xFF,0xFF,0xFF,0x00,0x00,0x00,0x00,0x48,0x21
	.byte 0xFE,0xE9,0x04,0x00,0x00,0x00,0x48,0x89,0xF0,0x90,0x48,0x81,0xFE,0xE2,0x01,0x00
	.byte 0x00,0x0F,0x85,0x1B,0x04,0x00,0x00,0x49,0x89,0x46,0x38,0x48,0xC1,0xE8,0x09,0x4C
	.byte 0x01,0xE0,0x48,0x8B,0x48,0x10,0xBA,0x08,0x00,0x00,0x00,0x48,0xBF,0xFC,0xFF,0xFF
	.byte 0xFF,0xFF,0xFF,0xFF,0xFF,0x48,0x01,0xCF,0xB8,0x00,0x00,0x00,0x00,0x40,0x0F,0x90
	.byte 0xC0,0x48,0x89,0xCE,0x48,0x09,0xC6,0x48,0x83,0xCE,0xFC,0x48,0xF7,0xC6,0x01,0x00
	.byte 0x00,0x00,0x0F,0x84,0x88,0x00,0x00,0x00,0x48,0xBF,0xFC,0xFF,0xFF,0xFF,0xFF,0xFF
	.byte 0xFF,0xFF,0x48,0x89,0xCE,0x4D,0x8B,0x5E,0x48,0x4D,0x89,0x5E,0x28,0x4D,0x8B,0x5E
	.byte 0x58,0x4D,0x89,0x5E,0x48,0x4D,0x8B,0x5E,0x68,0x4D,0x89,0x5E,0x58,0x49,0x89,0x56
	.byte 0x68,0x4D,0x8B,0x5E,0x38,0x4D,0x89,0x5E,0x30,0x4D,0x8B,0x5E,0x50,0x4D,0x89,0x5E
	.byte 0x38,0x4D,0x8B,0x5E,0x60,0x4D,0x89,0x5E,0x50,0x4D,0x8B,0x5E,0x40,0x4D,0x89,0x5E
	.byte 0x60,0x49,0x89,0x4E,0x40,0x49,0x89,0x7E,0x20,0x41,0xBB,0x4B,0x01,0x00,0x00,0x4D
	.byte 0x89,0x1E,0x48,0x8D,0x05,0x05,0x00,0x00,0x00,0xE9,0x14,0x29,0xFF,0xFF,0x49,0x8B
	.byte 0x4E,0x40,0x4D,0x8B,0x5E,0x38,0x4D,0x89,0x5E,0x40,0x4D,0x8B,0x5E,0x30,0x4D,0x89
	.byte 0x5E,0x38,0x4D,0x8B,0x5E,0x28,0x4D,0x89,0x5E,0x30,0xE9,0x35,0x00,0x00,0x00,0x90
	.byte 0x4D,0x8B,0x5E,0x48,0x4D,0x89,0x5E,0x30,0x4D,0x8B,0x5E,0x58,0x4D,0x89,0x5E,0x48
	.byte 0x4D,0x8B,0x5E,0x68,0x4D,0x89,0x5E,0x58,0x49,0x89,0x56,0x68,0x4D,0x8B,0x56,0x40
	.byte 0x4D,0x8B,0x5E,0x50,0x4D,0x89,0x5E,0x40,0x4D,0x8B,0x5E,0x60,0x4D,0x89,0x5E,0x50
	.byte 0x4D,0x89,0x56,0x60,0x49,0x89,0xF8,0x48,0xD1,0xEF,0x48,0x89,0xF8,0x48,0x89,0xCE
	.byte 0x48,0xF7,0xE6,0x48,0x89,0xCE,0x4C,0x09,0xC1,0x48,0x83,0xE1,0x01,0x48,0x09,0xD1
	.byte 0x48,0x89,0xC7,0x48,0xD1,0xEF,0x48,0x83,0xF9,0x00,0x0F,0x84,0x6E,0x00,0x00,0x00
	.byte 0x4C,0x89,0xC7,0x4D,0x8B,0x96,0x88,0x00,0x00,0x00,0x4D,0x8B,0x5E,0x68,0x4D,0x89
	.byte 0x9E,0x88,0x00,0x00,0x00,0x4D,0x8B,0x5E,0x70,0x4D,0x89,0x5E,0x68,0x4D,0x8B,0x9E
	.byte 0x80,0x00,0x00,0x00,0x4D,0x89,0x5E,0x70,0x4D,0x8B,0x5E,0x78,0x4D,0x89,0x9E,0x80
	.byte 0x00,0x00,0x00,0x4D,0x8B,0x9E,0x90,0x00,0x00,0x00,0x4D,0x89,0x5E,0x78,0x4D,0x89
	.byte 0x96,0x90,0x00,0x00,0x00,0x4D,0x89,0x46,0x20,0x49,0x89,0x76,0x28,0x41,0xBB,0x4C
	.byte 0x01,0x00,0x00,0x4D,0x89,0x1E,0x48,0x8D,0x05,0x05,0x00,0x00,0x00,0xE9,0x42,0x28
	.byte 0xFF,0xFF,0x49,0x8B,0x8E,0x88,0x00,0x00,0x00,0xE9,0x3C,0x00,0x00,0x00,0x49,0x8B
	.byte 0x4E,0x68,0x4D,0x8B,0x5E,0x70,0x4D,0x89,0x5E,0x68,0x4D,0x8B,0x9E,0x80,0x00,0x00
	.byte 0x00,0x4D,0x89,0x5E,0x70,0x4D,0x8B,0x5E,0x78,0x4D,0x89,0x9E,0x80,0x00,0x00,0x00
	.byte 0x4D,0x8B,0x9E,0x90,0x00,0x00,0x00,0x4D,0x89,0x5E,0x78,0x4D,0x8B,0x9E,0x88,0x00
	.byte 0x00,0x00,0x4D,0x89,0x9E,0x90,0x00,0x00,0x00,0x90,0x48,0x89,0xF8,0x48,0x83,0xCF
	.byte 0x08,0x48,0x89,0xFE,0x48,0xC1,0xEE,0x3F,0x48,0x09,0xFE,0x48,0xF7,0xC6,0x01,0x00
	.byte 0x00,0x00,0x0F,0x84,0x30,0x00,0x00,0x00,0xBE,0x08,0x00,0x00,0x00,0x48,0x89,0xC7
	.byte 0x49,0x89,0x76,0x28,0x49,0x89,0x86,0x88,0x00,0x00,0x00,0x41,0xBB,0x4D,0x01,0x00
	.byte 0x00,0x4D,0x89,0x1E,0x48,0x8D,0x05,0x05,0x00,0x00,0x00,0xE9,0xBE,0x27,0xFF,0xFF
	.byte 0x48,0x89,0xFE,0xE9,0x0C,0x00,0x00,0x00,0x31,0xD2,0x48,0xF7,0xF1,0x48,0x89,0xC6
	.byte 0x48,0xC1,0xE6,0x02,0xBF,0x24,0x00,0x00,0x00,0x48,0x01,0xF7,0xB8,0x00,0x00,0x00
	.byte 0x00,0x40,0x0F,0x90,0xC0,0x48,0x89,0xF2,0x48,0x09,0xC2,0x48,0x83,0xCA,0x24,0x48
	.byte 0xF7,0xC2,0x01,0x00,0x00,0x00,0x0F,0x84,0x32,0x00,0x00,0x00,0xBF,0x24,0x00,0x00
	.byte 0x00,0x49,0x89,0xB6,0x88,0x00,0x00,0x00,0x49,0x89,0x7E,0x28,0x41,0xBB,0x4E,0x01
	.byte 0x00,0x00,0x4D,0x89,0x1E,0x48,0x8D,0x05,0x06,0x00,0x00,0x00,0xE9,0x41,0x27,0xFF
	.byte 0xFF,0x90,0x49,0x89,0xBE,0x88,0x00,0x00,0x00,0xE9,0x08,0x00,0x00,0x00,0x49,0x89
	.byte 0xBE,0x88,0x00,0x00,0x00,0x90,0x49,0x8B,0x45,0xD8,0x49,0x8B,0x7D,0xF8,0x48,0x29
	.byte 0xF8,0x48,0x83,0xF8,0x70,0x0F,0x82,0x5B,0x00,0x00,0x00,0x49,0x8B,0x86,0x90,0x00
	.byte 0x00,0x00,0x49,0x8B,0x9E,0x88,0x00,0x00,0x00,0x49,0x8B,0xBE,0x80,0x00,0x00,0x00
	.byte 0x4D,0x8B,0x46,0x78,0x4D,0x8B,0x5E,0x68,0x4D,0x89,0x9E,0x80,0x00,0x00,0x00,0x49
	.byte 0x8B,0x4E,0x60,0x49,0x8B,0x76,0x58,0x4D,0x8B,0x5E,0x50,0x4D,0x89,0x9E,0x90,0x00
	.byte 0x00,0x00,0x4D,0x8B,0x5E,0x48,0x4D,0x89,0x5E,0x78,0x4D,0x8B,0x5E,0x40,0x4D,0x89
	.byte 0x5E,0x68,0x49,0x8B,0x56,0x38,0x4D,0x8B,0x5E,0x30,0x4D,0x89,0x9E,0x88,0x00,0x00
	.byte 0x00,0xE9,0x70,0x00,0x00,0x00,0xBF,0x70,0x00,0x00,0x00,0x41,0xBB,0x4F,0x01,0x00
	.byte 0x00,0x4D,0x89,0x1E,0x48,0x8D,0x05,0x05,0x00,0x00,0x00,0xE9,0x08,0x1A,0xFF,0xFF
	.byte 0x49,0x8B,0x86,0x90,0x00,0x00,0x00,0x49,0x8B,0x9E,0x88,0x00,0x00,0x00,0x49,0x8B
	.byte 0xBE,0x80,0x00,0x00,0x00,0x4D,0x8B,0x46,0x78,0x4D,0x8B,0x5E,0x68,0x4D,0x89,0x9E
	.byte 0x80,0x00,0x00,0x00,0x49,0x8B,0x4E,0x60,0x49,0x8B,0x76,0x58,0x4D,0x8B,0x5E,0x50
	.byte 0x4D,0x89,0x9E,0x90,0x00,0x00,0x00,0x4D,0x8B,0x5E,0x48,0x4D,0x89,0x5E,0x78,0x4D
	.byte 0x8B,0x5E,0x40,0x4D,0x89,0x5E,0x68,0x49,0x8B,0x56,0x38,0x4D,0x8B,0x5E,0x30,0x4D
	.byte 0x89,0x9E,0x88,0x00,0x00,0x00,0x4D,0x8B,0x4D,0xB8,0x4D,0x8B,0x49,0x10,0x48,0xD1
	.byte 0xE3,0x4C,0x01,0xE3,0x49,0xC1,0xE9,0x09,0x4C,0x01,0xCB,0x4C,0x8B,0x7B,0x08,0x49
	.byte 0x8B,0x5D,0xF8,0x49,0xB9,0xF3,0x01,0x00,0x00,0x0D,0x00,0x00,0x00,0x4C,0x89,0x0B
	.byte 0x4C,0x89,0x7B,0x08,0x48,0x89,0x4B,0x10,0x48,0x89,0x53,0x18,0x48,0x89,0x73,0x20
	.byte 0x48,0x89,0x7B,0x28,0x4D,0x8B,0x56,0x68,0x4C,0x89,0x53,0x30,0x4D,0x8B,0x56,0x70
	.byte 0x4C,0x89,0x53,0x38,0x48,0x89,0xDE,0x4D,0x8B,0x56,0x78,0x4C,0x89,0x56,0x40,0x4D
	.byte 0x8B,0x96,0x80,0x00,0x00,0x00,0x4C,0x89,0x56,0x48,0x4D,0x8B,0x96,0x88,0x00,0x00
	.byte 0x00,0x4C,0x89,0x56,0x50,0x48,0x89,0x46,0x58,0x4D,0x8B,0x96,0x90,0x00,0x00,0x00
	.byte 0x4C,0x89,0x56,0x60,0x4C,0x89,0x46,0x68,0x48,0x89,0xF7,0x4C,0x29,0xE7,0x48,0xC1
	.byte 0xE7,0x09,0x48,0x81,0xCF,0xFB,0x01,0x00,0x00,0x48,0x83,0xC6,0x70,0x49,0x89,0x75
	.byte 0xF8,0x4D,0x8B,0x9E,0x98,0x00,0x00,0x00,0x49,0x81,0xC6,0xA0,0x00,0x00,0x00,0x41
	.byte 0xFF,0xE3,0x48,0xA9,0x01,0x00,0x00,0x00,0x0F,0x84,0x1C,0x00,0x00,0x00,0x49,0x89
	.byte 0x46,0x38,0x48,0xC1,0xE8,0x09,0x4C,0x01,0xE0,0x48,0x8B,0x30,0x48,0xC1,0xEE,0x20
	.byte 0x48,0xC1,0xE6,0x02,0xE9,0x07,0x00,0x00,0x00,0x90,0x31,0xF6,0x49,0x89,0x46,0x38
	.byte 0x48,0xBF,0xF4,0xFF,0xFF,0xFF,0xFF,0xFF,0xFF,0xFF,0x48,0x01,0xF7,0xB8,0x00,0x00
	.byte 0x00,0x00,0x40,0x0F,0x90,0xC0,0x48,0x89,0xF2,0x48,0x09,0xC2,0x48,0x83,0xCA,0xF4
	.byte 0x48,0xF7,0xC2,0x01,0x00,0x00,0x00,0x0F,0x84,0x79,0x00,0x00,0x00,0x48,0xBF,0xF4
	.byte 0xFF,0xFF,0xFF,0xFF,0xFF,0xFF,0xFF,0x4D,0x8B,0x5E,0x48,0x4D,0x89,0x5E,0x18,0x4D
	.byte 0x8B,0x5E,0x50,0x4D,0x89,0x5E,0x48,0x4D,0x8B,0x5E,0x60,0x4D,0x89,0x5E,0x50,0x49
	.byte 0x89,0x76,0x60,0x4D,0x8B,0x5E,0x58,0x4D,0x89,0x5E,0x30,0x4D,0x8B,0x5E,0x68,0x4D
	.byte 0x89,0x5E,0x58,0x4D,0x8B,0x5E,0x70,0x4D,0x89,0x5E,0x68,0x4D,0x8B,0x9E,0x90,0x00
	.byte 0x00,0x00,0x4D,0x89,0x5E,0x70,0x49,0x89,0xBE,0x90,0x00,0x00,0x00,0x41,0xBB,0x50
	.byte 0x01,0x00,0x00,0x4D,0x89,0x1E,0x48,0x8D,0x05,0x05,0x00,0x00,0x00,0xE9,0xE0,0x24
	.byte 0xFF,0xFF,0x49,0x8B,0x76,0x40,0x49,0x8B,0x46,0x38,0x49,0x89,0xBE,0x90,0x00,0x00
	.byte 0x00,0xE9,0x4A,0x00,0x00,0x00,0x4D,0x8B,0x5E,0x58,0x4D,0x89,0x5E,0x30,0x4D,0x8B
	.byte 0x5E,0x68,0x4D,0x89,0x5E,0x58,0x4D,0x8B,0x5E,0x70,0x4D,0x89,0x5E,0x68,0x4D,0x8B
	.byte 0x9E,0x90,0x00,0x00,0x00,0x4D,0x89,0x5E,0x70,0x49,0x89,0xBE,0x90,0x00,0x00,0x00
	.byte 0x49,0x8B,0x76,0x40,0x4D,0x8B,0x5E,0x48,0x4D,0x89,0x5E,0x18,0x4D,0x8B,0x5E,0x50
	.byte 0x4D,0x89,0x5E,0x48,0x4D,0x8B,0x5E,0x60,0x4D,0x89,0x5E,0x50,0x49,0x8B,0x46,0x38
	.byte 0x49,0x89,0x46,0x20,0x48,0xC1,0xE8,0x09,0x4C,0x01,0xE0,0x48,0x8B,0x50,0x18,0xBF
	.byte 0x28,0x00,0x00,0x00,0x48,0x01,0xF7,0xB8,0x00,0x00,0x00,0x00,0x40,0x0F,0x90,0xC0
	.byte 0x49,0x89,0x76,0x60,0x48,0x09,0xC6,0x48,0x83,0xCE,0x28,0x48,0xF7,0xC6,0x01,0x00
	.byte 0x00,0x00,0x0F,0x84,0x58,0x00,0x00,0x00,0xBF,0x28,0x00,0x00,0x00,0x49,0x8B,0x76
	.byte 0x60,0x4D,0x8B,0x9E,0x88,0x00,0x00,0x00,0x4D,0x89,0x5E,0x28,0x49,0x89,0xBE,0x88
	.byte 0x00,0x00,0x00,0x4D,0x8B,0x5E,0x78,0x4D,0x89,0x5E,0x38,0x4D,0x8B,0x5E,0x70,0x4D
	.byte 0x89,0x5E,0x78,0x4D,0x8B,0x5E,0x68,0x4D,0x89,0x5E,0x70,0x49,0x89,0x56,0x10,0x41
	.byte 0xBB,0x51,0x01,0x00,0x00,0x4D,0x89,0x1E,0x48,0x8D,0x05,0x05,0x00,0x00,0x00,0xE9
	.byte 0xFE,0x23,0xFF,0xFF,0x49,0x8B,0xB6,0x90,0x00,0x00,0x00,0xE9,0x2E,0x00,0x00,0x00
	.byte 0x4D,0x8B,0x9E,0x88,0x00,0x00,0x00,0x4D,0x89,0x5E,0x28,0x4D,0x8B,0x5E,0x78,0x4D
	.byte 0x89,0x5E,0x38,0x49,0x8B,0xB6,0x90,0x00,0x00,0x00,0x4D,0x8B,0x5E,0x70,0x4D,0x89
	.byte 0x5E,0x78,0x4D,0x8B,0x5E,0x68,0x4D,0x89,0x5E,0x70,0x49,0x89,0x56,0x10,0x48,0x89
	.byte 0xF9,0x48,0x01,0xF1,0xB8,0x00,0x00,0x00,0x00,0x40,0x0F,0x90,0xC0,0x48,0x89,0xF2
	.byte 0x48,0x09,0xFA,0x48,0x09,0xC2,0x48,0xF7,0xC2,0x01,0x00,0x00,0x00,0x0F,0x84,0x37
	.byte 0x00,0x00,0x00,0x49,0x89,0xB6,0x90,0x00,0x00,0x00,0x49,0x89,0xBE,0x88,0x00,0x00
	.byte 0x00,0x41,0xBB,0x52,0x01,0x00,0x00,0x4D,0x89,0x1E,0x48,0x8D,0x05,0x05,0x00,0x00
	.byte 0x00,0xE9,0x7C,0x23,0xFF,0xFF,0x49,0x8B,0xB6,0x90,0x00,0x00,0x00,0x49,0x89,0xBE
	.byte 0x90,0x00,0x00,0x00,0xE9,0x09,0x00,0x00,0x00,0x90,0x49,0x89,0x8E,0x90,0x00,0x00
	.byte 0x00,0x90,0xBF,0x24,0x00,0x00,0x00,0x48,0x01,0xF7,0xB8,0x00,0x00,0x00,0x00,0x40
	.byte 0x0F,0x90,0xC0,0x49,0x89,0xB6,0x88,0x00,0x00,0x00,0x48,0x09,0xC6,0x48,0x83,0xCE
	.byte 0x24,0x48,0xF7,0xC6,0x01,0x00,0x00,0x00,0x0F,0x84,0x3A,0x00,0x00,0x00,0xBF,0x24
	.byte 0x00,0x00,0x00,0x49,0x8B,0xB6,0x88,0x00,0x00,0x00,0x49,0x89,0x7E,0x68,0x41,0xBB
	.byte 0x53,0x01,0x00,0x00,0x4D,0x89,0x1E,0x48,0x8D,0x05,0x06,0x00,0x00,0x00,0xE9,0x0F
	.byte 0x23,0xFF,0xFF,0x90,0x49,0x8B,0x8E,0x90,0x00,0x00,0x00,0x49,0x89,0xBE,0x90,0x00
	.byte 0x00,0x00,0xE9,0x0F,0x00,0x00,0x00,0x90,0x49,0x8B,0x8E,0x90,0x00,0x00,0x00,0x49
	.byte 0x89,0xBE,0x90,0x00,0x00,0x00,0xBA,0x08,0x00,0x00,0x00,0x48,0xBF,0xFC,0xFF,0xFF
	.byte 0xFF,0xFF,0xFF,0xFF,0xFF,0x48,0x01,0xCF,0xB8,0x00,0x00,0x00,0x00,0x40,0x0F,0x90
	.byte 0xC0,0x48,0x89,0xCE,0x48,0x09,0xC6,0x48,0x83,0xCE,0xFC,0x48,0xF7,0xC6,0x01,0x00
	.byte 0x00,0x00,0x0F,0x84,0x50,0x00,0x00,0x00,0x48,0xBF,0xFC,0xFF,0xFF,0xFF,0xFF,0xFF
	.byte 0xFF,0xFF,0x48,0x89,0xCE,0x49,0x89,0x7E,0x08,0x49,0x89,0x4E,0x68,0x4D,0x8B,0x5E
	.byte 0x48,0x4D,0x89,0x5E,0x40,0x49,0x89,0x56,0x48,0x41,0xBB,0x54,0x01,0x00,0x00,0x4D
	.byte 0x89,0x1E,0x48,0x8D,0x05,0x05,0x00,0x00,0x00,0xE9,0x84,0x22,0xFF,0xFF,0x49,0x8B
	.byte 0x4E,0x68,0x4D,0x8B,0x5E,0x48,0x4D,0x89,0x5E,0x68,0x4D,0x8B,0x5E,0x40,0x4D,0x89
	.byte 0x5E,0x48,0xE9,0x05,0x00,0x00,0x00,0x90,0x49,0x89,0x56,0x68,0x48,0x89,0xF8,0x48
	.byte 0xD1,0xE8,0x48,0x89,0xCE,0x48,0xF7,0xE6,0x48,0x89,0xCE,0x48,0x09,0xF9,0x48,0x83
	.byte 0xE1,0x01,0x48,0x09,0xD1,0x48,0xD1,0xE8,0x48,0x83,0xF9,0x00,0x0F,0x84,0x2A,0x00
	.byte 0x00,0x00,0x49,0x89,0x76,0x08,0x49,0x89,0x7E,0x40,0x41,0xBB,0x55,0x01,0x00,0x00
	.byte 0x4D,0x89,0x1E,0x48,0x8D,0x05,0x06,0x00,0x00,0x00,0xE9,0x35,0x22,0xFF,0xFF,0x90
	.byte 0x48,0x89,0xF8,0x49,0x8B,0x4E,0x68,0xE9,0x04,0x00,0x00,0x00,0x49,0x8B,0x4E,0x68
	.byte 0x48,0x89,0xC6,0x48,0x83,0xCE,0x08,0x48,0x89,0xF7,0x48,0xC1,0xEF,0x3F,0x48,0x09
	.byte 0xF7,0x48,0xF7,0xC7,0x01,0x00,0x00,0x00,0x0F,0x84,0x44,0x00,0x00,0x00,0xBE,0x08
	.byte 0x00,0x00,0x00,0x48,0x89,0xC7,0x49,0x89,0x46,0x68,0x49,0x89,0x76,0x40,0x41,0xBB
	.byte 0x56,0x01,0x00,0x00,0x4D,0x89,0x1E,0x48,0x8D,0x05,0x06,0x00,0x00,0x00,0xE9,0xEB
	.byte 0x21,0xFF,0xFF,0x90,0x48,0x89,0xFA,0x49,0x8B,0xB6,0x90,0x00,0x00,0x00,0x4D,0x8B
	.byte 0x9E,0x88,0x00,0x00,0x00,0x4D,0x89,0x9E,0x90,0x00,0x00,0x00,0xE9,0x23,0x00,0x00
	.byte 0x00,0x90,0x31,0xD2,0x48,0xF7,0xF1,0x48,0x89,0xC2,0x48,0xC1,0xE2,0x02,0x49,0x8B
	.byte 0xB6,0x90,0x00,0x00,0x00,0x4D,0x8B,0x9E,0x88,0x00,0x00,0x00,0x4D,0x89,0x9E,0x90
	.byte 0x00,0x00,0x00,0x90,0x48,0x89,0xD7,0x48,0x01,0xF7,0xB8,0x00,0x00,0x00,0x00,0x40
	.byte 0x0F,0x90,0xC0,0x48,0x89,0xF1,0x48,0x09,0xD1,0x48,0x09,0xC1,0x48,0xF7,0xC1,0x01
	.byte 0x00,0x00,0x00,0x0F,0x84,0x2F,0x00,0x00,0x00,0x48,0x89,0xD7,0x49,0x89,0xB6,0x88
	.byte 0x00,0x00,0x00,0x49,0x89,0x56,0x68,0x41,0xBB,0x57,0x01,0x00,0x00,0x4D,0x89,0x1E
	.byte 0x48,0x8D,0x05,0x05,0x00,0x00,0x00,0xE9,0x46,0x21,0xFF,0xFF,0x49,0x8B,0xB6,0x90
	.byte 0x00,0x00,0x00,0xE9,0x08,0x00,0x00,0x00,0x49,0x8B,0xB6,0x90,0x00,0x00,0x00,0x90
	.byte 0x49,0x8B,0x45,0xB8,0x48,0x8B,0x40,0x10,0x48,0xD1,0xE7,0x4C,0x01,0xE7,0x48,0xC1
	.byte 0xE8,0x09,0x48,0x01,0xC7,0x48,0x8B,0x57,0x08,0xBF,0x34,0x00,0x00,0x00,0x48,0x01
	.byte 0xF7,0xB8,0x00,0x00,0x00,0x00,0x40,0x0F,0x90,0xC0,0x49,0x89,0xB6,0x90,0x00,0x00
	.byte 0x00,0x48,0x09,0xC6,0x48,0x83,0xCE,0x34,0x48,0xF7,0xC6,0x01,0x00,0x00,0x00,0x0F
	.byte 0x84,0x33,0x00,0x00,0x00,0xBF,0x34,0x00,0x00,0x00,0x49,0x8B,0xB6,0x90,0x00,0x00
	.byte 0x00,0x49,0x89,0x56,0x68,0x49,0x89,0xBE,0x88,0x00,0x00,0x00,0x41,0xBB,0x58,0x01
	.byte 0x00,0x00,0x4D,0x89,0x1E,0x48,0x8D,0x05,0x06,0x00,0x00,0x00,0xE9,0xC1,0x20,0xFF
	.byte 0xFF,0x90,0xE9,0x05,0x00,0x00,0x00,0x90,0x49,0x89,0x56,0x68,0xB8,0x0C,0x00,0x00
	.byte 0x00,0x48,0xF7,0xC7,0x01,0x00,0x00,0x00,0x0F,0x84,0xAE,0x00,0x00,0x00,0x48,0xBF
	.byte 0xFF,0xFF,0xFF,0xFF,0xFF,0xFF,0xFF,0xFF,0x41,0xBB,0x59,0x01,0x00,0x00,0x4D,0x89
	.byte 0x1E,0x48,0x8D,0x05,0x06,0x00,0x00,0x00,0xE9,0xEB,0x13,0xFF,0xFF,0x90,0x45,0x31
	.byte 0xDB,0x4D,0x89,0x5E,0x18,0x4D,0x8B,0x5E,0x18,0x4D,0x89,0x5E,0x68,0x4D,0x8B,0x5E
	.byte 0x18,0x4D,0x89,0x5E,0x28,0x4D,0x8B,0x5E,0x18,0x4D,0x89,0x9E,0x80,0x00,0x00,0x00
	.byte 0x4D,0x8B,0x5E,0x18,0x4D,0x89,0x5E,0x38,0x4D,0x8B,0x5E,0x18,0x4D,0x89,0x9E,0x90
	.byte 0x00,0x00,0x00,0x49,0x8B,0x7E,0x18,0x4D,0x8B,0x5E,0x18,0x4D,0x89,0x5E,0x78,0x4D
	.byte 0x8B,0x5E,0x18,0x4D,0x89,0x5E,0x70,0x4D,0x8B,0x5E,0x18,0x4D,0x89,0x5E,0x60,0x4D
	.byte 0x8B,0x5E,0x18,0x4D,0x89,0x5E,0x58,0x4D,0x8B,0x5E,0x18,0x4D,0x89,0x5E,0x50,0x4D
	.byte 0x8B,0x5E,0x18,0x4D,0x89,0x5E,0x30,0x4D,0x8B,0x5E,0x18,0x4D,0x89,0x5E,0x48,0x4D
	.byte 0x8B,0x5E,0x18,0x4D,0x89,0x5E,0x10,0x4D,0x8B,0x5E,0x18,0x4D,0x89,0x5E,0x40,0x4D
	.byte 0x8B,0x5E,0x18,0x4D,0x89,0x5E,0x20,0xE9,0x04,0x00,0x00,0x00,0x49,0x89,0x46,0x40
	.byte 0x49,0x89,0xBE,0x88,0x00,0x00,0x00,0x48,0xC1,0xEF,0x02,0x49,0xBA,0x00,0x00,0x00
	.byte 0x00,0x01,0x00,0x00,0x00,0x4C,0x39,0xD7,0x0F,0x82,0x10,0x00,0x00,0x00,0x48,0xBF
	.byte 0xFF,0xFF,0xFF,0xFF,0xFF,0xFF,0xFF,0xFF,0xE9,0x09,0x00,0x00,0x00,0x90,0x48,0x83
	.byte 0xC7,0x01,0x48,0xC1,0xE7,0x03,0x49,0x8B,0x45,0xD8,0x49,0x8B,0x75,0xF8,0x48,0x29
	.byte 0xF0,0x48,0x39,0xF8,0x0F,0x82,0x4A,0x00,0x00,0x00,0x4D,0x8B,0xBE,0x90,0x00,0x00
	.byte 0x00,0x49,0x8B,0xBE,0x88,0x00,0x00,0x00,0x49,0x8B,0x5E,0x78,0x4D,0x8B,0x4E,0x70
	.byte 0x4D,0x8B,0x46,0x60,0x49,0x8B,0x4E,0x58,0x4D,0x8B,0x5E,0x50,0x4D,0x89,0x5E,0x78
	.byte 0x4D,0x8B,0x5E,0x48,0x4D,0x89,0x5E,0x50,0x4D,0x8B,0x5E,0x40,0x4D,0x89,0x9E,0x90
	.byte 0x00,0x00,0x00,0x49,0x8B,0x56,0x20,0x4D,0x8B,0x5E,0x18,0x4D,0x89,0x5E,0x70,0xE9
	.byte 0x5C,0x00,0x00,0x00,0x41,0xBB,0x5A,0x01,0x00,0x00,0x4D,0x89,0x1E,0x48,0x8D,0x05
	.byte 0x06,0x00,0x00,0x00,0xE9,0xAF,0x12,0xFF,0xFF,0x90,0x4D,0x8B,0xBE,0x90,0x00,0x00
	.byte 0x00,0x49,0x8B,0xBE,0x88,0x00,0x00,0x00,0x49,0x8B,0x5E,0x78,0x4D,0x8B,0x4E,0x70
	.byte 0x4D,0x8B,0x46,0x60,0x49,0x8B,0x4E,0x58,0x4D,0x8B,0x5E,0x50,0x4D,0x89,0x5E,0x78
	.byte 0x4D,0x8B,0x5E,0x48,0x4D,0x89,0x5E,0x50,0x4D,0x8B,0x5E,0x40,0x4D,0x89,0x9E,0x90
	.byte 0x00,0x00,0x00,0x49,0x8B,0x56,0x20,0x4D,0x8B,0x5E,0x18,0x4D,0x89,0x5E,0x70,0x90
	.byte 0x49,0x8B,0x45,0xF8,0x48,0x89,0xFE,0x48,0xC1,0xE6,0x1E,0x48,0x81,0xCE,0xF3,0x01
	.byte 0x00,0x00,0x49,0x89,0x7E,0x18,0x48,0xC1,0xEF,0x02,0x48,0x89,0x30,0x4D,0x8B,0x56
	.byte 0x68,0x4C,0x89,0x50,0x08,0x4C,0x89,0x40,0x10,0x4D,0x8B,0x56,0x10,0x4C,0x89,0x50
	.byte 0x18,0x48,0x89,0x48,0x20,0x4D,0x8B,0x56,0x38,0x4C,0x89,0x50,0x28,0x4D,0x8B,0x56
	.byte 0x50,0x4C,0x89,0x50,0x30,0x4D,0x8B,0x96,0x80,0x00,0x00,0x00,0x4C,0x89,0x50,0x38
	.byte 0x4D,0x8B,0x56,0x30,0x4C,0x89,0x50,0x40,0x4C,0x89,0x48,0x48,0x4D,0x8B,0x56,0x70
	.byte 0x4C,0x89,0x50,0x50,0x4D,0x8B,0x56,0x28,0x4C,0x89,0x50,0x58,0x4D,0x8B,0x56,0x78
	.byte 0x4C,0x89,0x50,0x60,0x48,0x89,0x58,0x68,0x49,0x89,0x86,0x88,0x00,0x00,0x00,0x4C
	.byte 0x29,0xE0,0x48,0xC1,0xE0,0x09,0x48,0x83,0xC8,0x01,0x48,0x0D,0xE0,0x01,0x00,0x00
	.byte 0x48,0x83,0xFF,0x0F,0x0F,0x82,0x12,0x00,0x00,0x00,0x48,0x83,0xC8,0x1E,0x49,0x89
	.byte 0xFA,0x48,0x89,0xC7,0x4C,0x89,0xD0,0xE9,0x0C,0x00,0x00,0x00,0x48,0x89,0xFE,0x48
	.byte 0xD1,0xE7,0x48,0x09,0xC7,0x48,0x89,0xF0,0x48,0xC1,0xE0,0x03,0x49,0x8B,0xB6,0x88
	.byte 0x00,0x00,0x00,0x48,0x01,0xF0,0x48,0x83,0xC0,0x08,0x49,0x89,0x45,0xF8,0x48,0x83
	.byte 0xC6,0x70,0x49,0x8B,0x86,0x90,0x00,0x00,0x00,0x48,0xD1,0xE0,0x4C,0x01,0xE0,0x49
	.byte 0x89,0x56,0x48,0x48,0xC1,0xEA,0x09,0x48,0x01,0xD0,0x48,0x83,0xC0,0x08,0x4D,0x85
	.byte 0xFF,0x0F,0x84,0x45,0x00,0x00,0x00,0x49,0x89,0x4E,0x20,0x48,0x89,0xF9,0x4C,0x89
	.byte 0xFF,0x48,0x89,0xF2,0x48,0x89,0xC6,0x4D,0x89,0x7E,0x58,0x49,0x89,0x9E,0x88,0x00
	.byte 0x00,0x00,0x4D,0x89,0x4E,0x40,0x4D,0x89,0x46,0x60,0x41,0xBB,0x5B,0x01,0x00,0x00
	.byte 0x4D,0x89,0x1E,0x48,0x8D,0x05,0x06,0x00,0x00,0x00,0xE9,0xED,0x23,0xFF,0xFF,0x90
	.byte 0x49,0x8B,0x86,0x98,0x00,0x00,0x00,0xE9,0x08,0x00,0x00,0x00,0x49,0x8B,0x86,0x98
	.byte 0x00,0x00,0x00,0x90,0x49,0x81,0xC6,0xA0,0x00,0x00,0x00,0xFF,0xE0,0x90,0x48,0xC1
	.byte 0xEE,0x09,0x4C,0x01,0xE6,0x48,0x8B,0x56,0x18,0x48,0x8B,0x76,0x20,0x48,0x89,0xD1
	.byte 0x48,0xC1,0xE9,0x09,0x4C,0x01,0xE1,0x48,0x8B,0x49,0x08,0xFF,0xE1,0x90,0x48,0xC1
	.byte 0xEA,0x09,0x4C,0x01,0xE2,0x48,0x8B,0x4A,0x18,0x48,0x8B,0x52,0x20,0x49,0x89,0xC8
	.byte 0x49,0xC1,0xE8,0x09,0x4D,0x01,0xE0,0x4D,0x8B,0x40,0x08,0x41,0xFF,0xE0,0x48,0xC1
	.byte 0xEE,0x09,0x4C,0x01,0xE6,0x48,0x8B,0x4E,0x18,0x48,0x89,0xF2,0x48,0x8B,0x72,0x20
	.byte 0x48,0x8B,0x52,0x28,0x49,0x89,0xC8,0x49,0xC1,0xE8,0x09,0x4D,0x01,0xE0,0x4D,0x8B
	.byte 0x40,0x08,0x41,0xFF,0xE0,0x90,0x48,0xC1,0xE9,0x09,0x4C,0x01,0xE1,0x4C,0x8B,0x41
	.byte 0x18,0x48,0x8B,0x49,0x20,0x4D,0x89,0xC1,0x49,0xC1,0xE9,0x09,0x4D,0x01,0xE1,0x4D
	.byte 0x8B,0x49,0x08,0x41,0xFF,0xE1,0x48,0xC1,0xEA,0x09,0x4C,0x01,0xE2,0x4C,0x8B,0x42
	.byte 0x18,0x48,0x8B,0x5A,0x20,0x48,0x8B,0x4A,0x28,0x4C,0x89,0xC2,0x48,0xC1,0xEA,0x09
	.byte 0x4C,0x01,0xE2,0x4C,0x8B,0x4A,0x08,0x48,0x89,0xDA,0x41,0xFF,0xE1,0x90,0x48,0xC1
	.byte 0xEE,0x09,0x48,0x89,0xF1,0x4C,0x01,0xE1,0x4C,0x8B,0x41,0x18,0x48,0x8B,0x71,0x20
	.byte 0x48,0x8B,0x51,0x28,0x48,0x8B,0x49,0x30,0x4D,0x89,0xC1,0x49,0xC1,0xE9,0x09,0x4D
	.byte 0x01,0xE1,0x4D,0x8B,0x49,0x08,0x41,0xFF,0xE1,0x90,0x49,0xC1,0xE8,0x09,0x4D,0x01
	.byte 0xE0,0x4D,0x8B,0x48,0x18,0x4D,0x8B,0x40,0x20,0x4C,0x89,0xCB,0x48,0xC1,0xEB,0x09
	.byte 0x4C,0x01,0xE3,0x48,0x8B,0x5B,0x08,0xFF,0xE3,0x90,0x49,0x89,0xC8,0x49,0xC1,0xE8
	.byte 0x09,0x4D,0x01,0xE0,0x4D,0x8B,0x48,0x18,0x49,0x8B,0x48,0x20,0x4D,0x8B,0x40,0x28
	.byte 0x4C,0x89,0xCB,0x48,0xC1,0xEB,0x09,0x4C,0x01,0xE3,0x48,0x8B,0x5B,0x08,0xFF,0xE3
	.byte 0x49,0x89,0xD0,0x49,0xC1,0xE8,0x09,0x4D,0x01,0xE0,0x4D,0x8B,0x48,0x18,0x49,0x8B
	.byte 0x50,0x20,0x49,0x8B,0x48,0x28,0x4D,0x8B,0x40,0x30,0x4C,0x89,0xCB,0x48,0xC1,0xEB
	.byte 0x09,0x4C,0x01,0xE3,0x48,0x8B,0x5B,0x08,0xFF,0xE3,0x49,0x89,0xF0,0x49,0xC1,0xE8
	.byte 0x09,0x4D,0x01,0xE0,0x4D,0x8B,0x48,0x18,0x49,0x8B,0x70,0x20,0x49,0x8B,0x50,0x28
	.byte 0x49,0x8B,0x48,0x30,0x4D,0x8B,0x40,0x38,0x4C,0x89,0xCB,0x48,0xC1,0xEB,0x09,0x4C
	.byte 0x01,0xE3,0x48,0x8B,0x5B,0x08,0xFF,0xE3,0x49,0xC1,0xE9,0x09,0x4D,0x01,0xE1,0x49
	.byte 0x8B,0x59,0x18,0x4D,0x8B,0x49,0x20,0x49,0x89,0xDF,0x49,0xC1,0xEF,0x09,0x4D,0x01
	.byte 0xE7,0x4D,0x8B,0x7F,0x08,0x41,0xFF,0xE7,0x4D,0x89,0xC1,0x49,0xC1,0xE9,0x09,0x4D
	.byte 0x01,0xE1,0x49,0x8B,0x59,0x18,0x4D,0x8B,0x41,0x20,0x4D,0x8B,0x49,0x28,0x49,0x89
	.byte 0xDF,0x49,0xC1,0xEF,0x09,0x4D,0x01,0xE7,0x4D,0x8B,0x7F,0x08,0x41,0xFF,0xE7,0x90
	.byte 0x49,0x89,0xC9,0x49,0xC1,0xE9,0x09,0x4D,0x01,0xE1,0x49,0x8B,0x59,0x18,0x49,0x8B
	.byte 0x49,0x20,0x4D,0x8B,0x41,0x28,0x4D,0x8B,0x49,0x30,0x49,0x89,0xDF,0x49,0xC1,0xEF
	.byte 0x09,0x4D,0x01,0xE7,0x4D,0x8B,0x7F,0x08,0x41,0xFF,0xE7,0x90,0x49,0x89,0xD1,0x49
	.byte 0xC1,0xE9,0x09,0x4D,0x01,0xE1,0x49,0x8B,0x59,0x18,0x49,0x8B,0x51,0x20,0x49,0x8B
	.byte 0x49,0x28,0x4D,0x8B,0x41,0x30,0x4D,0x8B,0x49,0x38,0x49,0x89,0xDF,0x49,0xC1,0xEF
	.byte 0x09,0x4D,0x01,0xE7,0x4D,0x8B,0x7F,0x08,0x41,0xFF,0xE7,0x90,0x49,0x89,0xF1,0x49
	.byte 0xC1,0xE9,0x09,0x4D,0x01,0xE1,0x49,0x8B,0x59,0x18,0x49,0x8B,0x71,0x20,0x49,0x8B
	.byte 0x51,0x28,0x49,0x8B,0x49,0x30,0x4D,0x8B,0x41,0x38,0x4D,0x8B,0x49,0x40,0x49,0x89
	.byte 0xDF,0x49,0xC1,0xEF,0x09,0x4D,0x01,0xE7,0x4D,0x8B,0x7F,0x08,0x41,0xFF,0xE7,0x90
	.byte 0x49,0x83,0xEE,0x10,0x4D,0x39,0xEE,0x0F,0x82,0xAF,0x0E,0xFF,0xFF,0x90,0x48,0xC1
	.byte 0xEB,0x09,0x4C,0x01,0xE3,0x4C,0x8B,0x7B,0x18,0x48,0x8B,0x5B,0x20,0x4D,0x89,0x7E
	.byte 0x08,0x49,0xC1,0xEF,0x09,0x4D,0x01,0xE7,0x4D,0x8B,0x7F,0x08,0x4D,0x8B,0x56,0x08
	.byte 0x4D,0x89,0x7E,0x08,0x4D,0x89,0xD7,0x4D,0x8B,0x56,0x08,0x49,0x83,0xC6,0x10,0x41
	.byte 0xFF,0xE2,0x49,0x83,0xEE,0x10,0x4D,0x39,0xEE,0x0F,0x82,0x6D,0x0E,0xFF,0xFF,0x90
	.byte 0x4C,0x89,0xCB,0x48,0xC1,0xEB,0x09,0x4C,0x01,0xE3,0x4C,0x8B,0x7B,0x18,0x4C,0x8B
	.byte 0x4B,0x20,0x48,0x8B,0x5B,0x28,0x4D,0x89,0x7E,0x08,0x49,0xC1,0xEF,0x09,0x4D,0x01
	.byte 0xE7,0x4D,0x8B,0x7F,0x08,0x4D,0x8B,0x56,0x08,0x4D,0x89,0x7E,0x08,0x4D,0x89,0xD7
	.byte 0x4D,0x8B,0x56,0x08,0x49,0x83,0xC6,0x10,0x41,0xFF,0xE2,0x90,0x49,0x83,0xEE,0x10
	.byte 0x4D,0x39,0xEE,0x0F,0x82,0x23,0x0E,0xFF,0xFF,0x90,0x4C,0x89,0xC3,0x48,0xC1,0xEB
	.byte 0x09,0x4C,0x01,0xE3,0x4C,0x8B,0x7B,0x18,0x4C,0x8B,0x43,0x20,0x4C,0x8B,0x4B,0x28
	.byte 0x48,0x8B,0x5B,0x30,0x4D,0x89,0x7E,0x08,0x49,0xC1,0xEF,0x09,0x4D,0x01,0xE7,0x4D
	.byte 0x8B,0x7F,0x08,0x4D,0x8B,0x56,0x08,0x4D,0x89,0x7E,0x08,0x4D,0x89,0xD7,0x4D,0x8B
	.byte 0x56,0x08,0x49,0x83,0xC6,0x10,0x41,0xFF,0xE2,0x90,0x49,0x83,0xEE,0x10,0x4D,0x39
	.byte 0xEE,0x0F,0x82,0xD5,0x0D,0xFF,0xFF,0x90,0x48,0x89,0xCB,0x48,0xC1,0xEB,0x09,0x4C
	.byte 0x01,0xE3,0x4C,0x8B,0x7B,0x18,0x48,0x8B,0x4B,0x20,0x4C,0x8B,0x43,0x28,0x4C,0x8B
	.byte 0x4B,0x30,0x48,0x8B,0x5B,0x38,0x4D,0x89,0x7E,0x08,0x49,0xC1,0xEF,0x09,0x4D,0x01
	.byte 0xE7,0x4D,0x8B,0x7F,0x08,0x4D,0x8B,0x56,0x08,0x4D,0x89,0x7E,0x08,0x4D,0x89,0xD7
	.byte 0x4D,0x8B,0x56,0x08,0x49,0x83,0xC6,0x10,0x41,0xFF,0xE2,0x90,0x49,0x83,0xEE,0x10
	.byte 0x4D,0x39,0xEE,0x0F,0x82,0x83,0x0D,0xFF,0xFF,0x90,0x48,0x89,0xD3,0x48,0xC1,0xEB
	.byte 0x09,0x4C,0x01,0xE3,0x4C,0x8B,0x7B,0x18,0x48,0x8B,0x53,0x20,0x48,0x8B,0x4B,0x28
	.byte 0x4C,0x8B,0x43,0x30,0x4C,0x8B,0x4B,0x38,0x48,0x8B,0x5B,0x40,0x4D,0x89,0x7E,0x08
	.byte 0x49,0xC1,0xEF,0x09,0x4D,0x01,0xE7,0x4D,0x8B,0x7F,0x08,0x4D,0x8B,0x56,0x08,0x4D
	.byte 0x89,0x7E,0x08,0x4D,0x89,0xD7,0x4D,0x8B,0x56,0x08,0x49,0x83,0xC6,0x10,0x41,0xFF
	.byte 0xE2,0x90,0x49,0x83,0xEE,0x10,0x4D,0x39,0xEE,0x0F,0x82,0x2D,0x0D,0xFF,0xFF,0x90
	.byte 0x48,0x89,0xF3,0x48,0xC1,0xEB,0x09,0x4C,0x01,0xE3,0x4C,0x8B,0x7B,0x18,0x48,0x8B
	.byte 0x73,0x20,0x48,0x8B,0x53,0x28,0x48,0x8B,0x4B,0x30,0x4C,0x8B,0x43,0x38,0x4C,0x8B
	.byte 0x4B,0x40,0x48,0x8B,0x5B,0x48,0x4D,0x89,0x7E,0x08,0x49,0xC1,0xEF,0x09,0x4D,0x01
	.byte 0xE7,0x4D,0x8B,0x7F,0x08,0x4D,0x8B,0x56,0x08,0x4D,0x89,0x7E,0x08,0x4D,0x89,0xD7
	.byte 0x4D,0x8B,0x56,0x08,0x49,0x83,0xC6,0x10,0x41,0xFF,0xE2,0x90,0x49,0x83,0xEE,0x18
	.byte 0x4D,0x39,0xEE,0x0F,0x82,0xD3,0x0C,0xFF,0xFF,0x90,0x49,0x89,0x46,0x10,0x4C,0x89
	.byte 0xF8,0x49,0x89,0x7E,0x08,0x48,0xC1,0xE8,0x09,0x4C,0x01,0xE0,0x48,0x8B,0x78,0x18
	.byte 0x4C,0x8B,0x78,0x20,0x48,0x89,0xF8,0x48,0xC1,0xEF,0x09,0x4C,0x01,0xE7,0x48,0x8B
	.byte 0x7F,0x08,0x4D,0x8B,0x56,0x10,0x49,0x89,0x46,0x10,0x4C,0x89,0xD0,0x4D,0x8B,0x56
	.byte 0x08,0x49,0x89,0x7E,0x08,0x4C,0x89,0xD7,0x4D,0x8B,0x56,0x08,0x49,0x83,0xC6,0x10
	.byte 0x41,0xFF,0xE2,0x90,0x49,0x83,0xEE,0x18,0x4D,0x39,0xEE,0x0F,0x82,0x7B,0x0C,0xFF
	.byte 0xFF,0x90,0x49,0x89,0x46,0x10,0x48,0xC1,0xEB,0x09,0x4C,0x01,0xE3,0x48,0x8B,0x43
	.byte 0x18,0x4C,0x8B,0x5B,0x20,0x4D,0x89,0x5E,0x08,0x4C,0x8B,0x7B,0x28,0x48,0x89,0xC3
	.byte 0x48,0xC1,0xE8,0x09,0x4C,0x01,0xE0,0x48,0x8B,0x40,0x08,0x4D,0x8B,0x56,0x10,0x49
	.byte 0x89,0x5E,0x10,0x49,0x8B,0x5E,0x08,0x49,0x89,0x46,0x08,0x4C,0x89,0xD0,0x4D,0x8B
	.byte 0x56,0x08,0x49,0x83,0xC6,0x10,0x41,0xFF,0xE2,0x90,0x49,0x83,0xEE,0x18,0x4D,0x39
	.byte 0xEE,0x0F,0x82,0x25,0x0C,0xFF,0xFF,0x90,0x4D,0x89,0xCF,0x49,0x89,0x46,0x10,0x49
	.byte 0xC1,0xEF,0x09,0x4D,0x01,0xE7,0x49,0x8B,0x47,0x18,0x4D,0x8B,0x4F,0x20,0x49,0x8B
	.byte 0x5F,0x28,0x4D,0x8B,0x7F,0x30,0x49,0x89,0x46,0x08,0x48,0xC1,0xE8,0x09,0x4C,0x01
	.byte 0xE0,0x48,0x8B,0x40,0x08,0x4D,0x8B,0x56,0x10,0x4D,0x8B,0x5E,0x08,0x4D,0x89,0x5E
	.byte 0x10,0x49,0x89,0x46,0x08,0x4C,0x89,0xD0,0x4D,0x8B,0x56,0x08,0x49,0x83,0xC6,0x10
	.byte 0x41,0xFF,0xE2,0x90,0x49,0x83,0xEE,0x18,0x4D,0x39,0xEE,0x0F,0x82,0xCB,0x0B,0xFF
	.byte 0xFF,0x90,0x4C,0x89,0xC3,0x49,0x89,0x46,0x10,0x48,0xC1,0xEB,0x09,0x4C,0x01,0xE3
	.byte 0x48,0x8B,0x43,0x18,0x4C,0x8B,0x43,0x20,0x4C,0x8B,0x4B,0x28,0x4C,0x8B,0x5B,0x30
	.byte 0x4D,0x89,0x5E,0x08,0x4C,0x8B,0x7B,0x38,0x48,0x89,0xC3,0x48,0xC1,0xE8,0x09,0x4C
	.byte 0x01,0xE0,0x48,0x8B,0x40,0x08,0x4D,0x8B,0x56,0x10,0x49,0x89,0x5E,0x10,0x49,0x8B
	.byte 0x5E,0x08,0x49,0x89,0x46,0x08,0x4C,0x89,0xD0,0x4D,0x8B,0x56,0x08,0x49,0x83,0xC6
	.byte 0x10,0x41,0xFF,0xE2,0x49,0x83,0xEE,0x18,0x4D,0x39,0xEE,0x0F,0x82,0x6B,0x0B,0xFF
	.byte 0xFF,0x90,0x49,0x89,0xCF,0x49,0x89,0x46,0x10,0x49,0xC1,0xEF,0x09,0x4D,0x01,0xE7
	.byte 0x49,0x8B,0x47,0x18,0x49,0x8B,0x4F,0x20,0x4D,0x8B,0x47,0x28,0x4D,0x8B,0x4F,0x30
	.byte 0x49,0x8B,0x5F,0x38,0x4D,0x8B,0x7F,0x40,0x49,0x89,0x46,0x08,0x48,0xC1,0xE8,0x09
	.byte 0x4C,0x01,0xE0,0x48,0x8B,0x40,0x08,0x4D,0x8B,0x56,0x10,0x4D,0x8B,0x5E,0x08,0x4D
	.byte 0x89,0x5E,0x10,0x49,0x89,0x46,0x08,0x4C,0x89,0xD0,0x4D,0x8B,0x56,0x08,0x49,0x83
	.byte 0xC6,0x10,0x41,0xFF,0xE2,0x90,0x49,0x83,0xEE,0x18,0x4D,0x39,0xEE,0x0F,0x82,0x09
	.byte 0x0B,0xFF,0xFF,0x90,0x48,0x89,0xD3,0x49,0x89,0x46,0x10,0x48,0xC1,0xEB,0x09,0x4C
	.byte 0x01,0xE3,0x48,0x8B,0x43,0x18,0x48,0x8B,0x53,0x20,0x48,0x8B,0x4B,0x28,0x4C,0x8B
	.byte 0x43,0x30,0x4C,0x8B,0x4B,0x38,0x4C,0x8B,0x5B,0x40,0x4D,0x89,0x5E,0x08,0x4C,0x8B
	.byte 0x7B,0x48,0x48,0x89,0xC3,0x48,0xC1,0xE8,0x09,0x4C,0x01,0xE0,0x48,0x8B,0x40,0x08
	.byte 0x4D,0x8B,0x56,0x10,0x49,0x89,0x5E,0x10,0x49,0x8B,0x5E,0x08,0x49,0x89,0x46,0x08
	.byte 0x4C,0x89,0xD0,0x4D,0x8B,0x56,0x08,0x49,0x83,0xC6,0x10,0x41,0xFF,0xE2,0x49,0x83
	.byte 0xEE,0x18,0x4D,0x39,0xEE,0x0F,0x82,0xA1,0x0A,0xFF,0xFF,0x90,0x49,0x89,0xF7,0x49
	.byte 0x89,0x46,0x10,0x49,0xC1,0xEF,0x09,0x4D,0x01,0xE7,0x49,0x8B,0x47,0x18,0x49,0x8B
	.byte 0x77,0x20,0x49,0x8B,0x57,0x28,0x49,0x8B,0x4F,0x30,0x4D,0x8B,0x47,0x38,0x4D,0x8B
	.byte 0x4F,0x40,0x49,0x8B,0x5F,0x48,0x4D,0x8B,0x7F,0x50,0x49,0x89,0x46,0x08,0x48,0xC1
	.byte 0xE8,0x09,0x4C,0x01,0xE0,0x48,0x8B,0x40,0x08,0x4D,0x8B,0x56,0x10,0x4D,0x8B,0x5E
	.byte 0x08,0x4D,0x89,0x5E,0x10,0x49,0x89,0x46,0x08,0x4C,0x89,0xD0,0x4D,0x8B,0x56,0x08
	.byte 0x49,0x83,0xC6,0x10,0x41,0xFF,0xE2,0x90,0x49,0x83,0xEE,0x18,0x4D,0x39,0xEE,0x0F
	.byte 0x82,0x37,0x0A,0xFF,0xFF,0x90,0x49,0x89,0x7E,0x10,0x49,0x8B,0x7E,0x18,0x49,0x89
	.byte 0x46,0x18,0x4D,0x89,0x7E,0x08,0x48,0xC1,0xEF,0x09,0x4C,0x01,0xE7,0x48,0x8B,0x47
	.byte 0x18,0x4C,0x8B,0x7F,0x20,0x48,0x89,0xC7,0x48,0xC1,0xE8,0x09,0x4C,0x01,0xE0,0x48
	.byte 0x8B,0x40,0x08,0x4D,0x8B,0x56,0x18,0x4D,0x89,0x7E,0x18,0x4D,0x8B,0x7E,0x08,0x49
	.byte 0x89,0x46,0x08,0x4C,0x89,0xD0,0x4D,0x8B,0x56,0x10,0x49,0x89,0x7E,0x10,0x4C,0x89
	.byte 0xD7,0x4D,0x8B,0x56,0x08,0x49,0x83,0xC6,0x10,0x41,0xFF,0xE2,0x49,0x83,0xEE,0x20
	.byte 0x4D,0x39,0xEE,0x0F,0x82,0xD3,0x09,0xFF,0xFF,0x90,0x49,0x89,0x46,0x18,0x4C,0x89
	.byte 0xF8,0x48,0xC1,0xE8,0x09,0x4C,0x01,0xE0,0x4C,0x8B,0x78,0x18,0x4C,0x8B,0x58,0x20
	.byte 0x4D,0x89,0x5E,0x10,0x48,0x8B,0x40,0x28,0x4D,0x89,0x7E,0x08,0x49,0xC1,0xEF,0x09
	.byte 0x4D,0x01,0xE7,0x4D,0x8B,0x7F,0x08,0x4D,0x8B,0x56,0x18,0x49,0x89,0x46,0x18,0x4C
	.byte 0x89,0xD0,0x4D,0x8B,0x56,0x10,0x4D,0x8B,0x5E,0x08,0x4D,0x89,0x5E,0x10,0x4D,0x89
	.byte 0x7E,0x08,0x4D,0x89,0xD7,0x4D,0x8B,0x56,0x08,0x49,0x83,0xC6,0x10,0x41,0xFF,0xE2
	.byte 0x49,0x83,0xEE,0x20,0x4D,0x39,0xEE,0x0F,0x82,0x6F,0x09,0xFF,0xFF,0x90,0x49,0x89
	.byte 0x46,0x18,0x48,0x89,0xD8,0x48,0xC1,0xE8,0x09,0x4C,0x01,0xE0,0x4C,0x8B,0x78,0x18
	.byte 0x48,0x8B,0x58,0x20,0x4C,0x8B,0x58,0x28,0x4D,0x89,0x5E,0x10,0x48,0x8B,0x40,0x30
	.byte 0x4D,0x89,0x7E,0x08,0x49,0xC1,0xEF,0x09,0x4D,0x01,0xE7,0x4D,0x8B,0x7F,0x08,0x4D
	.byte 0x8B,0x56,0x18,0x49,0x89,0x46,0x18,0x4C,0x89,0xD0,0x4D,0x8B,0x56,0x10,0x4D,0x8B
	.byte 0x5E,0x08,0x4D,0x89,0x5E,0x10,0x4D,0x89,0x7E,0x08,0x4D,0x89,0xD7,0x4D,0x8B,0x56
	.byte 0x08,0x49,0x83,0xC6,0x10,0x41,0xFF,0xE2,0x49,0x83,0xEE,0x20,0x4D,0x39,0xEE,0x0F
	.byte 0x82,0x07,0x09,0xFF,0xFF,0x90,0x49,0x89,0x46,0x18,0x4C,0x89,0xC8,0x49,0x89,0x7E
	.byte 0x10,0x48,0xC1,0xE8,0x09,0x4C,0x01,0xE0,0x4C,0x8B,0x78,0x18,0x4C,0x8B,0x48,0x20
	.byte 0x48,0x8B,0x58,0x28,0x4C,0x8B,0x58,0x30,0x4D,0x89,0x5E,0x08,0x48,0x8B,0x40,0x38
	.byte 0x4C,0x89,0xFF,0x49,0xC1,0xEF,0x09,0x4D,0x01,0xE7,0x4D,0x8B,0x7F,0x08,0x4D,0x8B
	.byte 0x56,0x18,0x49,0x89,0x46,0x18,0x4C,0x89,0xD0,0x4D,0x8B,0x56,0x10,0x49,0x89,0x7E
	.byte 0x10,0x4C,0x89,0xD7,0x4D,0x8B,0x56,0x08,0x4D,0x89,0x7E,0x08,0x4D,0x89,0xD7,0x4D
	.byte 0x8B,0x56,0x08,0x49,0x83,0xC6,0x10,0x41,0xFF,0xE2,0x49,0x83,0xEE,0x20,0x4D,0x39
	.byte 0xEE,0x0F,0x82,0x95,0x08,0xFF,0xFF,0x90,0x49,0x89,0x46,0x18,0x4C,0x89,0xC0,0x48
	.byte 0xC1,0xE8,0x09,0x4C,0x01,0xE0,0x4C,0x8B,0x78,0x18,0x4C,0x8B,0x40,0x20,0x4C,0x8B
	.byte 0x48,0x28,0x48,0x8B,0x58,0x30,0x4C,0x8B,0x58,0x38,0x4D,0x89,0x5E,0x10,0x48,0x8B
	.byte 0x40,0x40,0x4D,0x89,0x7E,0x08,0x49,0xC1,0xEF,0x09,0x4D,0x01,0xE7,0x4D,0x8B,0x7F
	.byte 0x08,0x4D,0x8B,0x56,0x18,0x49,0x89,0x46,0x18,0x4C,0x89,0xD0,0x4D,0x8B,0x56,0x10
	.byte 0x4D,0x8B,0x5E,0x08,0x4D,0x89,0x5E,0x10,0x4D,0x89,0x7E,0x08,0x4D,0x89,0xD7,0x4D
	.byte 0x8B,0x56,0x08,0x49,0x83,0xC6,0x10,0x41,0xFF,0xE2,0x49,0x83,0xEE,0x20,0x4D,0x39
	.byte 0xEE,0x0F,0x82,0x25,0x08,0xFF,0xFF,0x90,0x49,0x89,0x46,0x18,0x48,0x89,0xC8,0x49
	.byte 0x89,0x7E,0x10,0x48,0xC1,0xE8,0x09,0x4C,0x01,0xE0,0x4C,0x8B,0x78,0x18,0x48,0x8B
	.byte 0x48,0x20,0x4C,0x8B,0x40,0x28,0x4C,0x8B,0x48,0x30,0x48,0x8B,0x58,0x38,0x4C,0x8B
	.byte 0x58,0x40,0x4D,0x89,0x5E,0x08,0x48,0x8B,0x40,0x48,0x4C,0x89,0xFF,0x49,0xC1,0xEF
	.byte 0x09,0x4D,0x01,0xE7,0x4D,0x8B,0x7F,0x08,0x4D,0x8B,0x56,0x18,0x49,0x89,0x46,0x18
	.byte 0x4C,0x89,0xD0,0x4D,0x8B,0x56,0x10,0x49,0x89,0x7E,0x10,0x4C,0x89,0xD7,0x4D,0x8B
	.byte 0x56,0x08,0x4D,0x89,0x7E,0x08,0x4D,0x89,0xD7,0x4D,0x8B,0x56,0x08,0x49,0x83,0xC6
	.byte 0x10,0x41,0xFF,0xE2,0x49,0x83,0xEE,0x20,0x4D,0x39,0xEE,0x0F,0x82,0xAB,0x07,0xFF
	.byte 0xFF,0x90,0x49,0x89,0x46,0x18,0x48,0x89,0xD0,0x48,0xC1,0xE8,0x09,0x4C,0x01,0xE0
	.byte 0x4C,0x8B,0x78,0x18,0x48,0x8B,0x50,0x20,0x48,0x8B,0x48,0x28,0x4C,0x8B,0x40,0x30
	.byte 0x4C,0x8B,0x48,0x38,0x48,0x8B,0x58,0x40,0x4C,0x8B,0x58,0x48,0x4D,0x89,0x5E,0x10
	.byte 0x48,0x8B,0x40,0x50,0x4D,0x89,0x7E,0x08,0x49,0xC1,0xEF,0x09,0x4D,0x01,0xE7,0x4D
	.byte 0x8B,0x7F,0x08,0x4D,0x8B,0x56,0x18,0x49,0x89,0x46,0x18,0x4C,0x89,0xD0,0x4D,0x8B
	.byte 0x56,0x10,0x4D,0x8B,0x5E,0x08,0x4D,0x89,0x5E,0x10,0x4D,0x89,0x7E,0x08,0x4D,0x89
	.byte 0xD7,0x4D,0x8B,0x56,0x08,0x49,0x83,0xC6,0x10,0x41,0xFF,0xE2,0x49,0x83,0xEE,0x20
	.byte 0x4D,0x39,0xEE,0x0F,0x82,0x33,0x07,0xFF,0xFF,0x90,0x49,0x89,0x46,0x18,0x48,0x89
	.byte 0xF0,0x49,0x89,0x7E,0x10,0x48,0xC1,0xE8,0x09,0x4C,0x01,0xE0,0x4C,0x8B,0x78,0x18
	.byte 0x48,0x8B,0x70,0x20,0x48,0x8B,0x50,0x28,0x48,0x8B,0x48,0x30,0x4C,0x8B,0x40,0x38
	.byte 0x4C,0x8B,0x48,0x40,0x48,0x8B,0x58,0x48,0x4C,0x8B,0x58,0x50,0x4D,0x89,0x5E,0x08
	.byte 0x48,0x8B,0x40,0x58,0x4C,0x89,0xFF,0x49,0xC1,0xEF,0x09,0x4D,0x01,0xE7,0x4D,0x8B
	.byte 0x7F,0x08,0x4D,0x8B,0x56,0x18,0x49,0x89,0x46,0x18,0x4C,0x89,0xD0,0x4D,0x8B,0x56
	.byte 0x10,0x49,0x89,0x7E,0x10,0x4C,0x89,0xD7,0x4D,0x8B,0x56,0x08,0x4D,0x89,0x7E,0x08
	.byte 0x4D,0x89,0xD7,0x4D,0x8B,0x56,0x08,0x49,0x83,0xC6,0x10,0x41,0xFF,0xE2,0x49,0x83
	.byte 0xEE,0x18,0x4D,0x39,0xEE,0x0F,0x82,0xB1,0x06,0xFF,0xFF,0x90,0x4D,0x8B,0x5E,0x20
	.byte 0x4D,0x89,0x5E,0x08,0x49,0x89,0x46,0x20,0x49,0x8B,0x46,0x18,0x49,0x89,0x7E,0x18
	.byte 0x49,0x89,0x76,0x10,0x48,0xC1,0xE8,0x09,0x4C,0x01,0xE0,0x48,0x8B,0x70,0x18,0x48
	.byte 0x8B,0x40,0x20,0x48,0x89,0xF7,0x48,0xC1,0xEE,0x09,0x4C,0x01,0xE6,0x48,0x8B,0x76
	.byte 0x08,0x4D,0x8B,0x56,0x20,0x4D,0x8B,0x5E,0x08,0x4D,0x89,0x5E,0x20,0x49,0x89,0x76
	.byte 0x08,0x49,0x8B,0x76,0x10,0x49,0x89,0x7E,0x10,0x49,0x8B,0x7E,0x18,0x49,0x89,0x46
	.byte 0x18,0x4C,0x89,0xD0,0x4D,0x8B,0x56,0x08,0x49,0x83,0xC6,0x10,0x41,0xFF,0xE2,0x90
	.byte 0x49,0x83,0xEE,0x20,0x4D,0x39,0xEE,0x0F,0x82,0x3F,0x06,0xFF,0xFF,0x90,0x4D,0x8B
	.byte 0x56,0x20,0x49,0x89,0x46,0x20,0x4C,0x89,0xD0,0x4D,0x89,0x7E,0x18,0x48,0xC1,0xE8
	.byte 0x09,0x4C,0x01,0xE0,0x4C,0x8B,0x78,0x18,0x4C,0x8B,0x58,0x20,0x4D,0x89,0x5E,0x10
	.byte 0x48,0x8B,0x40,0x28,0x4D,0x89,0x7E,0x08,0x49,0xC1,0xEF,0x09,0x4D,0x01,0xE7,0x4D
	.byte 0x8B,0x7F,0x08,0x4D,0x8B,0x56,0x20,0x4D,0x8B,0x5E,0x10,0x4D,0x89,0x5E,0x20,0x4D
	.byte 0x8B,0x5E,0x08,0x4D,0x89,0x5E,0x10,0x4D,0x89,0x7E,0x08,0x4D,0x8B,0x7E,0x18,0x49
	.byte 0x89,0x46,0x18,0x4C,0x89,0xD0,0x4D,0x8B,0x56,0x08,0x49,0x83,0xC6,0x10,0x41,0xFF
	.byte 0xE2,0x90,0x49,0x83,0xEE,0x28,0x4D,0x39,0xEE,0x0F,0x82,0xCD,0x05,0xFF,0xFF,0x90
	.byte 0x49,0x89,0x46,0x20,0x4C,0x89,0xF8,0x49,0x89,0x7E,0x18,0x49,0x89,0x76,0x10,0x48
	.byte 0xC1,0xE8,0x09,0x4C,0x01,0xE0,0x48,0x8B,0x70,0x18,0x4C,0x8B,0x78,0x20,0x4C,0x8B
	.byte 0x58,0x28,0x4D,0x89,0x5E,0x08,0x48,0x8B,0x40,0x30,0x48,0x89,0xF7,0x48,0xC1,0xEE
	.byte 0x09,0x4C,0x01,0xE6,0x48,0x8B,0x76,0x08,0x4D,0x8B,0x56,0x20,0x4D,0x8B,0x5E,0x08
	.byte 0x4D,0x89,0x5E,0x20,0x49,0x89,0x76,0x08,0x49,0x8B,0x76,0x10,0x49,0x89,0x7E,0x10
	.byte 0x49,0x8B,0x7E,0x18,0x49,0x89,0x46,0x18,0x4C,0x89,0xD0,0x4D,0x8B,0x56,0x08,0x49
	.byte 0x83,0xC6,0x10,0x41,0xFF,0xE2,0x49,0x83,0xEE,0x28,0x4D,0x39,0xEE,0x0F,0x82,0x59
	.byte 0x05,0xFF,0xFF,0x90,0x49,0x89,0xDF,0x49,0x89,0x46,0x20,0x49,0xC1,0xEF,0x09,0x4D
	.byte 0x01,0xE7,0x49,0x8B,0x47,0x18,0x49,0x8B,0x5F,0x20,0x4D,0x8B,0x5F,0x28,0x4D,0x89
	.byte 0x5E,0x18,0x4D,0x8B,0x5F,0x30,0x4D,0x89,0x5E,0x10,0x4D,0x8B,0x7F,0x38,0x49,0x89
	.byte 0x46,0x08,0x4D,0x8B,0x5E,0x08,0x49,0xC1,0xEB,0x09,0x4D,0x89,0x5E,0x08,0x4D,0x8B
	.byte 0x5E,0x08,0x4D,0x01,0xE3,0x4D,0x89,0x5E,0x08,0x4D,0x8B,0x5E,0x08,0x4D,0x8B,0x5B
	.byte 0x08,0x4D,0x89,0x5E,0x08,0x4D,0x8B,0x56,0x20,0x4D,0x8B,0x5E,0x10,0x4D,0x89,0x5E
	.byte 0x20,0x49,0x89,0x46,0x10,0x4C,0x89,0xD0,0x4D,0x8B,0x56,0x18,0x4D,0x89,0x7E,0x18
	.byte 0x4D,0x89,0xD7,0x4D,0x8B,0x56,0x08,0x49,0x83,0xC6,0x10,0x41,0xFF,0xE2,0x49,0x83
	.byte 0xEE,0x28,0x4D,0x39,0xEE,0x0F,0x82,0xD1,0x04,0xFF,0xFF,0x90,0x49,0x89,0x46,0x20
	.byte 0x4C,0x89,0xC8,0x49,0x89,0x7E,0x18,0x48,0xC1,0xE8,0x09,0x4C,0x01,0xE0,0x48,0x8B
	.byte 0x78,0x18,0x4C,0x8B,0x48,0x20,0x48,0x8B,0x58,0x28,0x4C,0x8B,0x78,0x30,0x4C,0x8B
	.byte 0x58,0x38,0x4D,0x89,0x5E,0x10,0x48,0x8B,0x40,0x40,0x49,0x89,0x7E,0x08,0x48,0xC1
	.byte 0xEF,0x09,0x4C,0x01,0xE7,0x48,0x8B,0x7F,0x08,0x4D,0x8B,0x56,0x20,0x4D,0x8B,0x5E
	.byte 0x10,0x4D,0x89,0x5E,0x20,0x4D,0x8B,0x5E,0x08,0x4D,0x89,0x5E,0x10,0x49,0x89,0x7E
	.byte 0x08,0x49,0x8B,0x7E,0x18,0x49,0x89,0x46,0x18,0x4C,0x89,0xD0,0x4D,0x8B,0x56,0x08
	.byte 0x49,0x83,0xC6,0x10,0x41,0xFF,0xE2,0x90,0x49,0x83,0xEE,0x28,0x4D,0x39,0xEE,0x0F
	.byte 0x82,0x57,0x04,0xFF,0xFF,0x90,0x4D,0x89,0xC7,0x49,0x89,0x46,0x20,0x49,0xC1,0xEF
	.byte 0x09,0x4D,0x01,0xE7,0x49,0x8B,0x47,0x18,0x4D,0x8B,0x47,0x20,0x4D,0x8B,0x4F,0x28
	.byte 0x49,0x8B,0x5F,0x30,0x4D,0x8B,0x5F,0x38,0x4D,0x89,0x5E,0x18,0x4D,0x8B,0x5F,0x40
	.byte 0x4D,0x89,0x5E,0x10,0x4D,0x8B,0x7F,0x48,0x49,0x89,0x46,0x08,0x4D,0x8B,0x5E,0x08
	.byte 0x49,0xC1,0xEB,0x09,0x4D,0x89,0x5E,0x08,0x4D,0x8B,0x5E,0x08,0x4D,0x01,0xE3,0x4D
	.byte 0x89,0x5E,0x08,0x4D,0x8B,0x5E,0x08,0x4D,0x8B,0x5B,0x08,0x4D,0x89,0x5E,0x08,0x4D
	.byte 0x8B,0x56,0x20,0x4D,0x8B,0x5E,0x10,0x4D,0x89,0x5E,0x20,0x49,0x89,0x46,0x10,0x4C
	.byte 0x89,0xD0,0x4D,0x8B,0x56,0x18,0x4D,0x89,0x7E,0x18,0x4D,0x89,0xD7,0x4D,0x8B,0x56
	.byte 0x08,0x49,0x83,0xC6,0x10,0x41,0xFF,0xE2,0x49,0x83,0xEE,0x28,0x4D,0x39,0xEE,0x0F
	.byte 0x82,0xC7,0x03,0xFF,0xFF,0x90,0x49,0x89,0x46,0x20,0x48,0x89,0xC8,0x49,0x89,0x7E
	.byte 0x18,0x48,0xC1,0xE8,0x09,0x4C,0x01,0xE0,0x48,0x8B,0x78,0x18,0x48,0x8B,0x48,0x20
	.byte 0x4C,0x8B,0x40,0x28,0x4C,0x8B,0x48,0x30,0x48,0x8B,0x58,0x38,0x4C,0x8B,0x78,0x40
	.byte 0x4C,0x8B,0x58,0x48,0x4D,0x89,0x5E,0x10,0x48,0x8B,0x40,0x50,0x49,0x89,0x7E,0x08
	.byte 0x48,0xC1,0xEF,0x09,0x4C,0x01,0xE7,0x48,0x8B,0x7F,0x08,0x4D,0x8B,0x56,0x20,0x4D
	.byte 0x8B,0x5E,0x10,0x4D,0x89,0x5E,0x20,0x4D,0x8B,0x5E,0x08,0x4D,0x89,0x5E,0x10,0x49
	.byte 0x89,0x7E,0x08,0x49,0x8B,0x7E,0x18,0x49,0x89,0x46,0x18,0x4C,0x89,0xD0,0x4D,0x8B
	.byte 0x56,0x08,0x49,0x83,0xC6,0x10,0x41,0xFF,0xE2,0x90,0x49,0x83,0xEE,0x28,0x4D,0x39
	.byte 0xEE,0x0F,0x82,0x45,0x03,0xFF,0xFF,0x90,0x49,0x89,0xD7,0x49,0x89,0x46,0x20,0x49
	.byte 0xC1,0xEF,0x09,0x4D,0x01,0xE7,0x49,0x8B,0x47,0x18,0x49,0x8B,0x57,0x20,0x49,0x8B
	.byte 0x4F,0x28,0x4D,0x8B,0x47,0x30,0x4D,0x8B,0x4F,0x38,0x49,0x8B,0x5F,0x40,0x4D,0x8B
	.byte 0x5F,0x48,0x4D,0x89,0x5E,0x18,0x4D,0x8B,0x5F,0x50,0x4D,0x89,0x5E,0x10,0x4D,0x8B
	.byte 0x7F,0x58,0x49,0x89,0x46,0x08,0x4D,0x8B,0x5E,0x08,0x49,0xC1,0xEB,0x09,0x4D,0x89
	.byte 0x5E,0x08,0x4D,0x8B,0x5E,0x08,0x4D,0x01,0xE3,0x4D,0x89,0x5E,0x08,0x4D,0x8B,0x5E
	.byte 0x08,0x4D,0x8B,0x5B,0x08,0x4D,0x89,0x5E,0x08,0x4D,0x8B,0x56,0x20,0x4D,0x8B,0x5E
	.byte 0x10,0x4D,0x89,0x5E,0x20,0x49,0x89,0x46,0x10,0x4C,0x89,0xD0,0x4D,0x8B,0x56,0x18
	.byte 0x4D,0x89,0x7E,0x18,0x4D,0x89,0xD7,0x4D,0x8B,0x56,0x08,0x49,0x83,0xC6,0x10,0x41
	.byte 0xFF,0xE2,0x49,0x83,0xEE,0x28,0x4D,0x39,0xEE,0x0F,0x82,0xAD,0x02,0xFF,0xFF,0x90
	.byte 0x49,0x89,0x46,0x20,0x48,0x89,0xF0,0x49,0x89,0x7E,0x18,0x48,0xC1,0xE8,0x09,0x4C
	.byte 0x01,0xE0,0x48,0x8B,0x78,0x18,0x48,0x8B,0x70,0x20,0x48,0x8B,0x50,0x28,0x48,0x8B
	.byte 0x48,0x30,0x4C,0x8B,0x40,0x38,0x4C,0x8B,0x48,0x40,0x48,0x8B,0x58,0x48,0x4C,0x8B
	.byte 0x78,0x50,0x4C,0x8B,0x58,0x58,0x4D,0x89,0x5E,0x10,0x48,0x8B,0x40,0x60,0x49,0x89
	.byte 0x7E,0x08,0x48,0xC1,0xEF,0x09,0x4C,0x01,0xE7,0x48,0x8B,0x7F,0x08,0x4D,0x8B,0x56
	.byte 0x20,0x4D,0x8B,0x5E,0x10,0x4D,0x89,0x5E,0x20,0x4D,0x8B,0x5E,0x08,0x4D,0x89,0x5E
	.byte 0x10,0x49,0x89,0x7E,0x08,0x49,0x8B,0x7E,0x18,0x49,0x89,0x46,0x18,0x4C,0x89,0xD0
	.byte 0x4D,0x8B,0x56,0x08,0x49,0x83,0xC6,0x10,0x41,0xFF,0xE2,0x90,0x49,0x83,0xEE,0x18
	.byte 0x4D,0x39,0xEE,0x0F,0x82,0x23,0x02,0xFF,0xFF,0x90,0x48,0x89,0xF2,0x48,0x89,0xF9
	.byte 0x48,0xC1,0xEE,0x09,0x4C,0x01,0xE6,0x48,0x8B,0x7E,0x10,0x48,0x83,0xFF,0x00,0x0F
	.byte 0x85,0x4F,0x00,0x00,0x00,0x48,0x89,0xF7,0x48,0x89,0xD6,0x48,0x8B,0x57,0x08,0xBF
	.byte 0x02,0x00,0x00,0x00,0x49,0x89,0x46,0x10,0x49,0x89,0x4E,0x08,0x41,0xBB,0x5C,0x01
	.byte 0x00,0x00,0x4D,0x89,0x1E,0x48,0x8D,0x05,0x02,0x00,0x00,0x00,0xFF,0xE2,0x49,0x8B
	.byte 0x76,0x10,0x49,0x8B,0x46,0x08,0x48,0xC1,0xE8,0x09,0x4C,0x01,0xE0,0x48,0xBA,0x3B
	.byte 0x00,0x00,0x00,0x01,0x00,0x00,0x00,0x48,0x89,0x10,0x48,0x89,0x78,0x08,0x49,0x83
	.byte 0xC6,0x18,0xFF,0xE6,0xBF,0x02,0x00,0x00,0x00,0x48,0x89,0xD6,0x49,0x89,0x46,0x10
	.byte 0x49,0x89,0x4E,0x08,0x41,0xBB,0x5D,0x01,0x00,0x00,0x4D,0x89,0x1E,0x48,0x8D,0x05
	.byte 0x06,0x00,0x00,0x00,0xE9,0x9B,0x3F,0xFF,0xFF,0x90,0x49,0x8B,0x76,0x10,0x49,0x8B
	.byte 0x46,0x08,0x48,0xC1,0xE8,0x09,0x4C,0x01,0xE0,0x48,0xBA,0x3B,0x00,0x00,0x00,0x01
	.byte 0x00,0x00,0x00,0x48,0x89,0x10,0x48,0x89,0x78,0x08,0x49,0x83,0xC6,0x18,0xFF,0xE6
	.byte 0x49,0x81,0xEE,0x40,0x01,0x00,0x00,0x4D,0x39,0xEE,0x0F,0x82,0x5C,0x01,0xFF,0xFF
	.byte 0xBF,0x04,0x00,0x00,0x00,0x49,0x89,0x86,0x38,0x01,0x00,0x00,0x41,0xBB,0x5E,0x01
	.byte 0x00,0x00,0x4D,0x89,0x1E,0x48,0x8D,0x05,0x06,0x00,0x00,0x00,0xE9,0x0F,0x35,0xFF
	.byte 0xFF,0x90,0x49,0x8B,0x45,0xD8,0x49,0x8B,0x7D,0xF8,0x48,0x29,0xF8,0x48,0x3D,0x70
	.byte 0x01,0x00,0x00,0x0F,0x83,0x1B,0x00,0x00,0x00,0xBF,0x70,0x01,0x00,0x00,0x41,0xBB
	.byte 0x5F,0x01,0x00,0x00,0x4D,0x89,0x1E,0x48,0x8D,0x05,0x06,0x00,0x00,0x00,0xE9,0x15
	.byte 0x01,0xFF,0xFF,0x90,0x4C,0x8D,0x1D,0x47,0xFE,0xFF,0xFF,0x4D,0x89,0x9E,0x30,0x01
	.byte 0x00,0x00,0x4C,0x8D,0x1D,0xA1,0xFD,0xFF,0xFF,0x4D,0x89,0x9E,0x28,0x01,0x00,0x00
	.byte 0x4C,0x8D,0x1D,0x11,0xFD,0xFF,0xFF,0x4D,0x89,0x9E,0x20,0x01,0x00,0x00,0x4C,0x8D
	.byte 0x1D,0x73,0xFC,0xFF,0xFF,0x4D,0x89,0x9E,0x18,0x01,0x00,0x00,0x4C,0x8D,0x1D,0xEB
	.byte 0xFB,0xFF,0xFF,0x4D,0x89,0x9E,0x10,0x01,0x00,0x00,0x4C,0x8D,0x1D,0x55,0xFB,0xFF
	.byte 0xFF,0x4D,0x89,0x9E,0x08,0x01,0x00,0x00,0x4C,0x8D,0x1D,0xD3,0xFA,0xFF,0xFF,0x4D
	.byte 0x89,0x9E,0x00,0x01,0x00,0x00,0x4C,0x8D,0x1D,0x53,0xFA,0xFF,0xFF,0x4D,0x89,0x9E
	.byte 0xF8,0x00,0x00,0x00,0x4C,0x8D,0x1D,0xD3,0xF9,0xFF,0xFF,0x4D,0x89,0x9E,0xF0,0x00
	.byte 0x00,0x00,0x4C,0x8D,0x1D,0x43,0xF9,0xFF,0xFF,0x4D,0x89,0x9E,0xE8,0x00,0x00,0x00
	.byte 0x4C,0x8D,0x1D,0xBD,0xF8,0xFF,0xFF,0x4D,0x89,0x9E,0xE0,0x00,0x00,0x00,0x4C,0x8D
	.byte 0x1D,0x35,0xF8,0xFF,0xFF,0x4D,0x89,0x9E,0xD8,0x00,0x00,0x00,0x4C,0x8D,0x1D,0xB7
	.byte 0xF7,0xFF,0xFF,0x4D,0x89,0x9E,0xD0,0x00,0x00,0x00,0x4C,0x8D,0x1D,0x37,0xF7,0xFF
	.byte 0xFF,0x4D,0x89,0x9E,0xC8,0x00,0x00,0x00,0x4C,0x8D,0x1D,0xC1,0xF6,0xFF,0xFF,0x4D
	.byte 0x89,0x9E,0xC0,0x00,0x00,0x00,0x4C,0x8D,0x1D,0x4F,0xF6,0xFF,0xFF,0x4D,0x89,0x9E
	.byte 0xB8,0x00,0x00,0x00,0x4C,0x8D,0x1D,0xDD,0xF5,0xFF,0xFF,0x4D,0x89,0x9E,0xB0,0x00
	.byte 0x00,0x00,0x4C,0x8D,0x1D,0x65,0xF5,0xFF,0xFF,0x4D,0x89,0x9E,0xA8,0x00,0x00,0x00
	.byte 0x4C,0x8D,0x1D,0xEF,0xF4,0xFF,0xFF,0x4D,0x89,0x9E,0xA0,0x00,0x00,0x00,0x4C,0x8D
	.byte 0x1D,0x7F,0xF4,0xFF,0xFF,0x4D,0x89,0x9E,0x98,0x00,0x00,0x00,0x4C,0x8D,0x1D,0x11
	.byte 0xF4,0xFF,0xFF,0x4D,0x89,0x9E,0x90,0x00,0x00,0x00,0x4C,0x8D,0x1D,0xA9,0xF3,0xFF
	.byte 0xFF,0x4D,0x89,0x9E,0x88,0x00,0x00,0x00,0x4C,0x8D,0x1D,0x45,0xF3,0xFF,0xFF,0x4D
	.byte 0x89,0x9E,0x80,0x00,0x00,0x00,0x4C,0x8D,0x1D,0xDF,0xF2,0xFF,0xFF,0x4D,0x89,0x5E
	.byte 0x78,0x4C,0x8D,0x1D,0x7A,0xF2,0xFF,0xFF,0x4D,0x89,0x5E,0x70,0x4C,0x8D,0x1D,0x19
	.byte 0xF2,0xFF,0xFF,0x4D,0x89,0x5E,0x68,0x4C,0x8D,0x1D,0xBC,0xF1,0xFF,0xFF,0x4D,0x89
	.byte 0x5E,0x60,0x4C,0x8D,0x1D,0x63,0xF1,0xFF,0xFF,0x4D,0x89,0x5E,0x58,0x4C,0x8D,0x1D
	.byte 0x0E,0xF1,0xFF,0xFF,0x4D,0x89,0x5E,0x50,0x4C,0x8D,0x1D,0xC1,0xF0,0xFF,0xFF,0x4D
	.byte 0x89,0x5E,0x48,0x4C,0x8D,0x3D,0x82,0xF0,0xFF,0xFF,0x4C,0x8D,0x1D,0x4B,0xF0,0xFF
	.byte 0xFF,0x4D,0x89,0x5E,0x40,0x48,0x8D,0x1D,0x14,0xF0,0xFF,0xFF,0x4C,0x8D,0x1D,0xE5
	.byte 0xEF,0xFF,0xFF,0x4D,0x89,0x5E,0x38,0x4C,0x8D,0x0D,0xBA,0xEF,0xFF,0xFF,0x4C,0x8D
	.byte 0x1D,0x85,0xEF,0xFF,0xFF,0x4D,0x89,0x5E,0x30,0x4C,0x8D,0x05,0x50,0xEF,0xFF,0xFF
	.byte 0x4C,0x8D,0x1D,0x23,0xEF,0xFF,0xFF,0x4D,0x89,0x5E,0x28,0x48,0x8D,0x0D,0xF8,0xEE
	.byte 0xFF,0xFF,0x4C,0x8D,0x1D,0xC5,0xEE,0xFF,0xFF,0x4D,0x89,0x5E,0x20,0x48,0x8D,0x15
	.byte 0x92,0xEE,0xFF,0xFF,0x4C,0x8D,0x1D,0x6B,0xEE,0xFF,0xFF,0x4D,0x89,0x5E,0x18,0x48
	.byte 0x8D,0x35,0x38,0xEE,0xFF,0xFF,0x4C,0x8D,0x1D,0x11,0xEE,0xFF,0xFF,0x4D,0x89,0x5E
	.byte 0x10,0x48,0x8D,0x3D,0xE6,0xED,0xFF,0xFF,0x4D,0x8B,0x5D,0xF8,0x4D,0x89,0x5E,0x08
	.byte 0x48,0xB8,0x03,0x00,0x00,0x00,0x2D,0x00,0x00,0x00,0x4D,0x8B,0x5E,0x08,0x49,0x89
	.byte 0x03,0x49,0x8B,0x46,0x08,0x48,0x89,0x78,0x08,0x4D,0x8B,0x56,0x10,0x4C,0x89,0x50
	.byte 0x10,0x48,0x89,0x70,0x18,0x4D,0x8B,0x56,0x18,0x4C,0x89,0x50,0x20,0x48,0x89,0x50
	.byte 0x28,0x4D,0x8B,0x56,0x20,0x4C,0x89,0x50,0x30,0x48,0x89,0x48,0x38,0x4D,0x8B,0x56
	.byte 0x28,0x4C,0x89,0x50,0x40,0x4C,0x89,0x40,0x48,0x4D,0x8B,0x56,0x30,0x4C,0x89,0x50
	.byte 0x50,0x4C,0x89,0x48,0x58,0x4D,0x8B,0x56,0x38,0x4C,0x89,0x50,0x60,0x48,0x89,0x58
	.byte 0x68,0x4D,0x8B,0x56,0x40,0x4C,0x89,0x50,0x70,0x4C,0x89,0x78,0x78,0x4D,0x8B,0x56
	.byte 0x48,0x4C,0x89,0x90,0x80,0x00,0x00,0x00,0x4D,0x8B,0x56,0x50,0x4C,0x89,0x90,0x88
	.byte 0x00,0x00,0x00,0x4D,0x8B,0x56,0x58,0x4C,0x89,0x90,0x90,0x00,0x00,0x00,0x4D,0x8B
	.byte 0x56,0x60,0x4C,0x89,0x90,0x98,0x00,0x00,0x00,0x4D,0x8B,0x56,0x68,0x4C,0x89,0x90
	.byte 0xA0,0x00,0x00,0x00,0x4D,0x8B,0x56,0x70,0x4C,0x89,0x90,0xA8,0x00,0x00,0x00,0x4D
	.byte 0x8B,0x56,0x78,0x4C,0x89,0x90,0xB0,0x00,0x00,0x00,0x4D,0x8B,0x96,0x80,0x00,0x00
	.byte 0x00,0x4C,0x89,0x90,0xB8,0x00,0x00,0x00,0x4D,0x8B,0x96,0x88,0x00,0x00,0x00,0x4C
	.byte 0x89,0x90,0xC0,0x00,0x00,0x00,0x4D,0x8B,0x96,0x90,0x00,0x00,0x00,0x4C,0x89,0x90
	.byte 0xC8,0x00,0x00,0x00,0x4D,0x8B,0x96,0x98,0x00,0x00,0x00,0x4C,0x89,0x90,0xD0,0x00
	.byte 0x00,0x00,0x4D,0x8B,0x96,0xA0,0x00,0x00,0x00,0x4C,0x89,0x90,0xD8,0x00,0x00,0x00
	.byte 0x4D,0x8B,0x96,0xA8,0x00,0x00,0x00,0x4C,0x89,0x90,0xE0,0x00,0x00,0x00,0x4D,0x8B
	.byte 0x96,0xB0,0x00,0x00,0x00,0x4C,0x89,0x90,0xE8,0x00,0x00,0x00,0x4D,0x8B,0x96,0xB8
	.byte 0x00,0x00,0x00,0x4C,0x89,0x90,0xF0,0x00,0x00,0x00,0x4D,0x8B,0x96,0xC0,0x00,0x00
	.byte 0x00,0x4C,0x89,0x90,0xF8,0x00,0x00,0x00,0x4D,0x8B,0x96,0xC8,0x00,0x00,0x00,0x4C
	.byte 0x89,0x90,0x00,0x01,0x00,0x00,0x4D,0x8B,0x96,0xD0,0x00,0x00,0x00,0x4C,0x89,0x90
	.byte 0x08,0x01,0x00,0x00,0x4D,0x8B,0x96,0xD8,0x00,0x00,0x00,0x4C,0x89,0x90,0x10,0x01
	.byte 0x00,0x00,0x4D,0x8B,0x96,0xE0,0x00,0x00,0x00,0x4C,0x89,0x90,0x18,0x01,0x00,0x00
	.byte 0x4D,0x8B,0x96,0xE8,0x00,0x00,0x00,0x4C,0x89,0x90,0x20,0x01,0x00,0x00,0x4D,0x8B
	.byte 0x96,0xF0,0x00,0x00,0x00,0x4C,0x89,0x90,0x28,0x01,0x00,0x00,0x4D,0x8B,0x96,0xF8
	.byte 0x00,0x00,0x00,0x4C,0x89,0x90,0x30,0x01,0x00,0x00,0x4D,0x8B,0x96,0x00,0x01,0x00
	.byte 0x00,0x4C,0x89,0x90,0x38,0x01,0x00,0x00,0x4D,0x8B,0x96,0x08,0x01,0x00,0x00,0x4C
	.byte 0x89,0x90,0x40,0x01,0x00,0x00,0x4D,0x8B,0x96,0x10,0x01,0x00,0x00,0x4C,0x89,0x90
	.byte 0x48,0x01,0x00,0x00,0x4D,0x8B,0x96,0x18,0x01,0x00,0x00,0x4C,0x89,0x90,0x50,0x01
	.byte 0x00,0x00,0x4D,0x8B,0x96,0x20,0x01,0x00,0x00,0x4C,0x89,0x90,0x58,0x01,0x00,0x00
	.byte 0x4D,0x8B,0x96,0x28,0x01,0x00,0x00,0x4C,0x89,0x90,0x60,0x01,0x00,0x00,0x4D,0x8B
	.byte 0x96,0x30,0x01,0x00,0x00,0x4C,0x89,0x90,0x68,0x01,0x00,0x00,0x48,0x89,0xC7,0x4C
	.byte 0x29,0xE7,0x48,0xC1,0xE7,0x09,0x48,0x83,0xCF,0x1F,0x48,0x05,0x70,0x01,0x00,0x00
	.byte 0x49,0x89,0x45,0xF8,0x49,0x8B,0x45,0xB8,0x48,0x89,0x78,0x10,0x49,0x8B,0x86,0x38
	.byte 0x01,0x00,0x00,0x49,0x81,0xC6,0x30,0x01,0x00,0x00,0xE9,0x0F,0x00,0x00,0x00,0x90
	.byte 0x49,0x83,0xEE,0x10,0x4D,0x39,0xEE,0x0F,0x82,0xAF,0xFC,0xFE,0xFF,0x90,0xBF,0x04
	.byte 0x00,0x00,0x00,0x49,0x89,0x46,0x08,0x41,0xBB,0x60,0x01,0x00,0x00,0x4D,0x89,0x1E
	.byte 0x48,0x8D,0x05,0x05,0x00,0x00,0x00,0xE9,0x64,0x30,0xFF,0xFF,0x49,0x8B,0x46,0x08
	.byte 0xBF,0x02,0x00,0x00,0x00,0x49,0x8B,0x75,0xB8,0x48,0x89,0x7E,0x18,0xE9,0x0E,0x00
	.byte 0x00,0x00,0x49,0x83,0xEE,0x10,0x4D,0x39,0xEE,0x0F,0x82,0x6D,0xFC,0xFE,0xFF,0x90
	.byte 0xBF,0x1C,0x0C,0x00,0x00,0x49,0x89,0x46,0x08,0x41,0xBB,0x61,0x01,0x00,0x00,0x4D
	.byte 0x89,0x1E,0x48,0x8D,0x05,0x05,0x00,0x00,0x00,0xE9,0x22,0x30,0xFF,0xFF,0x49,0x8B
	.byte 0x46,0x08,0xE9,0x0F,0x00,0x00,0x00,0x90,0x49,0x83,0xEE,0x10,0x4D,0x39,0xEE,0x0F
	.byte 0x82,0x37,0xFC,0xFE,0xFF,0x90,0x49,0x8B,0x7D,0xD8,0x49,0x8B,0x75,0xF8,0x48,0x29
	.byte 0xF7,0x48,0x83,0xFF,0x10,0x0F,0x83,0x23,0x00,0x00,0x00,0xBF,0x10,0x00,0x00,0x00
	.byte 0x49,0x89,0x46,0x08,0x41,0xBB,0x62,0x01,0x00,0x00,0x4D,0x89,0x1E,0x48,0x8D,0x05
	.byte 0x06,0x00,0x00,0x00,0xE9,0x0F,0xFC,0xFE,0xFF,0x90,0x49,0x8B,0x46,0x08,0xBE,0x02
	.byte 0x00,0x00,0x00,0x49,0x8B,0x7D,0xD8,0x48,0x83,0xC7,0xF0,0x49,0x89,0x7D,0xD8,0x49
	.byte 0x8B,0x7D,0xF0,0x48,0x83,0xC7,0xF0,0x49,0x89,0x7D,0xF0,0x48,0xBA,0x0B,0x00,0x00
	.byte 0x00,0x01,0x00,0x00,0x00,0x48,0x89,0x17,0x48,0x89,0x77,0x08,0x4C,0x29,0xE7,0x48
	.byte 0xC1,0xE7,0x09,0x48,0x83,0xCF,0x01,0x49,0x8B,0x75,0xB8,0x48,0x89,0x7E,0x20,0xE9
	.byte 0x0E,0x00,0x00,0x00,0x49,0x83,0xEE,0x10,0x4D,0x39,0xEE,0x0F,0x82,0xAB,0xFB,0xFE
	.byte 0xFF,0x90,0x49,0x8B,0x7D,0xD8,0x49,0x8B,0x75,0xF8,0x48,0x29,0xF7,0x48,0x83,0xFF
	.byte 0x18,0x0F,0x83,0x23,0x00,0x00,0x00,0xBF,0x18,0x00,0x00,0x00,0x49,0x89,0x46,0x08
	.byte 0x41,0xBB,0x63,0x01,0x00,0x00,0x4D,0x89,0x1E,0x48,0x8D,0x05,0x06,0x00,0x00,0x00
	.byte 0xE9,0x83,0xFB,0xFE,0xFF,0x90,0x49,0x8B,0x46,0x08,0x31,0xFF,0x48,0x8D,0x15,0x0B
	.byte 0x2C,0x00,0x00,0x49,0x8B,0x75,0xF8,0x48,0xB9,0xE3,0x01,0x00,0x00,0x02,0x00,0x00
	.byte 0x00,0x48,0x89,0x0E,0x48,0x89,0x56,0x08,0x48,0x89,0x7E,0x10,0x48,0x89,0xF7,0x4C
	.byte 0x29,0xE7,0x48,0xC1,0xE7,0x09,0x48,0x81,0xCF,0xE5,0x01,0x00,0x00,0x48,0x83,0xC6
	.byte 0x18,0x49,0x89,0x75,0xF8,0x49,0x8B,0x75,0xB8,0x48,0x89,0xBE,0xC0,0x03,0x00,0x00
	.byte 0xE9,0x0F,0x00,0x00,0x00,0x90,0x49,0x83,0xEE,0x10,0x4D,0x39,0xEE,0x0F,0x82,0x19
	.byte 0xFB,0xFE,0xFF,0x90,0x49,0x8B,0x7D,0xD8,0x49,0x8B,0x75,0xF8,0x48,0x29,0xF7,0x48
	.byte 0x83,0xFF,0x18,0x0F,0x83,0x23,0x00,0x00,0x00,0xBF,0x18,0x00,0x00,0x00,0x49,0x89
	.byte 0x46,0x08,0x41,0xBB,0x64,0x01,0x00,0x00,0x4D,0x89,0x1E,0x48,0x8D,0x05,0x06,0x00
	.byte 0x00,0x00,0xE9,0xF1,0xFA,0xFE,0xFF,0x90,0x49,0x8B,0x46,0x08,0x31,0xFF,0x48,0x8D
	.byte 0x15,0xDB,0x2B,0x00,0x00,0x49,0x8B,0x75,0xF8,0x48,0xB9,0xE3,0x01,0x00,0x00,0x02
	.byte 0x00,0x00,0x00,0x48,0x89,0x0E,0x48,0x89,0x56,0x08,0x48,0x89,0x7E,0x10,0x48,0x89
	.byte 0xF7,0x4C,0x29,0xE7,0x48,0xC1,0xE7,0x09,0x48,0x81,0xCF,0xE5,0x01,0x00,0x00,0x48
	.byte 0x83,0xC6,0x18,0x49,0x89,0x75,0xF8,0x49,0x8B,0x75,0xB8,0x48,0x89,0xBE,0xC8,0x03
	.byte 0x00,0x00,0xE9,0x0F,0x00,0x00,0x00,0x90,0x49,0x83,0xEE,0x10,0x4D,0x39,0xEE,0x0F
	.byte 0x82,0x87,0xFA,0xFE,0xFF,0x90,0x49,0x8B,0x7D,0xD8,0x49,0x8B,0x75,0xF8,0x48,0x29
	.byte 0xF7,0x48,0x83,0xFF,0x18,0x0F,0x83,0x23,0x00,0x00,0x00,0xBF,0x18,0x00,0x00,0x00
	.byte 0x49,0x89,0x46,0x08,0x41,0xBB,0x65,0x01,0x00,0x00,0x4D,0x89,0x1E,0x48,0x8D,0x05
	.byte 0x06,0x00,0x00,0x00,0xE9,0x5F,0xFA,0xFE,0xFF,0x90,0x49,0x8B,0x46,0x08,0xBF,0x04
	.byte 0x00,0x00,0x00,0x48,0x8D,0x15,0x74,0x2B,0x00,0x00,0x49,0x8B,0x75,0xF8,0x48,0xB9
	.byte 0xE3,0x01,0x00,0x00,0x02,0x00,0x00,0x00,0x48,0x89,0x0E,0x48,0x89,0x56,0x08,0x48
	.byte 0x89,0x7E,0x10,0x48,0x89,0xF7,0x4C,0x29,0xE7,0x48,0xC1,0xE7,0x09,0x48,0x81,0xCF
	.byte 0xE5,0x01,0x00,0x00,0x48,0x83,0xC6,0x18,0x49,0x89,0x75,0xF8,0x49,0x8B,0x75,0xB8
	.byte 0x48,0x89,0xBE,0x10,0x05,0x00,0x00,0xE9,0x0E,0x00,0x00,0x00,0x49,0x83,0xEE,0x10
	.byte 0x4D,0x39,0xEE,0x0F,0x82,0xF3,0xF9,0xFE,0xFF,0x90,0x49,0x8B,0x7D,0xD8,0x49,0x8B
	.byte 0x75,0xF8,0x48,0x29,0xF7,0x48,0x83,0xFF,0x18,0x0F,0x83,0x23,0x00,0x00,0x00,0xBF
	.byte 0x18,0x00,0x00,0x00,0x49,0x89,0x46,0x08,0x41,0xBB,0x66,0x01,0x00,0x00,0x4D,0x89
	.byte 0x1E,0x48,0x8D,0x05,0x06,0x00,0x00,0x00,0xE9,0xCB,0xF9,0xFE,0xFF,0x90,0x49,0x8B
	.byte 0x46,0x08,0x31,0xFF,0x48,0x8D,0x15,0x07,0x2C,0x00,0x00,0x49,0x8B,0x75,0xF8,0x48
	.byte 0xB9,0xE3,0x01,0x00,0x00,0x02,0x00,0x00,0x00,0x48,0x89,0x0E,0x48,0x89,0x56,0x08
	.byte 0x48,0x89,0x7E,0x10,0x48,0x89,0xF7,0x4C,0x29,0xE7,0x48,0xC1,0xE7,0x09,0x48,0x81
	.byte 0xCF,0xE5,0x01,0x00,0x00,0x48,0x83,0xC6,0x18,0x49,0x89,0x75,0xF8,0x49,0x8B,0x75
	.byte 0xB8,0x48,0x89,0xBE,0x40,0x05,0x00,0x00,0xE9,0x0F,0x00,0x00,0x00,0x90,0x49,0x83
	.byte 0xEE,0x10,0x4D,0x39,0xEE,0x0F,0x82,0x61,0xF9,0xFE,0xFF,0x90,0x49,0x8B,0x7D,0xD8
	.byte 0x49,0x8B,0x75,0xF8,0x48,0x29,0xF7,0x48,0x83,0xFF,0x18,0x0F,0x83,0x23,0x00,0x00
	.byte 0x00,0xBF,0x18,0x00,0x00,0x00,0x49,0x89,0x46,0x08,0x41,0xBB,0x67,0x01,0x00,0x00
	.byte 0x4D,0x89,0x1E,0x48,0x8D,0x05,0x06,0x00,0x00,0x00,0xE9,0x39,0xF9,0xFE,0xFF,0x90
	.byte 0x49,0x8B,0x46,0x08,0xBF,0x04,0x00,0x00,0x00,0x48,0x8D,0x15,0x5A,0x2C,0x00,0x00
	.byte 0x49,0x8B,0x75,0xF8,0x48,0xB9,0xE3,0x01,0x00,0x00,0x02,0x00,0x00,0x00,0x48,0x89
	.byte 0x0E,0x48,0x89,0x56,0x08,0x48,0x89,0x7E,0x10,0x48,0x89,0xF7,0x4C,0x29,0xE7,0x48
	.byte 0xC1,0xE7,0x09,0x48,0x81,0xCF,0xE5,0x01,0x00,0x00,0x48,0x83,0xC6,0x18,0x49,0x89
	.byte 0x75,0xF8,0x49,0x8B,0x75,0xB8,0x48,0x89,0xBE,0xF0,0x05,0x00,0x00,0xE9,0x0E,0x00
	.byte 0x00,0x00,0x49,0x83,0xEE,0x10,0x4D,0x39,0xEE,0x0F,0x82,0xCD,0xF8,0xFE,0xFF,0x90
	.byte 0x49,0x8B,0x7D,0xD8,0x49,0x8B,0x75,0xF8,0x48,0x29,0xF7,0x48,0x83,0xFF,0x18,0x0F
	.byte 0x83,0x23,0x00,0x00,0x00,0xBF,0x18,0x00,0x00,0x00,0x49,0x89,0x46,0x08,0x41,0xBB
	.byte 0x68,0x01,0x00,0x00,0x4D,0x89,0x1E,0x48,0x8D,0x05,0x06,0x00,0x00,0x00,0xE9,0xA5
	.byte 0xF8,0xFE,0xFF,0x90,0x49,0x8B,0x46,0x08,0xBF,0x04,0x00,0x00,0x00,0x48,0x8D,0x15
	.byte 0x38,0x2C,0x00,0x00,0x49,0x8B,0x75,0xF8,0x48,0xB9,0xE3,0x01,0x00,0x00,0x02,0x00
	.byte 0x00,0x00,0x48,0x89,0x0E,0x48,0x89,0x56,0x08,0x48,0x89,0x7E,0x10,0x48,0x89,0xF7
	.byte 0x4C,0x29,0xE7,0x48,0xC1,0xE7,0x09,0x48,0x81,0xCF,0xE5,0x01,0x00,0x00,0x48,0x83
	.byte 0xC6,0x18,0x49,0x89,0x75,0xF8,0x49,0x8B,0x75,0xB8,0x48,0x89,0xBE,0xF8,0x05,0x00
	.byte 0x00,0xE9,0x0E,0x00,0x00,0x00,0x49,0x83,0xEE,0x10,0x4D,0x39,0xEE,0x0F,0x82,0x39
	.byte 0xF8,0xFE,0xFF,0x90,0x49,0x8B,0x7D,0xD8,0x49,0x8B,0x75,0xF8,0x48,0x29,0xF7,0x48
	.byte 0x83,0xFF,0x18,0x0F,0x83,0x23,0x00,0x00,0x00,0xBF,0x18,0x00,0x00,0x00,0x49,0x89
	.byte 0x46,0x08,0x41,0xBB,0x69,0x01,0x00,0x00,0x4D,0x89,0x1E,0x48,0x8D,0x05,0x06,0x00
	.byte 0x00,0x00,0xE9,0x11,0xF8,0xFE,0xFF,0x90,0x49,0x8B,0x46,0x08,0xBF,0x04,0x00,0x00
	.byte 0x00,0x48,0x8D,0x15,0x16,0x2C,0x00,0x00,0x49,0x8B,0x75,0xF8,0x48,0xB9,0xE3,0x01
	.byte 0x00,0x00,0x02,0x00,0x00,0x00,0x48,0x89,0x0E,0x48,0x89,0x56,0x08,0x48,0x89,0x7E
	.byte 0x10,0x48,0x89,0xF7,0x4C,0x29,0xE7,0x48,0xC1,0xE7,0x09,0x48,0x81,0xCF,0xE5,0x01
	.byte 0x00,0x00,0x48,0x83,0xC6,0x18,0x49,0x89,0x75,0xF8,0x49,0x8B,0x75,0xB8,0x48,0x89
	.byte 0xBE,0x00,0x06,0x00,0x00,0xE9,0x0E,0x00,0x00,0x00,0x49,0x83,0xEE,0x10,0x4D,0x39
	.byte 0xEE,0x0F,0x82,0xA5,0xF7,0xFE,0xFF,0x90,0x49,0x8B,0x7D,0xD8,0x49,0x8B,0x75,0xF8
	.byte 0x48,0x29,0xF7,0x48,0x83,0xFF,0x18,0x0F,0x83,0x23,0x00,0x00,0x00,0xBF,0x18,0x00
	.byte 0x00,0x00,0x49,0x89,0x46,0x08,0x41,0xBB,0x6A,0x01,0x00,0x00,0x4D,0x89,0x1E,0x48
	.byte 0x8D,0x05,0x06,0x00,0x00,0x00,0xE9,0x7D,0xF7,0xFE,0xFF,0x90,0x49,0x8B,0x46,0x08
	.byte 0xBF,0x04,0x00,0x00,0x00,0x48,0x8D,0x15,0xF8,0x2B,0x00,0x00,0x49,0x8B,0x75,0xF8
	.byte 0x48,0xB9,0xE3,0x01,0x00,0x00,0x02,0x00,0x00,0x00,0x48,0x89,0x0E,0x48,0x89,0x56
	.byte 0x08,0x48,0x89,0x7E,0x10,0x48,0x89,0xF7,0x4C,0x29,0xE7,0x48,0xC1,0xE7,0x09,0x48
	.byte 0x81,0xCF,0xE5,0x01,0x00,0x00,0x48,0x83,0xC6,0x18,0x49,0x89,0x75,0xF8,0x49,0x8B
	.byte 0x75,0xB8,0x48,0x89,0xBE,0x18,0x06,0x00,0x00,0xE9,0x0E,0x00,0x00,0x00,0x49,0x83
	.byte 0xEE,0x10,0x4D,0x39,0xEE,0x0F,0x82,0x11,0xF7,0xFE,0xFF,0x90,0x49,0x8B,0x7D,0xD8
	.byte 0x49,0x8B,0x75,0xF8,0x48,0x29,0xF7,0x48,0x83,0xFF,0x18,0x0F,0x83,0x23,0x00,0x00
	.byte 0x00,0xBF,0x18,0x00,0x00,0x00,0x49,0x89,0x46,0x08,0x41,0xBB,0x6B,0x01,0x00,0x00
	.byte 0x4D,0x89,0x1E,0x48,0x8D,0x05,0x06,0x00,0x00,0x00,0xE9,0xE9,0xF6,0xFE,0xFF,0x90
	.byte 0x49,0x8B,0x46,0x08,0xBF,0x04,0x00,0x00,0x00,0x48,0x8D,0x15,0xDE,0x2B,0x00,0x00
	.byte 0x49,0x8B,0x75,0xF8,0x48,0xB9,0xE3,0x01,0x00,0x00,0x02,0x00,0x00,0x00,0x48,0x89
	.byte 0x0E,0x48,0x89,0x56,0x08,0x48,0x89,0x7E,0x10,0x48,0x89,0xF7,0x4C,0x29,0xE7,0x48
	.byte 0xC1,0xE7,0x09,0x48,0x81,0xCF,0xE5,0x01,0x00,0x00,0x48,0x83,0xC6,0x18,0x49,0x89
	.byte 0x75,0xF8,0x49,0x8B,0x75,0xB8,0x48,0x89,0xBE,0x28,0x06,0x00,0x00,0xE9,0x0E,0x00
	.byte 0x00,0x00,0x49,0x83,0xEE,0x10,0x4D,0x39,0xEE,0x0F,0x82,0x7D,0xF6,0xFE,0xFF,0x90
	.byte 0x49,0x8B,0x7D,0xD8,0x49,0x8B,0x75,0xF8,0x48,0x29,0xF7,0x48,0x83,0xFF,0x18,0x0F
	.byte 0x83,0x23,0x00,0x00,0x00,0xBF,0x18,0x00,0x00,0x00,0x49,0x89,0x46,0x08,0x41,0xBB
	.byte 0x6C,0x01,0x00,0x00,0x4D,0x89,0x1E,0x48,0x8D,0x05,0x06,0x00,0x00,0x00,0xE9,0x55
	.byte 0xF6,0xFE,0xFF,0x90,0x49,0x8B,0x46,0x08,0xBF,0x04,0x00,0x00,0x00,0x48,0x8D,0x15
	.byte 0xC4,0x2B,0x00,0x00,0x49,0x8B,0x75,0xF8,0x48,0xB9,0xE3,0x01,0x00,0x00,0x02,0x00
	.byte 0x00,0x00,0x48,0x89,0x0E,0x48,0x89,0x56,0x08,0x48,0x89,0x7E,0x10,0x48,0x89,0xF7
	.byte 0x4C,0x29,0xE7,0x48,0xC1,0xE7,0x09,0x48,0x81,0xCF,0xE5,0x01,0x00,0x00,0x48,0x83
	.byte 0xC6,0x18,0x49,0x89,0x75,0xF8,0x49,0x8B,0x75,0xB8,0x48,0x89,0xBE,0x30,0x06,0x00
	.byte 0x00,0xE9,0x0E,0x00,0x00,0x00,0x49,0x83,0xEE,0x10,0x4D,0x39,0xEE,0x0F,0x82,0xE9
	.byte 0xF5,0xFE,0xFF,0x90,0x49,0x8B,0x7D,0xD8,0x49,0x8B,0x75,0xF8,0x48,0x29,0xF7,0x48
	.byte 0x83,0xFF,0x18,0x0F,0x83,0x23,0x00,0x00,0x00,0xBF,0x18,0x00,0x00,0x00,0x49,0x89
	.byte 0x46,0x08,0x41,0xBB,0x6D,0x01,0x00,0x00,0x4D,0x89,0x1E,0x48,0x8D,0x05,0x06,0x00
	.byte 0x00,0x00,0xE9,0xC1,0xF5,0xFE,0xFF,0x90,0x49,0x8B,0x46,0x08,0x31,0xFF,0x48,0x8D
	.byte 0x15,0xA9,0x2B,0x00,0x00,0x49,0x8B,0x75,0xF8,0x48,0xB9,0xE3,0x01,0x00,0x00,0x02
	.byte 0x00,0x00,0x00,0x48,0x89,0x0E,0x48,0x89,0x56,0x08,0x48,0x89,0x7E,0x10,0x48,0x89
	.byte 0xF7,0x4C,0x29,0xE7,0x48,0xC1,0xE7,0x09,0x48,0x81,0xCF,0xE5,0x01,0x00,0x00,0x48
	.byte 0x83,0xC6,0x18,0x49,0x89,0x75,0xF8,0x49,0x8B,0x75,0xB8,0x48,0x89,0xBE,0x38,0x06
	.byte 0x00,0x00,0xE9,0x0F,0x00,0x00,0x00,0x90,0x49,0x83,0xEE,0x10,0x4D,0x39,0xEE,0x0F
	.byte 0x82,0x57,0xF5,0xFE,0xFF,0x90,0x49,0x8B,0x7D,0xD8,0x49,0x8B,0x75,0xF8,0x48,0x29
	.byte 0xF7,0x48,0x83,0xFF,0x18,0x0F,0x83,0x23,0x00,0x00,0x00,0xBF,0x18,0x00,0x00,0x00
	.byte 0x49,0x89,0x46,0x08,0x41,0xBB,0x6E,0x01,0x00,0x00,0x4D,0x89,0x1E,0x48,0x8D,0x05
	.byte 0x06,0x00,0x00,0x00,0xE9,0x2F,0xF5,0xFE,0xFF,0x90,0x49,0x8B,0x46,0x08,0xBF,0x04
	.byte 0x00,0x00,0x00,0x48,0x8D,0x15,0x7C,0x2B,0x00,0x00,0x49,0x8B,0x75,0xF8,0x48,0xB9
	.byte 0xE3,0x01,0x00,0x00,0x02,0x00,0x00,0x00,0x48,0x89,0x0E,0x48,0x89,0x56,0x08,0x48
	.byte 0x89,0x7E,0x10,0x48,0x89,0xF7,0x4C,0x29,0xE7,0x48,0xC1,0xE7,0x09,0x48,0x81,0xCF
	.byte 0xE5,0x01,0x00,0x00,0x48,0x83,0xC6,0x18,0x49,0x89,0x75,0xF8,0x49,0x8B,0x75,0xB8
	.byte 0x48,0x89,0xBE,0x48,0x06,0x00,0x00,0xE9,0x0E,0x00,0x00,0x00,0x49,0x83,0xEE,0x10
	.byte 0x4D,0x39,0xEE,0x0F,0x82,0xC3,0xF4,0xFE,0xFF,0x90,0x49,0x8B,0x7D,0xD8,0x49,0x8B
	.byte 0x75,0xF8,0x48,0x29,0xF7,0x48,0x83,0xFF,0x18,0x0F,0x83,0x23,0x00,0x00,0x00,0xBF
	.byte 0x18,0x00,0x00,0x00,0x49,0x89,0x46,0x08,0x41,0xBB,0x6F,0x01,0x00,0x00,0x4D,0x89
	.byte 0x1E,0x48,0x8D,0x05,0x06,0x00,0x00,0x00,0xE9,0x9B,0xF4,0xFE,0xFF,0x90,0x49,0x8B
	.byte 0x46,0x08,0xBF,0x04,0x00,0x00,0x00,0x48,0x8D,0x15,0x6C,0x2B,0x00,0x00,0x49,0x8B
	.byte 0x75,0xF8,0x48,0xB9,0xE3,0x01,0x00,0x00,0x02,0x00,0x00,0x00,0x48,0x89,0x0E,0x48
	.byte 0x89,0x56,0x08,0x48,0x89,0x7E,0x10,0x48,0x89,0xF7,0x4C,0x29,0xE7,0x48,0xC1,0xE7
	.byte 0x09,0x48,0x81,0xCF,0xE5,0x01,0x00,0x00,0x48,0x83,0xC6,0x18,0x49,0x89,0x75,0xF8
	.byte 0x49,0x8B,0x75,0xB8,0x48,0x89,0xBE,0x60,0x06,0x00,0x00,0x49,0x83,0xC6,0x10,0xE9
	.byte 0x00,0x00,0x00,0x00,0xBF,0x20,0x00,0x00,0x00,0x49,0x8B,0x75,0xB8,0x48,0x89,0xBE
	.byte 0x08,0x07,0x00,0x00,0xE9,0x01,0x00,0x00,0x00,0x90,0x49,0x83,0xEE,0x10,0x4D,0x39
	.byte 0xEE,0x0F,0x82,0x15,0xF4,0xFE,0xFF,0x90,0x49,0x8B,0x7D,0xD8,0x49,0x8B,0x75,0xF8
	.byte 0x48,0x29,0xF7,0x48,0x83,0xFF,0x18,0x0F,0x83,0x23,0x00,0x00,0x00,0xBF,0x18,0x00
	.byte 0x00,0x00,0x49,0x89,0x46,0x08,0x41,0xBB,0x70,0x01,0x00,0x00,0x4D,0x89,0x1E,0x48
	.byte 0x8D,0x05,0x06,0x00,0x00,0x00,0xE9,0xED,0xF3,0xFE,0xFF,0x90,0x49,0x8B,0x46,0x08
	.byte 0x31,0xFF,0x48,0x8D,0x15,0xE5,0x2B,0x00,0x00,0x49,0x8B,0x75,0xF8,0x48,0xB9,0xE3
	.byte 0x01,0x00,0x00,0x02,0x00,0x00,0x00,0x48,0x89,0x0E,0x48,0x89,0x56,0x08,0x48,0x89
	.byte 0x7E,0x10,0x48,0x89,0xF7,0x4C,0x29,0xE7,0x48,0xC1,0xE7,0x09,0x48,0x81,0xCF,0xE5
	.byte 0x01,0x00,0x00,0x48,0x83,0xC6,0x18,0x49,0x89,0x75,0xF8,0x49,0x8B,0x75,0xB8,0x48
	.byte 0x89,0xBE,0x10,0x07,0x00,0x00,0xE9,0x0F,0x00,0x00,0x00,0x90,0x49,0x83,0xEE,0x10
	.byte 0x4D,0x39,0xEE,0x0F,0x82,0x83,0xF3,0xFE,0xFF,0x90,0x49,0x8B,0x7D,0xD8,0x49,0x8B
	.byte 0x75,0xF8,0x48,0x29,0xF7,0x48,0x83,0xFF,0x18,0x0F,0x83,0x23,0x00,0x00,0x00,0xBF
	.byte 0x18,0x00,0x00,0x00,0x49,0x89,0x46,0x08,0x41,0xBB,0x71,0x01,0x00,0x00,0x4D,0x89
	.byte 0x1E,0x48,0x8D,0x05,0x06,0x00,0x00,0x00,0xE9,0x5B,0xF3,0xFE,0xFF,0x90,0x49,0x8B
	.byte 0x46,0x08,0xBF,0x0C,0x00,0x00,0x00,0x48,0x8D,0x15,0x64,0x2E,0x00,0x00,0x49,0x8B
	.byte 0x75,0xF8,0x48,0xB9,0xE3,0x01,0x00,0x00,0x02,0x00,0x00,0x00,0x48,0x89,0x0E,0x48
	.byte 0x89,0x56,0x08,0x48,0x89,0x7E,0x10,0x48,0x89,0xF7,0x4C,0x29,0xE7,0x48,0xC1,0xE7
	.byte 0x09,0x48,0x81,0xCF,0xE5,0x01,0x00,0x00,0x48,0x83,0xC6,0x18,0x49,0x89,0x75,0xF8
	.byte 0x49,0x8B,0x75,0xB8,0x48,0x89,0xBE,0x18,0x07,0x00,0x00,0xE9,0x0E,0x00,0x00,0x00
	.byte 0x49,0x83,0xEE,0x10,0x4D,0x39,0xEE,0x0F,0x82,0xEF,0xF2,0xFE,0xFF,0x90,0x49,0x8B
	.byte 0x7D,0xD8,0x49,0x8B,0x75,0xF8,0x48,0x29,0xF7,0x48,0x83,0xFF,0x18,0x0F,0x83,0x23
	.byte 0x00,0x00,0x00,0xBF,0x18,0x00,0x00,0x00,0x49,0x89,0x46,0x08,0x41,0xBB,0x72,0x01
	.byte 0x00,0x00,0x4D,0x89,0x1E,0x48,0x8D,0x05,0x06,0x00,0x00,0x00,0xE9,0xC7,0xF2,0xFE
	.byte 0xFF,0x90,0x49,0x8B,0x46,0x08,0xBF,0x04,0x00,0x00,0x00,0x48,0x8D,0x15,0xA8,0x32
	.byte 0x00,0x00,0x49,0x8B,0x75,0xF8,0x48,0xB9,0xE3,0x01,0x00,0x00,0x02,0x00,0x00,0x00
	.byte 0x48,0x89,0x0E,0x48,0x89,0x56,0x08,0x48,0x89,0x7E,0x10,0x48,0x89,0xF7,0x4C,0x29
	.byte 0xE7,0x48,0xC1,0xE7,0x09,0x48,0x81,0xCF,0xE5,0x01,0x00,0x00,0x48,0x83,0xC6,0x18
	.byte 0x49,0x89,0x75,0xF8,0x49,0x8B,0x75,0xB8,0x48,0x89,0xBE,0x20,0x07,0x00,0x00,0xE9
	.byte 0x0E,0x00,0x00,0x00,0x49,0x83,0xEE,0x10,0x4D,0x39,0xEE,0x0F,0x82,0x5B,0xF2,0xFE
	.byte 0xFF,0x90,0x49,0x8B,0x7D,0xD8,0x49,0x8B,0x75,0xF8,0x48,0x29,0xF7,0x48,0x83,0xFF
	.byte 0x18,0x0F,0x83,0x23,0x00,0x00,0x00,0xBF,0x18,0x00,0x00,0x00,0x49,0x89,0x46,0x08
	.byte 0x41,0xBB,0x73,0x01,0x00,0x00,0x4D,0x89,0x1E,0x48,0x8D,0x05,0x06,0x00,0x00,0x00
	.byte 0xE9,0x33,0xF2,0xFE,0xFF,0x90,0x49,0x8B,0x46,0x08,0x31,0xFF,0x48,0x8D,0x15,0xD7
	.byte 0x34,0x00,0x00,0x49,0x8B,0x75,0xF8,0x48,0xB9,0xE3,0x01,0x00,0x00,0x02,0x00,0x00
	.byte 0x00,0x48,0x89,0x0E,0x48,0x89,0x56,0x08,0x48,0x89,0x7E,0x10,0x48,0x89,0xF7,0x4C
	.byte 0x29,0xE7,0x48,0xC1,0xE7,0x09,0x48,0x81,0xCF,0xE5,0x01,0x00,0x00,0x48,0x83,0xC6
	.byte 0x18,0x49,0x89,0x75,0xF8,0x49,0x8B,0x75,0xB8,0x48,0x89,0xBE,0x28,0x07,0x00,0x00
	.byte 0xE9,0x0F,0x00,0x00,0x00,0x90,0x49,0x83,0xEE,0x10,0x4D,0x39,0xEE,0x0F,0x82,0xC9
	.byte 0xF1,0xFE,0xFF,0x90,0x48,0x89,0xC1,0x49,0x8B,0x45,0xD8,0x49,0x8B,0x7D,0xF8,0x48
	.byte 0x29,0xF8,0x48,0x83,0xF8,0x58,0x0F,0x83,0x22,0x00,0x00,0x00,0xBF,0x58,0x00,0x00
	.byte 0x00,0x49,0x89,0x4E,0x08,0x41,0xBB,0x74,0x01,0x00,0x00,0x4D,0x89,0x1E,0x48,0x8D
	.byte 0x05,0x05,0x00,0x00,0x00,0xE9,0x9E,0xF1,0xFE,0xFF,0x49,0x8B,0x4E,0x08,0x49,0x8B
	.byte 0x55,0xF8,0x48,0x89,0xD6,0x4C,0x29,0xE2,0x48,0xC1,0xE2,0x09,0xBF,0x74,0x01,0x00
	.byte 0x00,0x48,0x8D,0x05,0x06,0x00,0x00,0x00,0xE9,0x31,0xF5,0xFE,0xFF,0x90,0x48,0x81
	.byte 0xC2,0x03,0x50,0x00,0x00,0xB8,0x02,0x00,0x00,0x00,0x48,0xBF,0x03,0x00,0x00,0x00
	.byte 0x02,0x00,0x00,0x00,0x48,0x89,0x3E,0x48,0x89,0x46,0x08,0x48,0x89,0x56,0x10,0x48
	.byte 0x89,0xF0,0x4C,0x29,0xE0,0x48,0xC1,0xE0,0x09,0x48,0x83,0xC8,0x05,0x48,0x83,0xC6
	.byte 0x18,0x49,0x89,0x75,0xF8,0x49,0x8B,0x7D,0xB8,0x48,0x89,0x87,0xA8,0x08,0x00,0x00
	.byte 0x48,0x89,0xC8,0xE9,0x0E,0x00,0x00,0x00,0x49,0x83,0xEE,0x10,0x4D,0x39,0xEE,0x0F
	.byte 0x82,0x17,0xF1,0xFE,0xFF,0x90,0x49,0x8B,0x7D,0xD8,0x49,0x8B,0x75,0xF8,0x48,0x29
	.byte 0xF7,0x48,0x83,0xFF,0x18,0x0F,0x83,0x23,0x00,0x00,0x00,0xBF,0x18,0x00,0x00,0x00
	.byte 0x49,0x89,0x46,0x08,0x41,0xBB,0x7D,0x01,0x00,0x00,0x4D,0x89,0x1E,0x48,0x8D,0x05
	.byte 0x06,0x00,0x00,0x00,0xE9,0xEF,0xF0,0xFE,0xFF,0x90,0x49,0x8B,0x46,0x08,0x31,0xFF
	.byte 0x48,0x8D,0x15,0xA3,0x33,0x00,0x00,0x49,0x8B,0x75,0xF8,0x48,0xB9,0xE3,0x01,0x00
	.byte 0x00,0x02,0x00,0x00,0x00,0x48,0x89,0x0E,0x48,0x89,0x56,0x08,0x48,0x89,0x7E,0x10
	.byte 0x48,0x89,0xF7,0x4C,0x29,0xE7,0x48,0xC1,0xE7,0x09,0x48,0x81,0xCF,0xE5,0x01,0x00
	.byte 0x00,0x48,0x83,0xC6,0x18,0x49,0x89,0x75,0xF8,0x49,0x8B,0x75,0xB8,0x48,0x89,0xBE
	.byte 0xD8,0x09,0x00,0x00,0x49,0x83,0xEE,0x10,0x4D,0x39,0xEE,0x0F,0x82,0x8B,0xF0,0xFE
	.byte 0xFF,0xE9,0x0E,0x00,0x00,0x00,0x49,0x83,0xEE,0x20,0x4D,0x39,0xEE,0x0F,0x82,0x79
	.byte 0xF0,0xFE,0xFF,0x90,0x49,0x8B,0x7D,0xD8,0x49,0x8B,0x75,0xF8,0x48,0x29,0xF7,0x48
	.byte 0x81,0xFF,0x00,0x28,0x00,0x00,0x0F,0x82,0x0A,0x00,0x00,0x00,0x49,0x89,0x46,0x18
	.byte 0xE9,0x1F,0x00,0x00,0x00,0x90,0xBF,0x00,0x28,0x00,0x00,0x49,0x89,0x46,0x18,0x41
	.byte 0xBB,0x7E,0x01,0x00,0x00,0x4D,0x89,0x1E,0x48,0x8D,0x05,0x05,0x00,0x00,0x00,0xE9
	.byte 0x44,0xF0,0xFE,0xFF,0x49,0x8B,0x55,0xF8,0x48,0x89,0xD6,0x4C,0x29,0xE2,0x48,0xC1
	.byte 0xE2,0x09,0xBF,0x7E,0x01,0x00,0x00,0x48,0x8D,0x05,0x06,0x00,0x00,0x00,0xE9,0xDB
	.byte 0xF3,0xFE,0xFF,0x90,0x49,0x89,0x75,0xF8,0x48,0x89,0xD7,0x48,0x81,0xC7,0x05,0xD0
	.byte 0x4F,0x00,0x31,0xF6,0x49,0x89,0x7E,0x10,0x41,0xBB,0x94,0x06,0x00,0x00,0x4D,0x89
	.byte 0x1E,0x48,0x8D,0x05,0x06,0x00,0x00,0x00,0xE9,0x19,0x29,0xFF,0xFF,0x90,0x49,0x8B
	.byte 0x76,0x10,0x31,0xD2,0x49,0x89,0x76,0x10,0x49,0x89,0x7E,0x08,0x41,0xBB,0x95,0x06
	.byte 0x00,0x00,0x4D,0x89,0x1E,0x48,0x8D,0x05,0x06,0x00,0x00,0x00,0xE9,0x33,0xF4,0xFE
	.byte 0xFF,0x90,0x49,0x8B,0x46,0x18,0x49,0x8B,0x75,0xB8,0x48,0x89,0xBE,0xE0,0x09,0x00
	.byte 0x00,0x49,0x83,0xC6,0x10,0xE9,0x0E,0x00,0x00,0x00,0x49,0x83,0xEE,0x10,0x4D,0x39
	.byte 0xEE,0x0F,0x82,0xA5,0xEF,0xFE,0xFF,0x90,0x49,0x8B,0x7D,0xD8,0x49,0x8B,0x75,0xF8
	.byte 0x48,0x29,0xF7,0x48,0x83,0xFF,0x18,0x0F,0x83,0x23,0x00,0x00,0x00,0xBF,0x18,0x00
	.byte 0x00,0x00,0x49,0x89,0x46,0x08,0x41,0xBB,0x96,0x06,0x00,0x00,0x4D,0x89,0x1E,0x48
	.byte 0x8D,0x05,0x06,0x00,0x00,0x00,0xE9,0x7D,0xEF,0xFE,0xFF,0x90,0x49,0x8B,0x46,0x08
	.byte 0x31,0xFF,0x48,0x8D,0x15,0x39,0x32,0x00,0x00,0x49,0x8B,0x75,0xF8,0x48,0xB9,0xE3
	.byte 0x01,0x00,0x00,0x02,0x00,0x00,0x00,0x48,0x89,0x0E,0x48,0x89,0x56,0x08,0x48,0x89
	.byte 0x7E,0x10,0x48,0x89,0xF7,0x4C,0x29,0xE7,0x48,0xC1,0xE7,0x09,0x48,0x81,0xCF,0xE5
	.byte 0x01,0x00,0x00,0x48,0x83,0xC6,0x18,0x49,0x89,0x75,0xF8,0x49,0x8B,0x75,0xB8,0x48
	.byte 0x89,0xBE,0x88,0x0A,0x00,0x00,0xE9,0x0F,0x00,0x00,0x00,0x90,0x49,0x83,0xEE,0x10
	.byte 0x4D,0x39,0xEE,0x0F,0x82,0x13,0xEF,0xFE,0xFF,0x90,0x49,0x8B,0x7D,0xD8,0x49,0x8B
	.byte 0x75,0xF8,0x48,0x29,0xF7,0x48,0x83,0xFF,0x18,0x0F,0x83,0x23,0x00,0x00,0x00,0xBF
	.byte 0x18,0x00,0x00,0x00,0x49,0x89,0x46,0x08,0x41,0xBB,0x97,0x06,0x00,0x00,0x4D,0x89
	.byte 0x1E,0x48,0x8D,0x05,0x06,0x00,0x00,0x00,0xE9,0xEB,0xEE,0xFE,0xFF,0x90,0x49,0x8B
	.byte 0x46,0x08,0x31,0xFF,0x48,0x8D,0x15,0x25,0x32,0x00,0x00,0x49,0x8B,0x75,0xF8,0x48
	.byte 0xB9,0xE3,0x01,0x00,0x00,0x02,0x00,0x00,0x00,0x48,0x89,0x0E,0x48,0x89,0x56,0x08
	.byte 0x48,0x89,0x7E,0x10,0x48,0x89,0xF7,0x4C,0x29,0xE7,0x48,0xC1,0xE7,0x09,0x48,0x81
	.byte 0xCF,0xE5,0x01,0x00,0x00,0x48,0x83,0xC6,0x18,0x49,0x89,0x75,0xF8,0x49,0x8B,0x75
	.byte 0xB8,0x48,0x89,0xBE,0x98,0x0A,0x00,0x00,0xE9,0x0F,0x00,0x00,0x00,0x90,0x49,0x83
	.byte 0xEE,0x10,0x4D,0x39,0xEE,0x0F,0x82,0x81,0xEE,0xFE,0xFF,0x90,0x49,0x8B,0x7D,0xD8
	.byte 0x49,0x8B,0x75,0xF8,0x48,0x29,0xF7,0x48,0x83,0xFF,0x18,0x0F,0x83,0x23,0x00,0x00
	.byte 0x00,0xBF,0x18,0x00,0x00,0x00,0x49,0x89,0x46,0x08,0x41,0xBB,0x98,0x06,0x00,0x00
	.byte 0x4D,0x89,0x1E,0x48,0x8D,0x05,0x06,0x00,0x00,0x00,0xE9,0x59,0xEE,0xFE,0xFF,0x90
	.byte 0x49,0x8B,0x46,0x08,0xBF,0x04,0x00,0x00,0x00,0x48,0x8D,0x15,0x98,0x31,0x00,0x00
	.byte 0x49,0x8B,0x75,0xF8,0x48,0xB9,0xE3,0x01,0x00,0x00,0x02,0x00,0x00,0x00,0x48,0x89
	.byte 0x0E,0x48,0x89,0x56,0x08,0x48,0x89,0x7E,0x10,0x48,0x89,0xF7,0x4C,0x29,0xE7,0x48
	.byte 0xC1,0xE7,0x09,0x48,0x81,0xCF,0xE5,0x01,0x00,0x00,0x48,0x83,0xC6,0x18,0x49,0x89
	.byte 0x75,0xF8,0x49,0x8B,0x75,0xB8,0x48,0x89,0xBE,0x20,0x0B,0x00,0x00,0xE9,0x0E,0x00
	.byte 0x00,0x00,0x49,0x83,0xEE,0x10,0x4D,0x39,0xEE,0x0F,0x82,0xED,0xED,0xFE,0xFF,0x90
	.byte 0x49,0x8B,0x7D,0xD8,0x49,0x8B,0x75,0xF8,0x48,0x29,0xF7,0x48,0x83,0xFF,0x18,0x0F
	.byte 0x83,0x23,0x00,0x00,0x00,0xBF,0x18,0x00,0x00,0x00,0x49,0x89,0x46,0x08,0x41,0xBB
	.byte 0x99,0x06,0x00,0x00,0x4D,0x89,0x1E,0x48,0x8D,0x05,0x06,0x00,0x00,0x00,0xE9,0xC5
	.byte 0xED,0xFE,0xFF,0x90,0x49,0x8B,0x46,0x08,0xBF,0x04,0x00,0x00,0x00,0x48,0x8D,0x15
	.byte 0xC0,0x31,0x00,0x00,0x49,0x8B,0x75,0xF8,0x48,0xB9,0xE3,0x01,0x00,0x00,0x02,0x00
	.byte 0x00,0x00,0x48,0x89,0x0E,0x48,0x89,0x56,0x08,0x48,0x89,0x7E,0x10,0x48,0x89,0xF7
	.byte 0x4C,0x29,0xE7,0x48,0xC1,0xE7,0x09,0x48,0x81,0xCF,0xE5,0x01,0x00,0x00,0x48,0x83
	.byte 0xC6,0x18,0x49,0x89,0x75,0xF8,0x49,0x8B,0x75,0xB8,0x48,0x89,0xBE,0x28,0x0B,0x00
	.byte 0x00,0xE9,0x0E,0x00,0x00,0x00,0x49,0x83,0xEE,0x10,0x4D,0x39,0xEE,0x0F,0x82,0x59
	.byte 0xED,0xFE,0xFF,0x90,0x49,0x8B,0x7D,0xD8,0x49,0x8B,0x75,0xF8,0x48,0x29,0xF7,0x48
	.byte 0x83,0xFF,0x18,0x0F,0x83,0x23,0x00,0x00,0x00,0xBF,0x18,0x00,0x00,0x00,0x49,0x89
	.byte 0x46,0x08,0x41,0xBB,0x9A,0x06,0x00,0x00,0x4D,0x89,0x1E,0x48,0x8D,0x05,0x06,0x00
	.byte 0x00,0x00,0xE9,0x31,0xED,0xFE,0xFF,0x90,0x49,0x8B,0x46,0x08,0x31,0xFF,0x48,0x8D
	.byte 0x15,0x81,0x31,0x00,0x00,0x49,0x8B,0x75,0xF8,0x48,0xB9,0xE3,0x01,0x00,0x00,0x02
	.byte 0x00,0x00,0x00,0x48,0x89,0x0E,0x48,0x89,0x56,0x08,0x48,0x89,0x7E,0x10,0x48,0x89
	.byte 0xF7,0x4C,0x29,0xE7,0x48,0xC1,0xE7,0x09,0x48,0x81,0xCF,0xE5,0x01,0x00,0x00,0x48
	.byte 0x83,0xC6,0x18,0x49,0x89,0x75,0xF8,0x49,0x8B,0x75,0xB8,0x48,0x89,0xBE,0x30,0x0B
	.byte 0x00,0x00,0xE9,0x0F,0x00,0x00,0x00,0x90,0x49,0x83,0xEE,0x10,0x4D,0x39,0xEE,0x0F
	.byte 0x82,0xC7,0xEC,0xFE,0xFF,0x90,0x49,0x8B,0x7D,0xD8,0x49,0x8B,0x75,0xF8,0x48,0x29
	.byte 0xF7,0x48,0x83,0xFF,0x18,0x0F,0x83,0x23,0x00,0x00,0x00,0xBF,0x18,0x00,0x00,0x00
	.byte 0x49,0x89,0x46,0x08,0x41,0xBB,0x9B,0x06,0x00,0x00,0x4D,0x89,0x1E,0x48,0x8D,0x05
	.byte 0x06,0x00,0x00,0x00,0xE9,0x9F,0xEC,0xFE,0xFF,0x90,0x49,0x8B,0x46,0x08,0xBF,0x08
	.byte 0x00,0x00,0x00,0x48,0x8D,0x15,0x0A,0x31,0x00,0x00,0x49,0x8B,0x75,0xF8,0x48,0xB9
	.byte 0xE3,0x01,0x00,0x00,0x02,0x00,0x00,0x00,0x48,0x89,0x0E,0x48,0x89,0x56,0x08,0x48
	.byte 0x89,0x7E,0x10,0x48,0x89,0xF7,0x4C,0x29,0xE7,0x48,0xC1,0xE7,0x09,0x48,0x81,0xCF
	.byte 0xE5,0x01,0x00,0x00,0x48,0x83,0xC6,0x18,0x49,0x89,0x75,0xF8,0x49,0x8B,0x75,0xB8
	.byte 0x48,0x89,0xBE,0x50,0x0B,0x00,0x00,0xE9,0x0E,0x00,0x00,0x00,0x49,0x83,0xEE,0x10
	.byte 0x4D,0x39,0xEE,0x0F,0x82,0x33,0xEC,0xFE,0xFF,0x90,0x49,0x8B,0x7D,0xD8,0x49,0x8B
	.byte 0x75,0xF8,0x48,0x29,0xF7,0x48,0x83,0xFF,0x18,0x0F,0x83,0x23,0x00,0x00,0x00,0xBF
	.byte 0x18,0x00,0x00,0x00,0x49,0x89,0x46,0x08,0x41,0xBB,0x9C,0x06,0x00,0x00,0x4D,0x89
	.byte 0x1E,0x48,0x8D,0x05,0x06,0x00,0x00,0x00,0xE9,0x0B,0xEC,0xFE,0xFF,0x90,0x49,0x8B
	.byte 0x46,0x08,0xBF,0x04,0x00,0x00,0x00,0x48,0x8D,0x15,0x88,0x32,0x00,0x00,0x49,0x8B
	.byte 0x75,0xF8,0x48,0xB9,0xE3,0x01,0x00,0x00,0x02,0x00,0x00,0x00,0x48,0x89,0x0E,0x48
	.byte 0x89,0x56,0x08,0x48,0x89,0x7E,0x10,0x48,0x89,0xF7,0x4C,0x29,0xE7,0x48,0xC1,0xE7
	.byte 0x09,0x48,0x81,0xCF,0xE5,0x01,0x00,0x00,0x48,0x83,0xC6,0x18,0x49,0x89,0x75,0xF8
	.byte 0x49,0x8B,0x75,0xB8,0x48,0x89,0xBE,0x68,0x0B,0x00,0x00,0xE9,0x0E,0x00,0x00,0x00
	.byte 0x49,0x83,0xEE,0x10,0x4D,0x39,0xEE,0x0F,0x82,0x9F,0xEB,0xFE,0xFF,0x90,0x49,0x8B
	.byte 0x7D,0xD8,0x49,0x8B,0x75,0xF8,0x48,0x29,0xF7,0x48,0x83,0xFF,0x18,0x0F,0x83,0x23
	.byte 0x00,0x00,0x00,0xBF,0x18,0x00,0x00,0x00,0x49,0x89,0x46,0x08,0x41,0xBB,0x9D,0x06
	.byte 0x00,0x00,0x4D,0x89,0x1E,0x48,0x8D,0x05,0x06,0x00,0x00,0x00,0xE9,0x77,0xEB,0xFE
	.byte 0xFF,0x90,0x49,0x8B,0x46,0x08,0xBF,0x04,0x00,0x00,0x00,0x48,0x8D,0x15,0x4C,0x33
	.byte 0x00,0x00,0x49,0x8B,0x75,0xF8,0x48,0xB9,0xE3,0x01,0x00,0x00,0x02,0x00,0x00,0x00
	.byte 0x48,0x89,0x0E,0x48,0x89,0x56,0x08,0x48,0x89,0x7E,0x10,0x48,0x89,0xF7,0x4C,0x29
	.byte 0xE7,0x48,0xC1,0xE7,0x09,0x48,0x81,0xCF,0xE5,0x01,0x00,0x00,0x48,0x83,0xC6,0x18
	.byte 0x49,0x89,0x75,0xF8,0x49,0x8B,0x75,0xB8,0x48,0x89,0xBE,0x78,0x0B,0x00,0x00,0xE9
	.byte 0x0E,0x00,0x00,0x00,0x49,0x83,0xEE,0x10,0x4D,0x39,0xEE,0x0F,0x82,0x0B,0xEB,0xFE
	.byte 0xFF,0x90,0x49,0x8B,0x7D,0xD8,0x49,0x8B,0x75,0xF8,0x48,0x29,0xF7,0x48,0x83,0xFF
	.byte 0x18,0x0F,0x83,0x23,0x00,0x00,0x00,0xBF,0x18,0x00,0x00,0x00,0x49,0x89,0x46,0x08
	.byte 0x41,0xBB,0x9E,0x06,0x00,0x00,0x4D,0x89,0x1E,0x48,0x8D,0x05,0x06,0x00,0x00,0x00
	.byte 0xE9,0xE3,0xEA,0xFE,0xFF,0x90,0x49,0x8B,0x46,0x08,0x31,0xFF,0x48,0x8D,0x15,0xFF
	.byte 0x32,0x00,0x00,0x49,0x8B,0x75,0xF8,0x48,0xB9,0xE3,0x01,0x00,0x00,0x02,0x00,0x00
	.byte 0x00,0x48,0x89,0x0E,0x48,0x89,0x56,0x08,0x48,0x89,0x7E,0x10,0x48,0x89,0xF7,0x4C
	.byte 0x29,0xE7,0x48,0xC1,0xE7,0x09,0x48,0x81,0xCF,0xE5,0x01,0x00,0x00,0x48,0x83,0xC6
	.byte 0x18,0x49,0x89,0x75,0xF8,0x49,0x8B,0x75,0xB8,0x48,0x89,0xBE,0x80,0x0B,0x00,0x00
	.byte 0xE9,0x0F,0x00,0x00,0x00,0x90,0x49,0x83,0xEE,0x10,0x4D,0x39,0xEE,0x0F,0x82,0x79
	.byte 0xEA,0xFE,0xFF,0x90,0x49,0x8B,0x7D,0xD8,0x49,0x8B,0x75,0xF8,0x48,0x29,0xF7,0x48
	.byte 0x83,0xFF,0x18,0x0F,0x83,0x23,0x00,0x00,0x00,0xBF,0x18,0x00,0x00,0x00,0x49,0x89
	.byte 0x46,0x08,0x41,0xBB,0x9F,0x06,0x00,0x00,0x4D,0x89,0x1E,0x48,0x8D,0x05,0x06,0x00
	.byte 0x00,0x00,0xE9,0x51,0xEA,0xFE,0xFF,0x90,0x49,0x8B,0x46,0x08,0xBF,0x08,0x00,0x00
	.byte 0x00,0x48,0x8D,0x15,0x84,0x32,0x00,0x00,0x49,0x8B,0x75,0xF8,0x48,0xB9,0xE3,0x01
	.byte 0x00,0x00,0x02,0x00,0x00,0x00,0x48,0x89,0x0E,0x48,0x89,0x56,0x08,0x48,0x89,0x7E
	.byte 0x10,0x48,0x89,0xF7,0x4C,0x29,0xE7,0x48,0xC1,0xE7,0x09,0x48,0x81,0xCF,0xE5,0x01
	.byte 0x00,0x00,0x48,0x83,0xC6,0x18,0x49,0x89,0x75,0xF8,0x49,0x8B,0x75,0xB8,0x48,0x89
	.byte 0xBE,0x88,0x0B,0x00,0x00,0xE9,0x0E,0x00,0x00,0x00,0x49,0x83,0xEE,0x10,0x4D,0x39
	.byte 0xEE,0x0F,0x82,0xE5,0xE9,0xFE,0xFF,0x90,0x49,0x8B,0x7D,0xD8,0x49,0x8B,0x75,0xF8
	.byte 0x48,0x29,0xF7,0x48,0x83,0xFF,0x18,0x0F,0x83,0x23,0x00,0x00,0x00,0xBF,0x18,0x00
	.byte 0x00,0x00,0x49,0x89,0x46,0x08,0x41,0xBB,0xA0,0x06,0x00,0x00,0x4D,0x89,0x1E,0x48
	.byte 0x8D,0x05,0x06,0x00,0x00,0x00,0xE9,0xBD,0xE9,0xFE,0xFF,0x90,0x49,0x8B,0x46,0x08
	.byte 0xBF,0x10,0x00,0x00,0x00,0x48,0x8D,0x15,0x3A,0x32,0x00,0x00,0x49,0x8B,0x75,0xF8
	.byte 0x48,0xB9,0xE3,0x01,0x00,0x00,0x02,0x00,0x00,0x00,0x48,0x89,0x0E,0x48,0x89,0x56
	.byte 0x08,0x48,0x89,0x7E,0x10,0x48,0x89,0xF7,0x4C,0x29,0xE7,0x48,0xC1,0xE7,0x09,0x48
	.byte 0x81,0xCF,0xE5,0x01,0x00,0x00,0x48,0x83,0xC6,0x18,0x49,0x89,0x75,0xF8,0x49,0x8B
	.byte 0x75,0xB8,0x48,0x89,0xBE,0xA0,0x0B,0x00,0x00,0xE9,0x0E,0x00,0x00,0x00,0x49,0x83
	.byte 0xEE,0x10,0x4D,0x39,0xEE,0x0F,0x82,0x51,0xE9,0xFE,0xFF,0x90,0x49,0x8B,0x7D,0xD8
	.byte 0x49,0x8B,0x75,0xF8,0x48,0x29,0xF7,0x48,0x83,0xFF,0x18,0x0F,0x83,0x23,0x00,0x00
	.byte 0x00,0xBF,0x18,0x00,0x00,0x00,0x49,0x89,0x46,0x08,0x41,0xBB,0xA1,0x06,0x00,0x00
	.byte 0x4D,0x89,0x1E,0x48,0x8D,0x05,0x06,0x00,0x00,0x00,0xE9,0x29,0xE9,0xFE,0xFF,0x90
	.byte 0x49,0x8B,0x46,0x08,0xBF,0x08,0x00,0x00,0x00,0x48,0x8D,0x15,0xCC,0x33,0x00,0x00
	.byte 0x49,0x8B,0x75,0xF8,0x48,0xB9,0xE3,0x01,0x00,0x00,0x02,0x00,0x00,0x00,0x48,0x89
	.byte 0x0E,0x48,0x89,0x56,0x08,0x48,0x89,0x7E,0x10,0x48,0x89,0xF7,0x4C,0x29,0xE7,0x48
	.byte 0xC1,0xE7,0x09,0x48,0x81,0xCF,0xE5,0x01,0x00,0x00,0x48,0x83,0xC6,0x18,0x49,0x89
	.byte 0x75,0xF8,0x49,0x8B,0x75,0xB8,0x48,0x89,0xBE,0xA8,0x0B,0x00,0x00,0xE9,0x0E,0x00
	.byte 0x00,0x00,0x49,0x83,0xEE,0x10,0x4D,0x39,0xEE,0x0F,0x82,0xBD,0xE8,0xFE,0xFF,0x90
	.byte 0x49,0x8B,0x7D,0xD8,0x49,0x8B,0x75,0xF8,0x48,0x29,0xF7,0x48,0x83,0xFF,0x18,0x0F
	.byte 0x83,0x23,0x00,0x00,0x00,0xBF,0x18,0x00,0x00,0x00,0x49,0x89,0x46,0x08,0x41,0xBB
	.byte 0xA2,0x06,0x00,0x00,0x4D,0x89,0x1E,0x48,0x8D,0x05,0x06,0x00,0x00,0x00,0xE9,0x95
	.byte 0xE8,0xFE,0xFF,0x90,0x49,0x8B,0x46,0x08,0xBF,0x0C,0x00,0x00,0x00,0x48,0x8D,0x15
	.byte 0x66,0x33,0x00,0x00,0x49,0x8B,0x75,0xF8,0x48,0xB9,0xE3,0x01,0x00,0x00,0x02,0x00
	.byte 0x00,0x00,0x48,0x89,0x0E,0x48,0x89,0x56,0x08,0x48,0x89,0x7E,0x10,0x48,0x89,0xF7
	.byte 0x4C,0x29,0xE7,0x48,0xC1,0xE7,0x09,0x48,0x81,0xCF,0xE5,0x01,0x00,0x00,0x48,0x83
	.byte 0xC6,0x18,0x49,0x89,0x75,0xF8,0x49,0x8B,0x75,0xB8,0x48,0x89,0xBE,0x98,0x0C,0x00
	.byte 0x00,0x49,0x83,0xEE,0x10,0x4D,0x39,0xEE,0x0F,0x82,0x2E,0xE8,0xFE,0xFF,0xE9,0x0F
	.byte 0x00,0x00,0x00,0x90,0x49,0x83,0xEE,0x20,0x4D,0x39,0xEE,0x0F,0x82,0x1B,0xE8,0xFE
	.byte 0xFF,0x90,0xBA,0x10,0x00,0x00,0x00,0x31,0xF6,0xBF,0x00,0x04,0x00,0x00,0x49,0x89
	.byte 0x46,0x18,0x49,0x89,0x7E,0x08,0x49,0x89,0x76,0x10,0x41,0xBB,0xA3,0x06,0x00,0x00
	.byte 0x4D,0x89,0x1E,0x48,0x8D,0x05,0x06,0x00,0x00,0x00,0xE9,0x01,0xEE,0xFE,0xFF,0x90
	.byte 0x49,0x8B,0x46,0x18,0x49,0x8B,0x75,0xB8,0x48,0x89,0xBE,0x50,0x11,0x00,0x00,0xE9
	.byte 0x0E,0x00,0x00,0x00,0x49,0x83,0xEE,0x20,0x4D,0x39,0xEE,0x0F,0x82,0xCB,0xE7,0xFE
	.byte 0xFF,0x90,0xBA,0x10,0x00,0x00,0x00,0x31,0xF6,0xBF,0x10,0x20,0x00,0x00,0x49,0x89
	.byte 0x46,0x18,0x49,0x89,0x7E,0x08,0x49,0x89,0x76,0x10,0x41,0xBB,0xA4,0x06,0x00,0x00
	.byte 0x4D,0x89,0x1E,0x48,0x8D,0x05,0x06,0x00,0x00,0x00,0xE9,0xB1,0xED,0xFE,0xFF,0x90
	.byte 0x49,0x8B,0x46,0x18,0x49,0x8B,0x75,0xB8,0x48,0x89,0xBE,0x18,0x13,0x00,0x00,0x49
	.byte 0x83,0xC6,0x10,0xE9,0x0E,0x00,0x00,0x00,0x49,0x83,0xEE,0x10,0x4D,0x39,0xEE,0x0F
	.byte 0x82,0x77,0xE7,0xFE,0xFF,0x90,0x49,0x8B,0x7D,0xD8,0x49,0x8B,0x75,0xF8,0x48,0x29
	.byte 0xF7,0x48,0x83,0xFF,0x18,0x0F,0x83,0x23,0x00,0x00,0x00,0xBF,0x18,0x00,0x00,0x00
	.byte 0x49,0x89,0x46,0x08,0x41,0xBB,0xA5,0x06,0x00,0x00,0x4D,0x89,0x1E,0x48,0x8D,0x05
	.byte 0x06,0x00,0x00,0x00,0xE9,0x4F,0xE7,0xFE,0xFF,0x90,0x49,0x8B,0x46,0x08,0xBF,0x04
	.byte 0x00,0x00,0x00,0x48,0x8D,0x15,0xDA,0x35,0x00,0x00,0x49,0x8B,0x75,0xF8,0x48,0xB9
	.byte 0xE3,0x01,0x00,0x00,0x02,0x00,0x00,0x00,0x48,0x89,0x0E,0x48,0x89,0x56,0x08,0x48
	.byte 0x89,0x7E,0x10,0x48,0x89,0xF7,0x4C,0x29,0xE7,0x48,0xC1,0xE7,0x09,0x48,0x81,0xCF
	.byte 0xE5,0x01,0x00,0x00,0x48,0x83,0xC6,0x18,0x49,0x89,0x75,0xF8,0x49,0x8B,0x75,0xB8
	.byte 0x48,0x89,0xBE,0x40,0x16,0x00,0x00,0xE9,0x0E,0x00,0x00,0x00,0x49,0x83,0xEE,0x10
	.byte 0x4D,0x39,0xEE,0x0F,0x82,0xE3,0xE6,0xFE,0xFF,0x90,0x49,0x8B,0x7D,0xD8,0x49,0x8B
	.byte 0x75,0xF8,0x48,0x29,0xF7,0x48,0x83,0xFF,0x18,0x0F,0x83,0x23,0x00,0x00,0x00,0xBF
	.byte 0x18,0x00,0x00,0x00,0x49,0x89,0x46,0x08,0x41,0xBB,0xA6,0x06,0x00,0x00,0x4D,0x89
	.byte 0x1E,0x48,0x8D,0x05,0x06,0x00,0x00,0x00,0xE9,0xBB,0xE6,0xFE,0xFF,0x90,0x49,0x8B
	.byte 0x46,0x08,0xBF,0x08,0x00,0x00,0x00,0x48,0x8D,0x15,0x60,0x35,0x00,0x00,0x49,0x8B
	.byte 0x75,0xF8,0x48,0xB9,0xE3,0x01,0x00,0x00,0x02,0x00,0x00,0x00,0x48,0x89,0x0E,0x48
	.byte 0x89,0x56,0x08,0x48,0x89,0x7E,0x10,0x48,0x89,0xF7,0x4C,0x29,0xE7,0x48,0xC1,0xE7
	.byte 0x09,0x48,0x81,0xCF,0xE5,0x01,0x00,0x00,0x48,0x83,0xC6,0x18,0x49,0x89,0x75,0xF8
	.byte 0x49,0x8B,0x75,0xB8,0x48,0x89,0xBE,0x48,0x16,0x00,0x00,0xE9,0x0E,0x00,0x00,0x00
	.byte 0x49,0x83,0xEE,0x10,0x4D,0x39,0xEE,0x0F,0x82,0x4F,0xE6,0xFE,0xFF,0x90,0x49,0x8B
	.byte 0x7D,0xD8,0x49,0x8B,0x75,0xF8,0x48,0x29,0xF7,0x48,0x83,0xFF,0x18,0x0F,0x83,0x23
	.byte 0x00,0x00,0x00,0xBF,0x18,0x00,0x00,0x00,0x49,0x89,0x46,0x08,0x41,0xBB,0xA7,0x06
	.byte 0x00,0x00,0x4D,0x89,0x1E,0x48,0x8D,0x05,0x06,0x00,0x00,0x00,0xE9,0x27,0xE6,0xFE
	.byte 0xFF,0x90,0x49,0x8B,0x46,0x08,0xBF,0x04,0x00,0x00,0x00,0x48,0x8D,0x15,0xEA,0x34
	.byte 0x00,0x00,0x49,0x8B,0x75,0xF8,0x48,0xB9,0xE3,0x01,0x00,0x00,0x02,0x00,0x00,0x00
	.byte 0x48,0x89,0x0E,0x48,0x89,0x56,0x08,0x48,0x89,0x7E,0x10,0x48,0x89,0xF7,0x4C,0x29
	.byte 0xE7,0x48,0xC1,0xE7,0x09,0x48,0x81,0xCF,0xE5,0x01,0x00,0x00,0x48,0x83,0xC6,0x18
	.byte 0x49,0x89,0x75,0xF8,0x49,0x8B,0x75,0xB8,0x48,0x89,0xBE,0x50,0x16,0x00,0x00,0xE9
	.byte 0x0E,0x00,0x00,0x00,0x49,0x83,0xEE,0x10,0x4D,0x39,0xEE,0x0F,0x82,0xBB,0xE5,0xFE
	.byte 0xFF,0x90,0x49,0x8B,0x7D,0xD8,0x49,0x8B,0x75,0xF8,0x48,0x29,0xF7,0x48,0x83,0xFF
	.byte 0x18,0x0F,0x83,0x23,0x00,0x00,0x00,0xBF,0x18,0x00,0x00,0x00,0x49,0x89,0x46,0x08
	.byte 0x41,0xBB,0xA8,0x06,0x00,0x00,0x4D,0x89,0x1E,0x48,0x8D,0x05,0x06,0x00,0x00,0x00
	.byte 0xE9,0x93,0xE5,0xFE,0xFF,0x90,0x49,0x8B,0x46,0x08,0xBF,0x08,0x00,0x00,0x00,0x48
	.byte 0x8D,0x15,0x78,0x34,0x00,0x00,0x49,0x8B,0x75,0xF8,0x48,0xB9,0xE3,0x01,0x00,0x00
	.byte 0x02,0x00,0x00,0x00,0x48,0x89,0x0E,0x48,0x89,0x56,0x08,0x48,0x89,0x7E,0x10,0x48
	.byte 0x89,0xF7,0x4C,0x29,0xE7,0x48,0xC1,0xE7,0x09,0x48,0x81,0xCF,0xE5,0x01,0x00,0x00
	.byte 0x48,0x83,0xC6,0x18,0x49,0x89,0x75,0xF8,0x49,0x8B,0x75,0xB8,0x48,0x89,0xBE,0x58
	.byte 0x16,0x00,0x00,0xE9,0x0E,0x00,0x00,0x00,0x49,0x83,0xEE,0x10,0x4D,0x39,0xEE,0x0F
	.byte 0x82,0x27,0xE5,0xFE,0xFF,0x90,0x49,0x8B,0x7D,0xD8,0x49,0x8B,0x75,0xF8,0x48,0x29
	.byte 0xF7,0x48,0x83,0xFF,0x18,0x0F,0x83,0x23,0x00,0x00,0x00,0xBF,0x18,0x00,0x00,0x00
	.byte 0x49,0x89,0x46,0x08,0x41,0xBB,0xA9,0x06,0x00,0x00,0x4D,0x89,0x1E,0x48,0x8D,0x05
	.byte 0x06,0x00,0x00,0x00,0xE9,0xFF,0xE4,0xFE,0xFF,0x90,0x49,0x8B,0x46,0x08,0xBF,0x04
	.byte 0x00,0x00,0x00,0x48,0x8D,0x15,0x0A,0x34,0x00,0x00,0x49,0x8B,0x75,0xF8,0x48,0xB9
	.byte 0xE3,0x01,0x00,0x00,0x02,0x00,0x00,0x00,0x48,0x89,0x0E,0x48,0x89,0x56,0x08,0x48
	.byte 0x89,0x7E,0x10,0x48,0x89,0xF7,0x4C,0x29,0xE7,0x48,0xC1,0xE7,0x09,0x48,0x81,0xCF
	.byte 0xE5,0x01,0x00,0x00,0x48,0x83,0xC6,0x18,0x49,0x89,0x75,0xF8,0x49,0x8B,0x75,0xB8
	.byte 0x48,0x89,0xBE,0x70,0x16,0x00,0x00,0xE9,0x0E,0x00,0x00,0x00,0x49,0x83,0xEE,0x10
	.byte 0x4D,0x39,0xEE,0x0F,0x82,0x93,0xE4,0xFE,0xFF,0x90,0x49,0x8B,0x7D,0xD8,0x49,0x8B
	.byte 0x75,0xF8,0x48,0x29,0xF7,0x48,0x83,0xFF,0x18,0x0F,0x83,0x23,0x00,0x00,0x00,0xBF
	.byte 0x18,0x00,0x00,0x00,0x49,0x89,0x46,0x08,0x41,0xBB,0xAA,0x06,0x00,0x00,0x4D,0x89
	.byte 0x1E,0x48,0x8D,0x05,0x06,0x00,0x00,0x00,0xE9,0x6B,0xE4,0xFE,0xFF,0x90,0x49,0x8B
	.byte 0x46,0x08,0xBF,0x04,0x00,0x00,0x00,0x48,0x8D,0x15,0x44,0x37,0x00,0x00,0x49,0x8B
	.byte 0x75,0xF8,0x48,0xB9,0xE3,0x01,0x00,0x00,0x02,0x00,0x00,0x00,0x48,0x89,0x0E,0x48
	.byte 0x89,0x56,0x08,0x48,0x89,0x7E,0x10,0x48,0x89,0xF7,0x4C,0x29,0xE7,0x48,0xC1,0xE7
	.byte 0x09,0x48,0x81,0xCF,0xE5,0x01,0x00,0x00,0x48,0x83,0xC6,0x18,0x49,0x89,0x75,0xF8
	.byte 0x49,0x8B,0x75,0xB8,0x48,0x89,0xBE,0x78,0x16,0x00,0x00,0xE9,0x0E,0x00,0x00,0x00
	.byte 0x49,0x83,0xEE,0x10,0x4D,0x39,0xEE,0x0F,0x82,0xFF,0xE3,0xFE,0xFF,0x90,0x49,0x8B
	.byte 0x7D,0xD8,0x49,0x8B,0x75,0xF8,0x48,0x29,0xF7,0x48,0x83,0xFF,0x18,0x0F,0x83,0x23
	.byte 0x00,0x00,0x00,0xBF,0x18,0x00,0x00,0x00,0x49,0x89,0x46,0x08,0x41,0xBB,0xAB,0x06
	.byte 0x00,0x00,0x4D,0x89,0x1E,0x48,0x8D,0x05,0x06,0x00,0x00,0x00,0xE9,0xD7,0xE3,0xFE
	.byte 0xFF,0x90,0x49,0x8B,0x46,0x08,0xBF,0x04,0x00,0x00,0x00,0x48,0x8D,0x15,0x2A,0x37
	.byte 0x00,0x00,0x49,0x8B,0x75,0xF8,0x48,0xB9,0xE3,0x01,0x00,0x00,0x02,0x00,0x00,0x00
	.byte 0x48,0x89,0x0E,0x48,0x89,0x56,0x08,0x48,0x89,0x7E,0x10,0x48,0x89,0xF7,0x4C,0x29
	.byte 0xE7,0x48,0xC1,0xE7,0x09,0x48,0x81,0xCF,0xE5,0x01,0x00,0x00,0x48,0x83,0xC6,0x18
	.byte 0x49,0x89,0x75,0xF8,0x49,0x8B,0x75,0xB8,0x48,0x89,0xBE,0x80,0x16,0x00,0x00,0xE9
	.byte 0x0E,0x00,0x00,0x00,0x49,0x83,0xEE,0x10,0x4D,0x39,0xEE,0x0F,0x82,0x6B,0xE3,0xFE
	.byte 0xFF,0x90,0x49,0x8B,0x7D,0xD8,0x49,0x8B,0x75,0xF8,0x48,0x29,0xF7,0x48,0x83,0xFF
	.byte 0x18,0x0F,0x83,0x23,0x00,0x00,0x00,0xBF,0x18,0x00,0x00,0x00,0x49,0x89,0x46,0x08
	.byte 0x41,0xBB,0xAC,0x06,0x00,0x00,0x4D,0x89,0x1E,0x48,0x8D,0x05,0x06,0x00,0x00,0x00
	.byte 0xE9,0x43,0xE3,0xFE,0xFF,0x90,0x49,0x8B,0x46,0x08,0xBF,0x0C,0x00,0x00,0x00,0x48
	.byte 0x8D,0x15,0xB0,0x36,0x00,0x00,0x49,0x8B,0x75,0xF8,0x48,0xB9,0xE3,0x01,0x00,0x00
	.byte 0x02,0x00,0x00,0x00,0x48,0x89,0x0E,0x48,0x89,0x56,0x08,0x48,0x89,0x7E,0x10,0x48
	.byte 0x89,0xF7,0x4C,0x29,0xE7,0x48,0xC1,0xE7,0x09,0x48,0x81,0xCF,0xE5,0x01,0x00,0x00
	.byte 0x48,0x83,0xC6,0x18,0x49,0x89,0x75,0xF8,0x49,0x8B,0x75,0xB8,0x48,0x89,0xBE,0x88
	.byte 0x16,0x00,0x00,0xE9,0x0E,0x00,0x00,0x00,0x49,0x83,0xEE,0x10,0x4D,0x39,0xEE,0x0F
	.byte 0x82,0xD7,0xE2,0xFE,0xFF,0x90,0x49,0x8B,0x7D,0xD8,0x49,0x8B,0x75,0xF8,0x48,0x29
	.byte 0xF7,0x48,0x83,0xFF,0x18,0x0F,0x83,0x23,0x00,0x00,0x00,0xBF,0x18,0x00,0x00,0x00
	.byte 0x49,0x89,0x46,0x08,0x41,0xBB,0xAD,0x06,0x00,0x00,0x4D,0x89,0x1E,0x48,0x8D,0x05
	.byte 0x06,0x00,0x00,0x00,0xE9,0xAF,0xE2,0xFE,0xFF,0x90,0x49,0x8B,0x46,0x08,0x31,0xFF
	.byte 0x48,0x8D,0x15,0x0B,0x39,0x00,0x00,0x49,0x8B,0x75,0xF8,0x48,0xB9,0xE3,0x01,0x00
	.byte 0x00,0x02,0x00,0x00,0x00,0x48,0x89,0x0E,0x48,0x89,0x56,0x08,0x48,0x89,0x7E,0x10
	.byte 0x48,0x89,0xF7,0x4C,0x29,0xE7,0x48,0xC1,0xE7,0x09,0x48,0x81,0xCF,0xE5,0x01,0x00
	.byte 0x00,0x48,0x83,0xC6,0x18,0x49,0x89,0x75,0xF8,0x49,0x8B,0x75,0xB8,0x48,0x89,0xBE
	.byte 0x90,0x16,0x00,0x00,0xE9,0x0F,0x00,0x00,0x00,0x90,0x49,0x83,0xEE,0x10,0x4D,0x39
	.byte 0xEE,0x0F,0x82,0x45,0xE2,0xFE,0xFF,0x90,0x49,0x8B,0x7D,0xD8,0x49,0x8B,0x75,0xF8
	.byte 0x48,0x29,0xF7,0x48,0x83,0xFF,0x18,0x0F,0x83,0x23,0x00,0x00,0x00,0xBF,0x18,0x00
	.byte 0x00,0x00,0x49,0x89,0x46,0x08,0x41,0xBB,0xAE,0x06,0x00,0x00,0x4D,0x89,0x1E,0x48
	.byte 0x8D,0x05,0x06,0x00,0x00,0x00,0xE9,0x1D,0xE2,0xFE,0xFF,0x90,0x49,0x8B,0x46,0x08
	.byte 0xBF,0x10,0x00,0x00,0x00,0x48,0x8D,0x15,0x8A,0x38,0x00,0x00,0x49,0x8B,0x75,0xF8
	.byte 0x48,0xB9,0xE3,0x01,0x00,0x00,0x02,0x00,0x00,0x00,0x48,0x89,0x0E,0x48,0x89,0x56
	.byte 0x08,0x48,0x89,0x7E,0x10,0x48,0x89,0xF7,0x4C,0x29,0xE7,0x48,0xC1,0xE7,0x09,0x48
	.byte 0x81,0xCF,0xE5,0x01,0x00,0x00,0x48,0x83,0xC6,0x18,0x49,0x89,0x75,0xF8,0x49,0x8B
	.byte 0x75,0xB8,0x48,0x89,0xBE,0x98,0x16,0x00,0x00,0x49,0x83,0xC6,0x10,0xE9,0x00,0x00
	.byte 0x00,0x00,0x31,0xFF,0x49,0x8B,0x75,0xB8,0x48,0x89,0xBE,0xA0,0x16,0x00,0x00,0xE9
	.byte 0x00,0x00,0x00,0x00,0xBF,0x04,0x00,0x00,0x00,0x49,0x8B,0x75,0xB8,0x48,0x89,0xBE
	.byte 0xA8,0x16,0x00,0x00,0xE9,0x01,0x00,0x00,0x00,0x90,0xBF,0xF4,0x03,0x00,0x00,0x49
	.byte 0x8B,0x75,0xB8,0x48,0x89,0xBE,0xB0,0x16,0x00,0x00,0xE9,0x01,0x00,0x00,0x00,0x90
	.byte 0x49,0x83,0xEE,0x10,0x4D,0x39,0xEE,0x0F,0x82,0x6F,0xE1,0xFE,0xFF,0x90,0x49,0x8B
	.byte 0x7D,0xD8,0x49,0x8B,0x75,0xF8,0x48,0x29,0xF7,0x48,0x83,0xFF,0x18,0x0F,0x83,0x23
	.byte 0x00,0x00,0x00,0xBF,0x18,0x00,0x00,0x00,0x49,0x89,0x46,0x08,0x41,0xBB,0xAF,0x06
	.byte 0x00,0x00,0x4D,0x89,0x1E,0x48,0x8D,0x05,0x06,0x00,0x00,0x00,0xE9,0x47,0xE1,0xFE
	.byte 0xFF,0x90,0x49,0x8B,0x46,0x08,0x31,0xFF,0x48,0x8D,0x15,0x8B,0x44,0x00,0x00,0x49
	.byte 0x8B,0x75,0xF8,0x48,0xB9,0xE3,0x01,0x00,0x00,0x02,0x00,0x00,0x00,0x48,0x89,0x0E
	.byte 0x48,0x89,0x56,0x08,0x48,0x89,0x7E,0x10,0x48,0x89,0xF7,0x4C,0x29,0xE7,0x48,0xC1
	.byte 0xE7,0x09,0x48,0x81,0xCF,0xE5,0x01,0x00,0x00,0x48,0x83,0xC6,0x18,0x49,0x89,0x75
	.byte 0xF8,0x49,0x8B,0x75,0xB8,0x48,0x89,0xBE,0xB8,0x16,0x00,0x00,0xE9,0x0F,0x00,0x00
	.byte 0x00,0x90,0x49,0x83,0xEE,0x10,0x4D,0x39,0xEE,0x0F,0x82,0xDD,0xE0,0xFE,0xFF,0x90
	.byte 0x49,0x8B,0x7D,0xD8,0x49,0x8B,0x75,0xF8,0x48,0x29,0xF7,0x48,0x83,0xFF,0x18,0x0F
	.byte 0x83,0x23,0x00,0x00,0x00,0xBF,0x18,0x00,0x00,0x00,0x49,0x89,0x46,0x08,0x41,0xBB
	.byte 0xB0,0x06,0x00,0x00,0x4D,0x89,0x1E,0x48,0x8D,0x05,0x06,0x00,0x00,0x00,0xE9,0xB5
	.byte 0xE0,0xFE,0xFF,0x90,0x49,0x8B,0x46,0x08,0xBF,0x08,0x00,0x00,0x00,0x48,0x8D,0x15
	.byte 0x0A,0x44,0x00,0x00,0x49,0x8B,0x75,0xF8,0x48,0xB9,0xE3,0x01,0x00,0x00,0x02,0x00
	.byte 0x00,0x00,0x48,0x89,0x0E,0x48,0x89,0x56,0x08,0x48,0x89,0x7E,0x10,0x48,0x89,0xF7
	.byte 0x4C,0x29,0xE7,0x48,0xC1,0xE7,0x09,0x48,0x81,0xCF,0xE5,0x01,0x00,0x00,0x48,0x83
	.byte 0xC6,0x18,0x49,0x89,0x75,0xF8,0x49,0x8B,0x75,0xB8,0x48,0x89,0xBE,0xC0,0x16,0x00
	.byte 0x00,0xE9,0x0E,0x00,0x00,0x00,0x49,0x83,0xEE,0x10,0x4D,0x39,0xEE,0x0F,0x82,0x49
	.byte 0xE0,0xFE,0xFF,0x90,0x49,0x8B,0x7D,0xD8,0x49,0x8B,0x75,0xF8,0x48,0x29,0xF7,0x48
	.byte 0x83,0xFF,0x18,0x0F,0x83,0x23,0x00,0x00,0x00,0xBF,0x18,0x00,0x00,0x00,0x49,0x89
	.byte 0x46,0x08,0x41,0xBB,0xB1,0x06,0x00,0x00,0x4D,0x89,0x1E,0x48,0x8D,0x05,0x06,0x00
	.byte 0x00,0x00,0xE9,0x21,0xE0,0xFE,0xFF,0x90,0x49,0x8B,0x46,0x08,0xBF,0x08,0x00,0x00
	.byte 0x00,0x48,0x8D,0x15,0x7E,0x47,0x00,0x00,0x49,0x8B,0x75,0xF8,0x48,0xB9,0xE3,0x01
	.byte 0x00,0x00,0x02,0x00,0x00,0x00,0x48,0x89,0x0E,0x48,0x89,0x56,0x08,0x48,0x89,0x7E
	.byte 0x10,0x48,0x89,0xF7,0x4C,0x29,0xE7,0x48,0xC1,0xE7,0x09,0x48,0x81,0xCF,0xE5,0x01
	.byte 0x00,0x00,0x48,0x83,0xC6,0x18,0x49,0x89,0x75,0xF8,0x49,0x8B,0x75,0xB8,0x48,0x89
	.byte 0xBE,0xC8,0x16,0x00,0x00,0xE9,0x0E,0x00,0x00,0x00,0x49,0x83,0xEE,0x10,0x4D,0x39
	.byte 0xEE,0x0F,0x82,0xB5,0xDF,0xFE,0xFF,0x90,0x49,0x8B,0x7D,0xD8,0x49,0x8B,0x75,0xF8
	.byte 0x48,0x29,0xF7,0x48,0x83,0xFF,0x18,0x0F,0x83,0x23,0x00,0x00,0x00,0xBF,0x18,0x00
	.byte 0x00,0x00,0x49,0x89,0x46,0x08,0x41,0xBB,0xB2,0x06,0x00,0x00,0x4D,0x89,0x1E,0x48
	.byte 0x8D,0x05,0x06,0x00,0x00,0x00,0xE9,0x8D,0xDF,0xFE,0xFF,0x90,0x49,0x8B,0x46,0x08
	.byte 0xBF,0x04,0x00,0x00,0x00,0x48,0x8D,0x15,0x84,0x49,0x00,0x00,0x49,0x8B,0x75,0xF8
	.byte 0x48,0xB9,0xE3,0x01,0x00,0x00,0x02,0x00,0x00,0x00,0x48,0x89,0x0E,0x48,0x89,0x56
	.byte 0x08,0x48,0x89,0x7E,0x10,0x48,0x89,0xF7,0x4C,0x29,0xE7,0x48,0xC1,0xE7,0x09,0x48
	.byte 0x81,0xCF,0xE5,0x01,0x00,0x00,0x48,0x83,0xC6,0x18,0x49,0x89,0x75,0xF8,0x49,0x8B
	.byte 0x75,0xB8,0x48,0x89,0xBE,0xD0,0x16,0x00,0x00,0xE9,0x0E,0x00,0x00,0x00,0x49,0x83
	.byte 0xEE,0x10,0x4D,0x39,0xEE,0x0F,0x82,0x21,0xDF,0xFE,0xFF,0x90,0x49,0x8B,0x7D,0xD8
	.byte 0x49,0x8B,0x75,0xF8,0x48,0x29,0xF7,0x48,0x83,0xFF,0x18,0x0F,0x83,0x23,0x00,0x00
	.byte 0x00,0xBF,0x18,0x00,0x00,0x00,0x49,0x89,0x46,0x08,0x41,0xBB,0xB3,0x06,0x00,0x00
	.byte 0x4D,0x89,0x1E,0x48,0x8D,0x05,0x06,0x00,0x00,0x00,0xE9,0xF9,0xDE,0xFE,0xFF,0x90
	.byte 0x49,0x8B,0x46,0x08,0xBF,0x0C,0x00,0x00,0x00,0x48,0x8D,0x15,0xD8,0x4A,0x00,0x00
	.byte 0x49,0x8B,0x75,0xF8,0x48,0xB9,0xE3,0x01,0x00,0x00,0x02,0x00,0x00,0x00,0x48,0x89
	.byte 0x0E,0x48,0x89,0x56,0x08,0x48,0x89,0x7E,0x10,0x48,0x89,0xF7,0x4C,0x29,0xE7,0x48
	.byte 0xC1,0xE7,0x09,0x48,0x81,0xCF,0xE5,0x01,0x00,0x00,0x48,0x83,0xC6,0x18,0x49,0x89
	.byte 0x75,0xF8,0x49,0x8B,0x75,0xB8,0x48,0x89,0xBE,0xD8,0x16,0x00,0x00,0xE9,0x0E,0x00
	.byte 0x00,0x00,0x49,0x83,0xEE,0x10,0x4D,0x39,0xEE,0x0F,0x82,0x8D,0xDE,0xFE,0xFF,0x90
	.byte 0x49,0x8B,0x7D,0xD8,0x49,0x8B,0x75,0xF8,0x48,0x29,0xF7,0x48,0x83,0xFF,0x18,0x0F
	.byte 0x83,0x23,0x00,0x00,0x00,0xBF,0x18,0x00,0x00,0x00,0x49,0x89,0x46,0x08,0x41,0xBB
	.byte 0xB4,0x06,0x00,0x00,0x4D,0x89,0x1E,0x48,0x8D,0x05,0x06,0x00,0x00,0x00,0xE9,0x65
	.byte 0xDE,0xFE,0xFF,0x90,0x49,0x8B,0x46,0x08,0xBF,0x08,0x00,0x00,0x00,0x48,0x8D,0x15
	.byte 0x78,0x4D,0x00,0x00,0x49,0x8B,0x75,0xF8,0x48,0xB9,0xE3,0x01,0x00,0x00,0x02,0x00
	.byte 0x00,0x00,0x48,0x89,0x0E,0x48,0x89,0x56,0x08,0x48,0x89,0x7E,0x10,0x48,0x89,0xF7
	.byte 0x4C,0x29,0xE7,0x48,0xC1,0xE7,0x09,0x48,0x81,0xCF,0xE5,0x01,0x00,0x00,0x48,0x83
	.byte 0xC6,0x18,0x49,0x89,0x75,0xF8,0x49,0x8B,0x75,0xB8,0x48,0x89,0xBE,0xE0,0x16,0x00
	.byte 0x00,0xE9,0x0E,0x00,0x00,0x00,0x49,0x83,0xEE,0x10,0x4D,0x39,0xEE,0x0F,0x82,0xF9
	.byte 0xDD,0xFE,0xFF,0x90,0x49,0x8B,0x7D,0xD8,0x49,0x8B,0x75,0xF8,0x48,0x29,0xF7,0x48
	.byte 0x83,0xFF,0x18,0x0F,0x83,0x23,0x00,0x00,0x00,0xBF,0x18,0x00,0x00,0x00,0x49,0x89
	.byte 0x46,0x08,0x41,0xBB,0xB5,0x06,0x00,0x00,0x4D,0x89,0x1E,0x48,0x8D,0x05,0x06,0x00
	.byte 0x00,0x00,0xE9,0xD1,0xDD,0xFE,0xFF,0x90,0x49,0x8B,0x46,0x08,0xBF,0x08,0x00,0x00
	.byte 0x00,0x48,0x8D,0x15,0x6E,0x4D,0x00,0x00,0x49,0x8B,0x75,0xF8,0x48,0xB9,0xE3,0x01
	.byte 0x00,0x00,0x02,0x00,0x00,0x00,0x48,0x89,0x0E,0x48,0x89,0x56,0x08,0x48,0x89,0x7E
	.byte 0x10,0x48,0x89,0xF7,0x4C,0x29,0xE7,0x48,0xC1,0xE7,0x09,0x48,0x81,0xCF,0xE5,0x01
	.byte 0x00,0x00,0x48,0x83,0xC6,0x18,0x49,0x89,0x75,0xF8,0x49,0x8B,0x75,0xB8,0x48,0x89
	.byte 0xBE,0xE8,0x16,0x00,0x00,0xE9,0x0E,0x00,0x00,0x00,0x49,0x83,0xEE,0x10,0x4D,0x39
	.byte 0xEE,0x0F,0x82,0x65,0xDD,0xFE,0xFF,0x90,0x49,0x8B,0x7D,0xD8,0x49,0x8B,0x75,0xF8
	.byte 0x48,0x29,0xF7,0x48,0x83,0xFF,0x18,0x0F,0x83,0x23,0x00,0x00,0x00,0xBF,0x18,0x00
	.byte 0x00,0x00,0x49,0x89,0x46,0x08,0x41,0xBB,0xB6,0x06,0x00,0x00,0x4D,0x89,0x1E,0x48
	.byte 0x8D,0x05,0x06,0x00,0x00,0x00,0xE9,0x3D,0xDD,0xFE,0xFF,0x90,0x49,0x8B,0x46,0x08
	.byte 0xBF,0x10,0x00,0x00,0x00,0x48,0x8D,0x15,0x56,0x4E,0x00,0x00,0x49,0x8B,0x75,0xF8
	.byte 0x48,0xB9,0xE3,0x01,0x00,0x00,0x02,0x00,0x00,0x00,0x48,0x89,0x0E,0x48,0x89,0x56
	.byte 0x08,0x48,0x89,0x7E,0x10,0x48,0x89,0xF7,0x4C,0x29,0xE7,0x48,0xC1,0xE7,0x09,0x48
	.byte 0x81,0xCF,0xE5,0x01,0x00,0x00,0x48,0x83,0xC6,0x18,0x49,0x89,0x75,0xF8,0x49,0x8B
	.byte 0x75,0xB8,0x48,0x89,0xBE,0xF0,0x16,0x00,0x00,0xE9,0x0E,0x00,0x00,0x00,0x49,0x83
	.byte 0xEE,0x10,0x4D,0x39,0xEE,0x0F,0x82,0xD1,0xDC,0xFE,0xFF,0x90,0x49,0x8B,0x7D,0xD8
	.byte 0x49,0x8B,0x75,0xF8,0x48,0x29,0xF7,0x48,0x83,0xFF,0x18,0x0F,0x83,0x23,0x00,0x00
	.byte 0x00,0xBF,0x18,0x00,0x00,0x00,0x49,0x89,0x46,0x08,0x41,0xBB,0xB7,0x06,0x00,0x00
	.byte 0x4D,0x89,0x1E,0x48,0x8D,0x05,0x06,0x00,0x00,0x00,0xE9,0xA9,0xDC,0xFE,0xFF,0x90
	.byte 0x49,0x8B,0x46,0x08,0xBF,0x10,0x00,0x00,0x00,0x48,0x8D,0x15,0xCC,0x59,0x00,0x00
	.byte 0x49,0x8B,0x75,0xF8,0x48,0xB9,0xE3,0x01,0x00,0x00,0x02,0x00,0x00,0x00,0x48,0x89
	.byte 0x0E,0x48,0x89,0x56,0x08,0x48,0x89,0x7E,0x10,0x48,0x89,0xF7,0x4C,0x29,0xE7,0x48
	.byte 0xC1,0xE7,0x09,0x48,0x81,0xCF,0xE5,0x01,0x00,0x00,0x48,0x83,0xC6,0x18,0x49,0x89
	.byte 0x75,0xF8,0x49,0x8B,0x75,0xB8,0x48,0x89,0xBE,0xF8,0x16,0x00,0x00,0xE9,0x0E,0x00
	.byte 0x00,0x00,0x49,0x83,0xEE,0x10,0x4D,0x39,0xEE,0x0F,0x82,0x3D,0xDC,0xFE,0xFF,0x90
	.byte 0x49,0x8B,0x7D,0xD8,0x49,0x8B,0x75,0xF8,0x48,0x29,0xF7,0x48,0x83,0xFF,0x18,0x0F
	.byte 0x83,0x23,0x00,0x00,0x00,0xBF,0x18,0x00,0x00,0x00,0x49,0x89,0x46,0x08,0x41,0xBB
	.byte 0xB8,0x06,0x00,0x00,0x4D,0x89,0x1E,0x48,0x8D,0x05,0x06,0x00,0x00,0x00,0xE9,0x15
	.byte 0xDC,0xFE,0xFF,0x90,0x49,0x8B,0x46,0x08,0xBF,0x14,0x00,0x00,0x00,0x48,0x8D,0x15
	.byte 0xD8,0x59,0x00,0x00,0x49,0x8B,0x75,0xF8,0x48,0xB9,0xE3,0x01,0x00,0x00,0x02,0x00
	.byte 0x00,0x00,0x48,0x89,0x0E,0x48,0x89,0x56,0x08,0x48,0x89,0x7E,0x10,0x48,0x89,0xF7
	.byte 0x4C,0x29,0xE7,0x48,0xC1,0xE7,0x09,0x48,0x81,0xCF,0xE5,0x01,0x00,0x00,0x48,0x83
	.byte 0xC6,0x18,0x49,0x89,0x75,0xF8,0x49,0x8B,0x75,0xB8,0x48,0x89,0xBE,0x20,0x17,0x00
	.byte 0x00,0xE9,0x0E,0x00,0x00,0x00,0x49,0x83,0xEE,0x10,0x4D,0x39,0xEE,0x0F,0x82,0xA9
	.byte 0xDB,0xFE,0xFF,0x90,0x49,0x8B,0x7D,0xD8,0x49,0x8B,0x75,0xF8,0x48,0x29,0xF7,0x48
	.byte 0x83,0xFF,0x18,0x0F,0x83,0x23,0x00,0x00,0x00,0xBF,0x18,0x00,0x00,0x00,0x49,0x89
	.byte 0x46,0x08,0x41,0xBB,0xB9,0x06,0x00,0x00,0x4D,0x89,0x1E,0x48,0x8D,0x05,0x06,0x00
	.byte 0x00,0x00,0xE9,0x81,0xDB,0xFE,0xFF,0x90,0x49,0x8B,0x46,0x08,0xBF,0x04,0x00,0x00
	.byte 0x00,0x48,0x8D,0x15,0x36,0x5E,0x00,0x00,0x49,0x8B,0x75,0xF8,0x48,0xB9,0xE3,0x01
	.byte 0x00,0x00,0x02,0x00,0x00,0x00,0x48,0x89,0x0E,0x48,0x89,0x56,0x08,0x48,0x89,0x7E
	.byte 0x10,0x48,0x89,0xF7,0x4C,0x29,0xE7,0x48,0xC1,0xE7,0x09,0x48,0x81,0xCF,0xE5,0x01
	.byte 0x00,0x00,0x48,0x83,0xC6,0x18,0x49,0x89,0x75,0xF8,0x49,0x8B,0x75,0xB8,0x48,0x89
	.byte 0xBE,0x30,0x17,0x00,0x00,0xE9,0x0E,0x00,0x00,0x00,0x49,0x83,0xEE,0x10,0x4D,0x39
	.byte 0xEE,0x0F,0x82,0x15,0xDB,0xFE,0xFF,0x90,0x49,0x8B,0x7D,0xD8,0x49,0x8B,0x75,0xF8
	.byte 0x48,0x29,0xF7,0x48,0x83,0xFF,0x18,0x0F,0x83,0x23,0x00,0x00,0x00,0xBF,0x18,0x00
	.byte 0x00,0x00,0x49,0x89,0x46,0x08,0x41,0xBB,0xBA,0x06,0x00,0x00,0x4D,0x89,0x1E,0x48
	.byte 0x8D,0x05,0x06,0x00,0x00,0x00,0xE9,0xED,0xDA,0xFE,0xFF,0x90,0x49,0x8B,0x46,0x08
	.byte 0xBF,0x04,0x00,0x00,0x00,0x48,0x8D,0x15,0x5C,0x5E,0x00,0x00,0x49,0x8B,0x75,0xF8
	.byte 0x48,0xB9,0xE3,0x01,0x00,0x00,0x02,0x00,0x00,0x00,0x48,0x89,0x0E,0x48,0x89,0x56
	.byte 0x08,0x48,0x89,0x7E,0x10,0x48,0x89,0xF7,0x4C,0x29,0xE7,0x48,0xC1,0xE7,0x09,0x48
	.byte 0x81,0xCF,0xE5,0x01,0x00,0x00,0x48,0x83,0xC6,0x18,0x49,0x89,0x75,0xF8,0x49,0x8B
	.byte 0x75,0xB8,0x48,0x89,0xBE,0x38,0x17,0x00,0x00,0xE9,0x0E,0x00,0x00,0x00,0x49,0x83
	.byte 0xEE,0x10,0x4D,0x39,0xEE,0x0F,0x82,0x81,0xDA,0xFE,0xFF,0x90,0x49,0x8B,0x7D,0xD8
	.byte 0x49,0x8B,0x75,0xF8,0x48,0x29,0xF7,0x48,0x83,0xFF,0x18,0x0F,0x83,0x23,0x00,0x00
	.byte 0x00,0xBF,0x18,0x00,0x00,0x00,0x49,0x89,0x46,0x08,0x41,0xBB,0xBB,0x06,0x00,0x00
	.byte 0x4D,0x89,0x1E,0x48,0x8D,0x05,0x06,0x00,0x00,0x00,0xE9,0x59,0xDA,0xFE,0xFF,0x90
	.byte 0x49,0x8B,0x46,0x08,0x31,0xFF,0x48,0x8D,0x15,0xB1,0x5E,0x00,0x00,0x49,0x8B,0x75
	.byte 0xF8,0x48,0xB9,0xE3,0x01,0x00,0x00,0x02,0x00,0x00,0x00,0x48,0x89,0x0E,0x48,0x89
	.byte 0x56,0x08,0x48,0x89,0x7E,0x10,0x48,0x89,0xF7,0x4C,0x29,0xE7,0x48,0xC1,0xE7,0x09
	.byte 0x48,0x81,0xCF,0xE5,0x01,0x00,0x00,0x48,0x83,0xC6,0x18,0x49,0x89,0x75,0xF8,0x49
	.byte 0x8B,0x75,0xB8,0x48,0x89,0xBE,0xB8,0x17,0x00,0x00,0xE9,0x0F,0x00,0x00,0x00,0x90
	.byte 0x49,0x83,0xEE,0x10,0x4D,0x39,0xEE,0x0F,0x82,0xEF,0xD9,0xFE,0xFF,0x90,0x49,0x8B
	.byte 0x7D,0xD8,0x49,0x8B,0x75,0xF8,0x48,0x29,0xF7,0x48,0x83,0xFF,0x18,0x0F,0x83,0x23
	.byte 0x00,0x00,0x00,0xBF,0x18,0x00,0x00,0x00,0x49,0x89,0x46,0x08,0x41,0xBB,0xBC,0x06
	.byte 0x00,0x00,0x4D,0x89,0x1E,0x48,0x8D,0x05,0x06,0x00,0x00,0x00,0xE9,0xC7,0xD9,0xFE
	.byte 0xFF,0x90,0x49,0x8B,0x46,0x08,0xBF,0x04,0x00,0x00,0x00,0x48,0x8D,0x15,0x64,0x5E
	.byte 0x00,0x00,0x49,0x8B,0x75,0xF8,0x48,0xB9,0xE3,0x01,0x00,0x00,0x02,0x00,0x00,0x00
	.byte 0x48,0x89,0x0E,0x48,0x89,0x56,0x08,0x48,0x89,0x7E,0x10,0x48,0x89,0xF7,0x4C,0x29
	.byte 0xE7,0x48,0xC1,0xE7,0x09,0x48,0x81,0xCF,0xE5,0x01,0x00,0x00,0x48,0x83,0xC6,0x18
	.byte 0x49,0x89,0x75,0xF8,0x49,0x8B,0x75,0xB8,0x48,0x89,0xBE,0xC0,0x17,0x00,0x00,0xE9
	.byte 0x0E,0x00,0x00,0x00,0x49,0x83,0xEE,0x10,0x4D,0x39,0xEE,0x0F,0x82,0x5B,0xD9,0xFE
	.byte 0xFF,0x90,0x49,0x8B,0x7D,0xD8,0x49,0x8B,0x75,0xF8,0x48,0x29,0xF7,0x48,0x83,0xFF
	.byte 0x18,0x0F,0x83,0x23,0x00,0x00,0x00,0xBF,0x18,0x00,0x00,0x00,0x49,0x89,0x46,0x08
	.byte 0x41,0xBB,0xBD,0x06,0x00,0x00,0x4D,0x89,0x1E,0x48,0x8D,0x05,0x06,0x00,0x00,0x00
	.byte 0xE9,0x33,0xD9,0xFE,0xFF,0x90,0x49,0x8B,0x46,0x08,0x31,0xFF,0x48,0x8D,0x15,0xE9
	.byte 0x5E,0x00,0x00,0x49,0x8B,0x75,0xF8,0x48,0xB9,0xE3,0x01,0x00,0x00,0x02,0x00,0x00
	.byte 0x00,0x48,0x89,0x0E,0x48,0x89,0x56,0x08,0x48,0x89,0x7E,0x10,0x48,0x89,0xF7,0x4C
	.byte 0x29,0xE7,0x48,0xC1,0xE7,0x09,0x48,0x81,0xCF,0xE5,0x01,0x00,0x00,0x48,0x83,0xC6
	.byte 0x18,0x49,0x89,0x75,0xF8,0x49,0x8B,0x75,0xB8,0x48,0x89,0xBE,0xC8,0x17,0x00,0x00
	.byte 0xE9,0x0F,0x00,0x00,0x00,0x90,0x49,0x83,0xEE,0x10,0x4D,0x39,0xEE,0x0F,0x82,0xC9
	.byte 0xD8,0xFE,0xFF,0x90,0x49,0x8B,0x7D,0xD8,0x49,0x8B,0x75,0xF8,0x48,0x29,0xF7,0x48
	.byte 0x83,0xFF,0x18,0x0F,0x83,0x23,0x00,0x00,0x00,0xBF,0x18,0x00,0x00,0x00,0x49,0x89
	.byte 0x46,0x08,0x41,0xBB,0xBE,0x06,0x00,0x00,0x4D,0x89,0x1E,0x48,0x8D,0x05,0x06,0x00
	.byte 0x00,0x00,0xE9,0xA1,0xD8,0xFE,0xFF,0x90,0x49,0x8B,0x46,0x08,0xBF,0x10,0x00,0x00
	.byte 0x00,0x48,0x8D,0x15,0x74,0x5E,0x00,0x00,0x49,0x8B,0x75,0xF8,0x48,0xB9,0xE3,0x01
	.byte 0x00,0x00,0x02,0x00,0x00,0x00,0x48,0x89,0x0E,0x48,0x89,0x56,0x08,0x48,0x89,0x7E
	.byte 0x10,0x48,0x89,0xF7,0x4C,0x29,0xE7,0x48,0xC1,0xE7,0x09,0x48,0x81,0xCF,0xE5,0x01
	.byte 0x00,0x00,0x48,0x83,0xC6,0x18,0x49,0x89,0x75,0xF8,0x49,0x8B,0x75,0xB8,0x48,0x89
	.byte 0xBE,0xD0,0x17,0x00,0x00,0xE9,0x0E,0x00,0x00,0x00,0x49,0x83,0xEE,0x10,0x4D,0x39
	.byte 0xEE,0x0F,0x82,0x35,0xD8,0xFE,0xFF,0x90,0x49,0x8B,0x7D,0xD8,0x49,0x8B,0x75,0xF8
	.byte 0x48,0x29,0xF7,0x48,0x83,0xFF,0x18,0x0F,0x83,0x23,0x00,0x00,0x00,0xBF,0x18,0x00
	.byte 0x00,0x00,0x49,0x89,0x46,0x08,0x41,0xBB,0xBF,0x06,0x00,0x00,0x4D,0x89,0x1E,0x48
	.byte 0x8D,0x05,0x06,0x00,0x00,0x00,0xE9,0x0D,0xD8,0xFE,0xFF,0x90,0x49,0x8B,0x46,0x08
	.byte 0x31,0xFF,0x48,0x8D,0x15,0x59,0x6F,0x00,0x00,0x49,0x8B,0x75,0xF8,0x48,0xB9,0xE3
	.byte 0x01,0x00,0x00,0x02,0x00,0x00,0x00,0x48,0x89,0x0E,0x48,0x89,0x56,0x08,0x48,0x89
	.byte 0x7E,0x10,0x48,0x89,0xF7,0x4C,0x29,0xE7,0x48,0xC1,0xE7,0x09,0x48,0x81,0xCF,0xE5
	.byte 0x01,0x00,0x00,0x48,0x83,0xC6,0x18,0x49,0x89,0x75,0xF8,0x49,0x8B,0x75,0xB8,0x48
	.byte 0x89,0xBE,0xD8,0x17,0x00,0x00,0xE9,0x0F,0x00,0x00,0x00,0x90,0x49,0x83,0xEE,0x10
	.byte 0x4D,0x39,0xEE,0x0F,0x82,0xA3,0xD7,0xFE,0xFF,0x90,0x49,0x8B,0x7D,0xD8,0x49,0x8B
	.byte 0x75,0xF8,0x48,0x29,0xF7,0x48,0x83,0xFF,0x18,0x0F,0x83,0x23,0x00,0x00,0x00,0xBF
	.byte 0x18,0x00,0x00,0x00,0x49,0x89,0x46,0x08,0x41,0xBB,0xC0,0x06,0x00,0x00,0x4D,0x89
	.byte 0x1E,0x48,0x8D,0x05,0x06,0x00,0x00,0x00,0xE9,0x7B,0xD7,0xFE,0xFF,0x90,0x49,0x8B
	.byte 0x46,0x08,0xBF,0x04,0x00,0x00,0x00,0x48,0x8D,0x15,0x68,0x72,0x00,0x00,0x49,0x8B
	.byte 0x75,0xF8,0x48,0xB9,0xE3,0x01,0x00,0x00,0x02,0x00,0x00,0x00,0x48,0x89,0x0E,0x48
	.byte 0x89,0x56,0x08,0x48,0x89,0x7E,0x10,0x48,0x89,0xF7,0x4C,0x29,0xE7,0x48,0xC1,0xE7
	.byte 0x09,0x48,0x81,0xCF,0xE5,0x01,0x00,0x00,0x48,0x83,0xC6,0x18,0x49,0x89,0x75,0xF8
	.byte 0x49,0x8B,0x75,0xB8,0x48,0x89,0xBE,0xE0,0x17,0x00,0x00,0xE9,0x0E,0x00,0x00,0x00
	.byte 0x49,0x83,0xEE,0x10,0x4D,0x39,0xEE,0x0F,0x82,0x0F,0xD7,0xFE,0xFF,0x90,0x49,0x8B
	.byte 0x7D,0xD8,0x49,0x8B,0x75,0xF8,0x48,0x29,0xF7,0x48,0x83,0xFF,0x18,0x0F,0x83,0x23
	.byte 0x00,0x00,0x00,0xBF,0x18,0x00,0x00,0x00,0x49,0x89,0x46,0x08,0x41,0xBB,0xC1,0x06
	.byte 0x00,0x00,0x4D,0x89,0x1E,0x48,0x8D,0x05,0x06,0x00,0x00,0x00,0xE9,0xE7,0xD6,0xFE
	.byte 0xFF,0x90,0x49,0x8B,0x46,0x08,0xBF,0x04,0x00,0x00,0x00,0x48,0x8D,0x15,0xF6,0x71
	.byte 0x00,0x00,0x49,0x8B,0x75,0xF8,0x48,0xB9,0xE3,0x01,0x00,0x00,0x02,0x00,0x00,0x00
	.byte 0x48,0x89,0x0E,0x48,0x89,0x56,0x08,0x48,0x89,0x7E,0x10,0x48,0x89,0xF7,0x4C,0x29
	.byte 0xE7,0x48,0xC1,0xE7,0x09,0x48,0x81,0xCF,0xE5,0x01,0x00,0x00,0x48,0x83,0xC6,0x18
	.byte 0x49,0x89,0x75,0xF8,0x49,0x8B,0x75,0xB8,0x48,0x89,0xBE,0xE8,0x17,0x00,0x00,0xE9
	.byte 0x0E,0x00,0x00,0x00,0x49,0x83,0xEE,0x10,0x4D,0x39,0xEE,0x0F,0x82,0x7B,0xD6,0xFE
	.byte 0xFF,0x90,0x49,0x8B,0x7D,0xD8,0x49,0x8B,0x75,0xF8,0x48,0x29,0xF7,0x48,0x83,0xFF
	.byte 0x18,0x0F,0x83,0x23,0x00,0x00,0x00,0xBF,0x18,0x00,0x00,0x00,0x49,0x89,0x46,0x08
	.byte 0x41,0xBB,0xC2,0x06,0x00,0x00,0x4D,0x89,0x1E,0x48,0x8D,0x05,0x06,0x00,0x00,0x00
	.byte 0xE9,0x53,0xD6,0xFE,0xFF,0x90,0x49,0x8B,0x46,0x08,0xBF,0x08,0x00,0x00,0x00,0x48
	.byte 0x8D,0x15,0xD2,0x76,0x00,0x00,0x49,0x8B,0x75,0xF8,0x48,0xB9,0xE3,0x01,0x00,0x00
	.byte 0x02,0x00,0x00,0x00,0x48,0x89,0x0E,0x48,0x89,0x56,0x08,0x48,0x89,0x7E,0x10,0x48
	.byte 0x89,0xF7,0x4C,0x29,0xE7,0x48,0xC1,0xE7,0x09,0x48,0x81,0xCF,0xE5,0x01,0x00,0x00
	.byte 0x48,0x83,0xC6,0x18,0x49,0x89,0x75,0xF8,0x49,0x8B,0x75,0xB8,0x48,0x89,0xBE,0xF0
	.byte 0x17,0x00,0x00,0xE9,0x0E,0x00,0x00,0x00,0x49,0x83,0xEE,0x10,0x4D,0x39,0xEE,0x0F
	.byte 0x82,0xE7,0xD5,0xFE,0xFF,0x90,0x49,0x8B,0x7D,0xD8,0x49,0x8B,0x75,0xF8,0x48,0x29
	.byte 0xF7,0x48,0x83,0xFF,0x18,0x0F,0x83,0x23,0x00,0x00,0x00,0xBF,0x18,0x00,0x00,0x00
	.byte 0x49,0x89,0x46,0x08,0x41,0xBB,0xC3,0x06,0x00,0x00,0x4D,0x89,0x1E,0x48,0x8D,0x05
	.byte 0x06,0x00,0x00,0x00,0xE9,0xBF,0xD5,0xFE,0xFF,0x90,0x49,0x8B,0x46,0x08,0xBF,0x04
	.byte 0x00,0x00,0x00,0x48,0x8D,0x15,0x6C,0x78,0x00,0x00,0x49,0x8B,0x75,0xF8,0x48,0xB9
	.byte 0xE3,0x01,0x00,0x00,0x02,0x00,0x00,0x00,0x48,0x89,0x0E,0x48,0x89,0x56,0x08,0x48
	.byte 0x89,0x7E,0x10,0x48,0x89,0xF7,0x4C,0x29,0xE7,0x48,0xC1,0xE7,0x09,0x48,0x81,0xCF
	.byte 0xE5,0x01,0x00,0x00,0x48,0x83,0xC6,0x18,0x49,0x89,0x75,0xF8,0x49,0x8B,0x75,0xB8
	.byte 0x48,0x89,0xBE,0xF8,0x17,0x00,0x00,0xE9,0x0E,0x00,0x00,0x00,0x49,0x83,0xEE,0x10
	.byte 0x4D,0x39,0xEE,0x0F,0x82,0x53,0xD5,0xFE,0xFF,0x90,0x49,0x8B,0x7D,0xD8,0x49,0x8B
	.byte 0x75,0xF8,0x48,0x29,0xF7,0x48,0x83,0xFF,0x18,0x0F,0x83,0x23,0x00,0x00,0x00,0xBF
	.byte 0x18,0x00,0x00,0x00,0x49,0x89,0x46,0x08,0x41,0xBB,0xC4,0x06,0x00,0x00,0x4D,0x89
	.byte 0x1E,0x48,0x8D,0x05,0x06,0x00,0x00,0x00,0xE9,0x2B,0xD5,0xFE,0xFF,0x90,0x49,0x8B
	.byte 0x46,0x08,0xBF,0x08,0x00,0x00,0x00,0x48,0x8D,0x15,0xF8,0x82,0x00,0x00,0x49,0x8B
	.byte 0x75,0xF8,0x48,0xB9,0xE3,0x01,0x00,0x00,0x02,0x00,0x00,0x00,0x48,0x89,0x0E,0x48
	.byte 0x89,0x56,0x08,0x48,0x89,0x7E,0x10,0x48,0x89,0xF7,0x4C,0x29,0xE7,0x48,0xC1,0xE7
	.byte 0x09,0x48,0x81,0xCF,0xE5,0x01,0x00,0x00,0x48,0x83,0xC6,0x18,0x49,0x89,0x75,0xF8
	.byte 0x49,0x8B,0x75,0xB8,0x48,0x89,0xBE,0x00,0x18,0x00,0x00,0xE9,0x0E,0x00,0x00,0x00
	.byte 0x49,0x83,0xEE,0x10,0x4D,0x39,0xEE,0x0F,0x82,0xBF,0xD4,0xFE,0xFF,0x90,0x49,0x8B
	.byte 0x7D,0xD8,0x49,0x8B,0x75,0xF8,0x48,0x29,0xF7,0x48,0x83,0xFF,0x18,0x0F,0x83,0x23
	.byte 0x00,0x00,0x00,0xBF,0x18,0x00,0x00,0x00,0x49,0x89,0x46,0x08,0x41,0xBB,0xC5,0x06
	.byte 0x00,0x00,0x4D,0x89,0x1E,0x48,0x8D,0x05,0x06,0x00,0x00,0x00,0xE9,0x97,0xD4,0xFE
	.byte 0xFF,0x90,0x49,0x8B,0x46,0x08,0xBF,0x04,0x00,0x00,0x00,0x48,0x8D,0x15,0x92,0x84
	.byte 0x00,0x00,0x49,0x8B,0x75,0xF8,0x48,0xB9,0xE3,0x01,0x00,0x00,0x02,0x00,0x00,0x00
	.byte 0x48,0x89,0x0E,0x48,0x89,0x56,0x08,0x48,0x89,0x7E,0x10,0x48,0x89,0xF7,0x4C,0x29
	.byte 0xE7,0x48,0xC1,0xE7,0x09,0x48,0x81,0xCF,0xE5,0x01,0x00,0x00,0x48,0x83,0xC6,0x18
	.byte 0x49,0x89,0x75,0xF8,0x49,0x8B,0x75,0xB8,0x48,0x89,0xBE,0x08,0x18,0x00,0x00,0xE9
	.byte 0x0E,0x00,0x00,0x00,0x49,0x83,0xEE,0x10,0x4D,0x39,0xEE,0x0F,0x82,0x2B,0xD4,0xFE
	.byte 0xFF,0x90,0x49,0x8B,0x7D,0xD8,0x49,0x8B,0x75,0xF8,0x48,0x29,0xF7,0x48,0x83,0xFF
	.byte 0x18,0x0F,0x83,0x23,0x00,0x00,0x00,0xBF,0x18,0x00,0x00,0x00,0x49,0x89,0x46,0x08
	.byte 0x41,0xBB,0xC6,0x06,0x00,0x00,0x4D,0x89,0x1E,0x48,0x8D,0x05,0x06,0x00,0x00,0x00
	.byte 0xE9,0x03,0xD4,0xFE,0xFF,0x90,0x49,0x8B,0x46,0x08,0xBF,0x04,0x00,0x00,0x00,0x48
	.byte 0x8D,0x15,0x30,0x85,0x00,0x00,0x49,0x8B,0x75,0xF8,0x48,0xB9,0xE3,0x01,0x00,0x00
	.byte 0x02,0x00,0x00,0x00,0x48,0x89,0x0E,0x48,0x89,0x56,0x08,0x48,0x89,0x7E,0x10,0x48
	.byte 0x89,0xF7,0x4C,0x29,0xE7,0x48,0xC1,0xE7,0x09,0x48,0x81,0xCF,0xE5,0x01,0x00,0x00
	.byte 0x48,0x83,0xC6,0x18,0x49,0x89,0x75,0xF8,0x49,0x8B,0x75,0xB8,0x48,0x89,0xBE,0x10
	.byte 0x18,0x00,0x00,0xE9,0x0E,0x00,0x00,0x00,0x49,0x83,0xEE,0x10,0x4D,0x39,0xEE,0x0F
	.byte 0x82,0x97,0xD3,0xFE,0xFF,0x90,0x49,0x8B,0x7D,0xD8,0x49,0x8B,0x75,0xF8,0x48,0x29
	.byte 0xF7,0x48,0x83,0xFF,0x18,0x0F,0x83,0x23,0x00,0x00,0x00,0xBF,0x18,0x00,0x00,0x00
	.byte 0x49,0x89,0x46,0x08,0x41,0xBB,0xC7,0x06,0x00,0x00,0x4D,0x89,0x1E,0x48,0x8D,0x05
	.byte 0x06,0x00,0x00,0x00,0xE9,0x6F,0xD3,0xFE,0xFF,0x90,0x49,0x8B,0x46,0x08,0xBF,0x08
	.byte 0x00,0x00,0x00,0x48,0x8D,0x15,0x9E,0x88,0x00,0x00,0x49,0x8B,0x75,0xF8,0x48,0xB9
	.byte 0xE3,0x01,0x00,0x00,0x02,0x00,0x00,0x00,0x48,0x89,0x0E,0x48,0x89,0x56,0x08,0x48
	.byte 0x89,0x7E,0x10,0x48,0x89,0xF7,0x4C,0x29,0xE7,0x48,0xC1,0xE7,0x09,0x48,0x81,0xCF
	.byte 0xE5,0x01,0x00,0x00,0x48,0x83,0xC6,0x18,0x49,0x89,0x75,0xF8,0x49,0x8B,0x75,0xB8
	.byte 0x48,0x89,0xBE,0x18,0x18,0x00,0x00,0xE9,0x0E,0x00,0x00,0x00,0x49,0x83,0xEE,0x10
	.byte 0x4D,0x39,0xEE,0x0F,0x82,0x03,0xD3,0xFE,0xFF,0x90,0x49,0x8B,0x7D,0xD8,0x49,0x8B
	.byte 0x75,0xF8,0x48,0x29,0xF7,0x48,0x83,0xFF,0x18,0x0F,0x83,0x23,0x00,0x00,0x00,0xBF
	.byte 0x18,0x00,0x00,0x00,0x49,0x89,0x46,0x08,0x41,0xBB,0xC8,0x06,0x00,0x00,0x4D,0x89
	.byte 0x1E,0x48,0x8D,0x05,0x06,0x00,0x00,0x00,0xE9,0xDB,0xD2,0xFE,0xFF,0x90,0x49,0x8B
	.byte 0x46,0x08,0xBF,0x04,0x00,0x00,0x00,0x48,0x8D,0x15,0x20,0x8E,0x00,0x00,0x49,0x8B
	.byte 0x75,0xF8,0x48,0xB9,0xE3,0x01,0x00,0x00,0x02,0x00,0x00,0x00,0x48,0x89,0x0E,0x48
	.byte 0x89,0x56,0x08,0x48,0x89,0x7E,0x10,0x48,0x89,0xF7,0x4C,0x29,0xE7,0x48,0xC1,0xE7
	.byte 0x09,0x48,0x81,0xCF,0xE5,0x01,0x00,0x00,0x48,0x83,0xC6,0x18,0x49,0x89,0x75,0xF8
	.byte 0x49,0x8B,0x75,0xB8,0x48,0x89,0xBE,0x20,0x18,0x00,0x00,0xE9,0x0E,0x00,0x00,0x00
	.byte 0x49,0x83,0xEE,0x10,0x4D,0x39,0xEE,0x0F,0x82,0x6F,0xD2,0xFE,0xFF,0x90,0x49,0x8B
	.byte 0x7D,0xD8,0x49,0x8B,0x75,0xF8,0x48,0x29,0xF7,0x48,0x83,0xFF,0x18,0x0F,0x83,0x23
	.byte 0x00,0x00,0x00,0xBF,0x18,0x00,0x00,0x00,0x49,0x89,0x46,0x08,0x41,0xBB,0xC9,0x06
	.byte 0x00,0x00,0x4D,0x89,0x1E,0x48,0x8D,0x05,0x06,0x00,0x00,0x00,0xE9,0x47,0xD2,0xFE
	.byte 0xFF,0x90,0x49,0x8B,0x46,0x08,0xBF,0x04,0x00,0x00,0x00,0x48,0x8D,0x15,0x5C,0x8F
	.byte 0x00,0x00,0x49,0x8B,0x75,0xF8,0x48,0xB9,0xE3,0x01,0x00,0x00,0x02,0x00,0x00,0x00
	.byte 0x48,0x89,0x0E,0x48,0x89,0x56,0x08,0x48,0x89,0x7E,0x10,0x48,0x89,0xF7,0x4C,0x29
	.byte 0xE7,0x48,0xC1,0xE7,0x09,0x48,0x81,0xCF,0xE5,0x01,0x00,0x00,0x48,0x83,0xC6,0x18
	.byte 0x49,0x89,0x75,0xF8,0x49,0x8B,0x75,0xB8,0x48,0x89,0xBE,0x28,0x18,0x00,0x00,0xE9
	.byte 0x0E,0x00,0x00,0x00,0x49,0x83,0xEE,0x10,0x4D,0x39,0xEE,0x0F,0x82,0xDB,0xD1,0xFE
	.byte 0xFF,0x90,0x49,0x8B,0x7D,0xD8,0x49,0x8B,0x75,0xF8,0x48,0x29,0xF7,0x48,0x83,0xFF
	.byte 0x18,0x0F,0x83,0x23,0x00,0x00,0x00,0xBF,0x18,0x00,0x00,0x00,0x49,0x89,0x46,0x08
	.byte 0x41,0xBB,0xCA,0x06,0x00,0x00,0x4D,0x89,0x1E,0x48,0x8D,0x05,0x06,0x00,0x00,0x00
	.byte 0xE9,0xB3,0xD1,0xFE,0xFF,0x90,0x49,0x8B,0x46,0x08,0xBF,0x08,0x00,0x00,0x00,0x48
	.byte 0x8D,0x15,0x7E,0x97,0x00,0x00,0x49,0x8B,0x75,0xF8,0x48,0xB9,0xE3,0x01,0x00,0x00
	.byte 0x02,0x00,0x00,0x00,0x48,0x89,0x0E,0x48,0x89,0x56,0x08,0x48,0x89,0x7E,0x10,0x48
	.byte 0x89,0xF7,0x4C,0x29,0xE7,0x48,0xC1,0xE7,0x09,0x48,0x81,0xCF,0xE5,0x01,0x00,0x00
	.byte 0x48,0x83,0xC6,0x18,0x49,0x89,0x75,0xF8,0x49,0x8B,0x75,0xB8,0x48,0x89,0xBE,0x38
	.byte 0x18,0x00,0x00,0xE9,0x0E,0x00,0x00,0x00,0x49,0x83,0xEE,0x10,0x4D,0x39,0xEE,0x0F
	.byte 0x82,0x47,0xD1,0xFE,0xFF,0x90,0x49,0x8B,0x7D,0xD8,0x49,0x8B,0x75,0xF8,0x48,0x29
	.byte 0xF7,0x48,0x83,0xFF,0x18,0x0F,0x83,0x23,0x00,0x00,0x00,0xBF,0x18,0x00,0x00,0x00
	.byte 0x49,0x89,0x46,0x08,0x41,0xBB,0xCB,0x06,0x00,0x00,0x4D,0x89,0x1E,0x48,0x8D,0x05
	.byte 0x06,0x00,0x00,0x00,0xE9,0x1F,0xD1,0xFE,0xFF,0x90,0x49,0x8B,0x46,0x08,0xBF,0x04
	.byte 0x00,0x00,0x00,0x48,0x8D,0x15,0x32,0x9A,0x00,0x00,0x49,0x8B,0x75,0xF8,0x48,0xB9
	.byte 0xE3,0x01,0x00,0x00,0x02,0x00,0x00,0x00,0x48,0x89,0x0E,0x48,0x89,0x56,0x08,0x48
	.byte 0x89,0x7E,0x10,0x48,0x89,0xF7,0x4C,0x29,0xE7,0x48,0xC1,0xE7,0x09,0x48,0x81,0xCF
	.byte 0xE5,0x01,0x00,0x00,0x48,0x83,0xC6,0x18,0x49,0x89,0x75,0xF8,0x49,0x8B,0x75,0xB8
	.byte 0x48,0x89,0xBE,0x40,0x18,0x00,0x00,0xE9,0x0E,0x00,0x00,0x00,0x49,0x83,0xEE,0x10
	.byte 0x4D,0x39,0xEE,0x0F,0x82,0xB3,0xD0,0xFE,0xFF,0x90,0x49,0x8B,0x7D,0xD8,0x49,0x8B
	.byte 0x75,0xF8,0x48,0x29,0xF7,0x48,0x83,0xFF,0x18,0x0F,0x83,0x23,0x00,0x00,0x00,0xBF
	.byte 0x18,0x00,0x00,0x00,0x49,0x89,0x46,0x08,0x41,0xBB,0xCC,0x06,0x00,0x00,0x4D,0x89
	.byte 0x1E,0x48,0x8D,0x05,0x06,0x00,0x00,0x00,0xE9,0x8B,0xD0,0xFE,0xFF,0x90,0x49,0x8B
	.byte 0x46,0x08,0xBF,0x0C,0x00,0x00,0x00,0x48,0x8D,0x15,0x12,0x9A,0x00,0x00,0x49,0x8B
	.byte 0x75,0xF8,0x48,0xB9,0xE3,0x01,0x00,0x00,0x02,0x00,0x00,0x00,0x48,0x89,0x0E,0x48
	.byte 0x89,0x56,0x08,0x48,0x89,0x7E,0x10,0x48,0x89,0xF7,0x4C,0x29,0xE7,0x48,0xC1,0xE7
	.byte 0x09,0x48,0x81,0xCF,0xE5,0x01,0x00,0x00,0x48,0x83,0xC6,0x18,0x49,0x89,0x75,0xF8
	.byte 0x49,0x8B,0x75,0xB8,0x48,0x89,0xBE,0x48,0x18,0x00,0x00,0xE9,0x0E,0x00,0x00,0x00
	.byte 0x49,0x83,0xEE,0x10,0x4D,0x39,0xEE,0x0F,0x82,0x1F,0xD0,0xFE,0xFF,0x90,0x49,0x8B
	.byte 0x7D,0xD8,0x49,0x8B,0x75,0xF8,0x48,0x29,0xF7,0x48,0x83,0xFF,0x18,0x0F,0x83,0x23
	.byte 0x00,0x00,0x00,0xBF,0x18,0x00,0x00,0x00,0x49,0x89,0x46,0x08,0x41,0xBB,0xCD,0x06
	.byte 0x00,0x00,0x4D,0x89,0x1E,0x48,0x8D,0x05,0x06,0x00,0x00,0x00,0xE9,0xF7,0xCF,0xFE
	.byte 0xFF,0x90,0x49,0x8B,0x46,0x08,0x31,0xFF,0x48,0x8D,0x15,0x69,0x9E,0x00,0x00,0x49
	.byte 0x8B,0x75,0xF8,0x48,0xB9,0xE3,0x01,0x00,0x00,0x02,0x00,0x00,0x00,0x48,0x89,0x0E
	.byte 0x48,0x89,0x56,0x08,0x48,0x89,0x7E,0x10,0x48,0x89,0xF7,0x4C,0x29,0xE7,0x48,0xC1
	.byte 0xE7,0x09,0x48,0x81,0xCF,0xE5,0x01,0x00,0x00,0x48,0x83,0xC6,0x18,0x49,0x89,0x75
	.byte 0xF8,0x49,0x8B,0x75,0xB8,0x48,0x89,0xBE,0x50,0x18,0x00,0x00,0xE9,0x0F,0x00,0x00
	.byte 0x00,0x90,0x49,0x83,0xEE,0x10,0x4D,0x39,0xEE,0x0F,0x82,0x8D,0xCF,0xFE,0xFF,0x90
	.byte 0xBF,0x02,0x00,0x00,0x00,0x49,0x89,0x46,0x08,0x41,0xBB,0xCE,0x06,0x00,0x00,0x4D
	.byte 0x89,0x1E,0x48,0x8D,0x05,0x05,0x00,0x00,0x00,0xE9,0x00,0x9E,0x00,0x00,0x49,0x8B
	.byte 0x46,0x08,0xBF,0x02,0x00,0x00,0x00,0x49,0x83,0xC6,0x10,0xFF,0xE0,0x90,0xE9,0x01
	.byte 0x00,0x00,0x00,0x90,0x49,0x83,0xEE,0x20,0x4D,0x39,0xEE,0x0F,0x82,0x4B,0xCF,0xFE
	.byte 0xFF,0x90,0x31,0xF6,0x49,0x89,0x46,0x18,0x49,0x89,0x7E,0x10,0x41,0xBB,0xCF,0x06
	.byte 0x00,0x00,0x4D,0x89,0x1E,0x48,0x8D,0x05,0x06,0x00,0x00,0x00,0xE9,0x55,0x08,0xFF
	.byte 0xFF,0x90,0x49,0x8B,0x76,0x10,0x31,0xD2,0x49,0x89,0x7E,0x08,0x49,0x89,0x76,0x10
	.byte 0x41,0xBB,0xD0,0x06,0x00,0x00,0x4D,0x89,0x1E,0x48,0x8D,0x05,0x06,0x00,0x00,0x00
	.byte 0xE9,0x6F,0xD3,0xFE,0xFF,0x90,0x49,0x8B,0x46,0x18,0x49,0x83,0xC6,0x20,0xFF,0xE0
	.byte 0xE9,0x01,0x00,0x00,0x00,0x90,0x48,0xF7,0xC7,0x01,0x00,0x00,0x00,0x0F,0x84,0x17
	.byte 0x00,0x00,0x00,0x48,0xC1,0xEF,0x09,0x4C,0x01,0xE7,0x48,0x8B,0x3F,0x48,0xC1,0xEF
	.byte 0x20,0x48,0xC1,0xE7,0x02,0xE9,0x02,0x00,0x00,0x00,0x31,0xFF,0xFF,0xE0,0xE9,0x01
	.byte 0x00,0x00,0x00,0x90,0x49,0x83,0xEE,0x30,0x4D,0x39,0xEE,0x0F,0x82,0xBB,0xCE,0xFE
	.byte 0xFF,0x90,0x49,0x8B,0x55,0xD8,0x49,0x8B,0x4D,0xF8,0x48,0x29,0xCA,0x48,0x83,0xFA
	.byte 0x30,0x0F,0x82,0x09,0x00,0x00,0x00,0x49,0x89,0x46,0x28,0xE9,0x32,0x00,0x00,0x00
	.byte 0xBA,0x30,0x00,0x00,0x00,0x49,0x89,0x7E,0x18,0x48,0x89,0xD7,0x49,0x89,0x46,0x28
	.byte 0x49,0x89,0x76,0x20,0x41,0xBB,0xD1,0x06,0x00,0x00,0x4D,0x89,0x1E,0x48,0x8D,0x05
	.byte 0x06,0x00,0x00,0x00,0xE9,0x7F,0xCE,0xFE,0xFF,0x90,0x49,0x8B,0x76,0x20,0x49,0x8B
	.byte 0x7E,0x18,0xB8,0x02,0x00,0x00,0x00,0x49,0x8B,0x55,0xF8,0x48,0xB9,0x03,0x00,0x00
	.byte 0x00,0x02,0x00,0x00,0x00,0x48,0x89,0x0A,0x48,0x89,0x7A,0x08,0x48,0x89,0x42,0x10
	.byte 0x48,0x89,0xD0,0x4C,0x29,0xE2,0x48,0xC1,0xE2,0x09,0x48,0x83,0xCA,0x05,0x48,0x83
	.byte 0xC0,0x18,0x48,0xBF,0x03,0x00,0x00,0x00,0x02,0x00,0x00,0x00,0x48,0x89,0x38,0x48
	.byte 0x89,0x70,0x08,0x48,0x89,0x50,0x10,0x48,0x89,0xC7,0x4C,0x29,0xE7,0x48,0xC1,0xE7
	.byte 0x09,0x48,0x83,0xCF,0x05,0x48,0x83,0xC0,0x18,0x49,0x89,0x45,0xF8,0x31,0xF6,0x49
	.byte 0x89,0x76,0x08,0x49,0x89,0x7E,0x20,0x49,0x89,0x76,0x18,0x41,0xBB,0xD2,0x06,0x00
	.byte 0x00,0x4D,0x89,0x1E,0x48,0x8D,0x05,0x05,0x00,0x00,0x00,0xE9,0xF8,0x09,0xFF,0xFF
	.byte 0x31,0xD2,0x48,0x89,0xD6,0x49,0x89,0x7E,0x10,0x49,0x89,0x56,0x18,0x41,0xBB,0xD3
	.byte 0x06,0x00,0x00,0x4D,0x89,0x1E,0x48,0x8D,0x05,0x05,0x00,0x00,0x00,0xE9,0xDE,0xD3
	.byte 0xFE,0xFF,0x48,0x89,0xFA,0x49,0x8B,0x46,0x28,0x49,0x8B,0x7E,0x20,0x31,0xF6,0x49
	.byte 0x83,0xEE,0x10,0x4D,0x39,0xEE,0x0F,0x82,0xB0,0xCD,0xFE,0xFF,0xE9,0x95,0x0A,0xFF
	.byte 0xFF,0x90,0xE9,0x01,0x00,0x00,0x00,0x90,0x49,0x83,0xEE,0x30,0x4D,0x39,0xEE,0x0F
	.byte 0x82,0x97,0xCD,0xFE,0xFF,0x90,0x49,0x8B,0x75,0xD8,0x49,0x8B,0x55,0xF8,0x48,0x29
	.byte 0xD6,0x48,0x83,0xFE,0x18,0x0F,0x82,0x09,0x00,0x00,0x00,0x49,0x89,0x46,0x28,0xE9
	.byte 0x2A,0x00,0x00,0x00,0xBE,0x18,0x00,0x00,0x00,0x49,0x89,0x7E,0x20,0x48,0x89,0xF7
	.byte 0x49,0x89,0x46,0x28,0x41,0xBB,0xD4,0x06,0x00,0x00,0x4D,0x89,0x1E,0x48,0x8D,0x05
	.byte 0x06,0x00,0x00,0x00,0xE9,0x5F,0xCD,0xFE,0xFF,0x90,0x49,0x8B,0x7E,0x20,0xBE,0x02
	.byte 0x00,0x00,0x00,0x49,0x8B,0x45,0xF8,0x48,0xBA,0x03,0x00,0x00,0x00,0x02,0x00,0x00
	.byte 0x00,0x48,0x89,0x10,0x48,0x89,0x78,0x08,0x48,0x89,0x70,0x10,0x48,0x89,0xC7,0x4C
	.byte 0x29,0xE7,0x48,0xC1,0xE7,0x09,0x48,0x83,0xCF,0x05,0x48,0x83,0xC0,0x18,0x49,0x89
	.byte 0x45,0xF8,0x31,0xF6,0x49,0x89,0x76,0x08,0x49,0x89,0x76,0x18,0x49,0x89,0x7E,0x20
	.byte 0x41,0xBB,0xD5,0x06,0x00,0x00,0x4D,0x89,0x1E,0x48,0x8D,0x05,0x06,0x00,0x00,0x00
	.byte 0xE9,0x21,0x06,0xFF,0xFF,0x90,0x31,0xD2,0x48,0x89,0xD6,0x49,0x89,0x56,0x10,0x49
	.byte 0x89,0x7E,0x18,0x41,0xBB,0xD6,0x06,0x00,0x00,0x4D,0x89,0x1E,0x48,0x8D,0x05,0x05
	.byte 0x00,0x00,0x00,0xE9,0xE8,0xD2,0xFE,0xFF,0x48,0x89,0xFA,0x49,0x8B,0x46,0x28,0x49
	.byte 0x8B,0x7E,0x20,0x31,0xF6,0xE9,0xA8,0x06,0xFF,0xFF,0xE9,0x01,0x00,0x00,0x00,0x90
	.byte 0x49,0x83,0xEE,0x20,0x4D,0x39,0xEE,0x0F,0x82,0xAF,0xCC,0xFE,0xFF,0x90,0x48,0x89
	.byte 0xF9,0x48,0x89,0xF7,0x49,0x89,0xC0,0x48,0x01,0xCF,0xB8,0x00,0x00,0x00,0x00,0x40
	.byte 0x0F,0x90,0xC0,0x48,0x89,0xF2,0x48,0x89,0xCE,0x48,0x09,0xD1,0x48,0x09,0xC1,0x48
	.byte 0xF7,0xC1,0x01,0x00,0x00,0x00,0x0F,0x84,0x28,0x00,0x00,0x00,0x48,0x89,0xD7,0x4D
	.byte 0x89,0x46,0x18,0x49,0x89,0x56,0x08,0x49,0x89,0x76,0x10,0x41,0xBB,0xD7,0x06,0x00
	.byte 0x00,0x4D,0x89,0x1E,0x48,0x8D,0x05,0x05,0x00,0x00,0x00,0xE9,0x02,0xD9,0xFE,0xFF
	.byte 0x4D,0x8B,0x46,0x18,0x49,0x83,0xC6,0x20,0x41,0xFF,0xE0,0x90,0xE9,0x01,0x00,0x00
	.byte 0x00,0x90,0x49,0x83,0xEE,0x20,0x4D,0x39,0xEE,0x0F,0x82,0x3D,0xCC,0xFE,0xFF,0x90
	.byte 0x48,0x89,0xF9,0x48,0x89,0xF7,0x49,0x89,0xC0,0x48,0x29,0xCF,0xB8,0x00,0x00,0x00
	.byte 0x00,0x40,0x0F,0x90,0xC0,0x48,0x89,0xF2,0x48,0x89,0xCE,0x48,0x09,0xD1,0x48,0x09
	.byte 0xC1,0x48,0xF7,0xC1,0x01,0x00,0x00,0x00,0x0F,0x84,0x28,0x00,0x00,0x00,0x48,0x89
	.byte 0xD7,0x4D,0x89,0x46,0x18,0x49,0x89,0x56,0x08,0x49,0x89,0x76,0x10,0x41,0xBB,0xD8
	.byte 0x06,0x00,0x00,0x4D,0x89,0x1E,0x48,0x8D,0x05,0x05,0x00,0x00,0x00,0xE9,0x98,0xD8
	.byte 0xFE,0xFF,0x4D,0x8B,0x46,0x18,0x49,0x83,0xC6,0x20,0x41,0xFF,0xE0,0x90,0xE9,0x01
	.byte 0x00,0x00,0x00,0x90,0x49,0x83,0xEE,0x20,0x4D,0x39,0xEE,0x0F,0x82,0xCB,0xCB,0xFE
	.byte 0xFF,0x90,0x49,0x89,0xF1,0x49,0x89,0xC0,0x48,0xD1,0xEE,0x48,0x89,0xF0,0x48,0x89
	.byte 0xFE,0x48,0xF7,0xE6,0x48,0x89,0xFE,0x4C,0x09,0xCF,0x48,0x83,0xE7,0x01,0x48,0x89
	.byte 0xF9,0x48,0x09,0xD1,0x48,0x89,0xC7,0x48,0xD1,0xEF,0x48,0x83,0xF9,0x00,0x0F,0x84
	.byte 0x28,0x00,0x00,0x00,0x4C,0x89,0xCF,0x4D,0x89,0x46,0x18,0x4D,0x89,0x4E,0x10,0x49
	.byte 0x89,0x76,0x08,0x41,0xBB,0xD9,0x06,0x00,0x00,0x4D,0x89,0x1E,0x48,0x8D,0x05,0x05
	.byte 0x00,0x00,0x00,0xE9,0x2C,0xD8,0xFE,0xFF,0x4D,0x8B,0x46,0x18,0x49,0x83,0xC6,0x20
	.byte 0x41,0xFF,0xE0,0x90,0xE9,0x01,0x00,0x00,0x00,0x90,0x49,0x83,0xEE,0x20,0x4D,0x39
	.byte 0xEE,0x0F,0x82,0x55,0xCB,0xFE,0xFF,0x90,0x48,0x89,0xFA,0x48,0x09,0xF7,0x48,0xF7
	.byte 0xC7,0x01,0x00,0x00,0x00,0x0F,0x84,0x33,0x00,0x00,0x00,0x48,0x89,0xF7,0x49,0x89
	.byte 0x76,0x08,0x48,0x89,0xD6,0x49,0x89,0x46,0x18,0x49,0x89,0x56,0x10,0x41,0xBB,0xDA
	.byte 0x06,0x00,0x00,0x4D,0x89,0x1E,0x48,0x8D,0x05,0x05,0x00,0x00,0x00,0xE9,0x38,0xD8
	.byte 0xFE,0xFF,0x48,0x89,0xFE,0x49,0x8B,0x46,0x18,0xBA,0x01,0x00,0x00,0x00,0x48,0x39
	.byte 0xD6,0x0F,0x8C,0x0B,0x00,0x00,0x00,0xBF,0x02,0x00,0x00,0x00,0xE9,0x07,0x00,0x00
	.byte 0x00,0x90,0xBF,0x12,0x00,0x00,0x00,0x90,0x49,0x83,0xC6,0x20,0xFF,0xE0,0xE9,0x01
	.byte 0x00,0x00,0x00,0x90,0x49,0x83,0xEE,0x20,0x4D,0x39,0xEE,0x0F,0x82,0xDB,0xCA,0xFE
	.byte 0xFF,0x90,0x48,0x89,0xFA,0x48,0x09,0xF7,0x48,0xF7,0xC7,0x01,0x00,0x00,0x00,0x0F
	.byte 0x84,0x33,0x00,0x00,0x00,0x48,0x89,0xF7,0x49,0x89,0x76,0x08,0x48,0x89,0xD6,0x49
	.byte 0x89,0x46,0x18,0x49,0x89,0x56,0x10,0x41,0xBB,0xDB,0x06,0x00,0x00,0x4D,0x89,0x1E
	.byte 0x48,0x8D,0x05,0x05,0x00,0x00,0x00,0xE9,0xBE,0xD7,0xFE,0xFF,0x48,0x89,0xFE,0x49
	.byte 0x8B,0x46,0x18,0xBA,0x01,0x00,0x00,0x00,0x48,0x39,0xF2,0x0F,0x8D,0x0B,0x00,0x00
	.byte 0x00,0xBF,0x02,0x00,0x00,0x00,0xE9,0x07,0x00,0x00,0x00,0x90,0xBF,0x12,0x00,0x00
	.byte 0x00,0x90,0x49,0x83,0xC6,0x20,0xFF,0xE0,0xE9,0x01,0x00,0x00,0x00,0x90,0x49,0x83
	.byte 0xEE,0x20,0x4D,0x39,0xEE,0x0F,0x82,0x61,0xCA,0xFE,0xFF,0x90,0x48,0x89,0xF2,0x48
	.byte 0x09,0xFE,0x48,0xF7,0xC6,0x01,0x00,0x00,0x00,0x0F,0x84,0x2F,0x00,0x00,0x00,0x48
	.byte 0x89,0xD6,0x49,0x89,0x46,0x18,0x49,0x89,0x56,0x08,0x49,0x89,0x7E,0x10,0x41,0xBB
	.byte 0xDC,0x06,0x00,0x00,0x4D,0x89,0x1E,0x48,0x8D,0x05,0x06,0x00,0x00,0x00,0xE9,0x47
	.byte 0xD7,0xFE,0xFF,0x90,0x49,0x8B,0x46,0x18,0xBA,0x01,0x00,0x00,0x00,0x90,0x48,0x39
	.byte 0xFA,0x0F,0x8D,0x0B,0x00,0x00,0x00,0xBF,0x02,0x00,0x00,0x00,0xE9,0x07,0x00,0x00
	.byte 0x00,0x90,0xBF,0x12,0x00,0x00,0x00,0x90,0x49,0x83,0xC6,0x20,0xFF,0xE0,0xE9,0x01
	.byte 0x00,0x00,0x00,0x90,0x49,0x83,0xEE,0x20,0x4D,0x39,0xEE,0x0F,0x82,0xEB,0xC9,0xFE
	.byte 0xFF,0x90,0x48,0x89,0xC1,0x48,0x89,0xFA,0x31,0xFF,0x48,0x29,0xD7,0xB8,0x00,0x00
	.byte 0x00,0x00,0x40,0x0F,0x90,0xC0,0x48,0x89,0xD6,0x48,0x09,0xC2,0x48,0xF7,0xC2,0x01
	.byte 0x00,0x00,0x00,0x0F,0x84,0x27,0x00,0x00,0x00,0x31,0xFF,0x49,0x89,0x4E,0x18,0x49
	.byte 0x89,0x7E,0x10,0x49,0x89,0x76,0x08,0x41,0xBB,0xDD,0x06,0x00,0x00,0x4D,0x89,0x1E
	.byte 0x48,0x8D,0x05,0x05,0x00,0x00,0x00,0xE9,0x4E,0xD6,0xFE,0xFF,0x49,0x8B,0x4E,0x18
	.byte 0x49,0x83,0xC6,0x20,0xFF,0xE1,0xE9,0x01,0x00,0x00,0x00,0x90,0x49,0x83,0xEE,0x20
	.byte 0x4D,0x39,0xEE,0x0F,0x82,0x83,0xC9,0xFE,0xFF,0x90,0x48,0x89,0xFA,0x48,0x21,0xF7
	.byte 0x48,0xF7,0xC7,0x01,0x00,0x00,0x00,0x0F,0x84,0x3D,0x00,0x00,0x00,0x48,0x39,0xD6
	.byte 0x0F,0x84,0x34,0x00,0x00,0x00,0x48,0x89,0xF7,0x49,0x89,0x76,0x08,0x48,0x89,0xD6
	.byte 0x49,0x89,0x46,0x18,0x49,0x89,0x56,0x10,0x41,0xBB,0xDE,0x06,0x00,0x00,0x4D,0x89
	.byte 0x1E,0x48,0x8D,0x05,0x06,0x00,0x00,0x00,0xE9,0x07,0xD8,0xFE,0xFF,0x90,0x49,0x8B
	.byte 0x46,0x18,0xBA,0x01,0x00,0x00,0x00,0x48,0x89,0xFE,0x48,0x39,0xD6,0x0F,0x84,0x0B
	.byte 0x00,0x00,0x00,0xBF,0x02,0x00,0x00,0x00,0xE9,0x07,0x00,0x00,0x00,0x90,0xBF,0x12
	.byte 0x00,0x00,0x00,0x90,0x49,0x83,0xC6,0x20,0xFF,0xE0,0xE9,0x01,0x00,0x00,0x00,0x90
	.byte 0x49,0x83,0xEE,0x30,0x4D,0x39,0xEE,0x0F,0x82,0xFF,0xC8,0xFE,0xFF,0x90,0x49,0x8B
	.byte 0x55,0xD8,0x49,0x8B,0x4D,0xF8,0x48,0x29,0xCA,0x48,0x83,0xFA,0x30,0x0F,0x82,0x09
	.byte 0x00,0x00,0x00,0x49,0x89,0x46,0x28,0xE9,0x32,0x00,0x00,0x00,0xBA,0x30,0x00,0x00
	.byte 0x00,0x49,0x89,0x7E,0x18,0x48,0x89,0xD7,0x49,0x89,0x46,0x28,0x49,0x89,0x76,0x20
	.byte 0x41,0xBB,0xDF,0x06,0x00,0x00,0x4D,0x89,0x1E,0x48,0x8D,0x05,0x06,0x00,0x00,0x00
	.byte 0xE9,0xC3,0xC8,0xFE,0xFF,0x90,0x49,0x8B,0x76,0x20,0x49,0x8B,0x7E,0x18,0xB8,0x02
	.byte 0x00,0x00,0x00,0x49,0x8B,0x55,0xF8,0x48,0xB9,0x03,0x00,0x00,0x00,0x02,0x00,0x00
	.byte 0x00,0x48,0x89,0x0A,0x48,0x89,0x7A,0x08,0x48,0x89,0x42,0x10,0x48,0x89,0xD0,0x4C
	.byte 0x29,0xE2,0x48,0xC1,0xE2,0x09,0x48,0x83,0xCA,0x05,0x48,0x83,0xC0,0x18,0x48,0xBF
	.byte 0x03,0x00,0x00,0x00,0x02,0x00,0x00,0x00,0x48,0x89,0x38,0x48,0x89,0x70,0x08,0x48
	.byte 0x89,0x50,0x10,0x48,0x89,0xC7,0x4C,0x29,0xE7,0x48,0xC1,0xE7,0x09,0x48,0x83,0xCF
	.byte 0x05,0x48,0x83,0xC0,0x18,0x49,0x89,0x45,0xF8,0x31,0xF6,0x49,0x89,0x76,0x10,0x49
	.byte 0x89,0x76,0x18,0x49,0x89,0x7E,0x20,0x41,0xBB,0xE0,0x06,0x00,0x00,0x4D,0x89,0x1E
	.byte 0x48,0x8D,0x05,0x05,0x00,0x00,0x00,0xE9,0x3C,0x04,0xFF,0xFF,0x31,0xD2,0x48,0x89
	.byte 0xD6,0x49,0x89,0x56,0x08,0x49,0x89,0x7E,0x18,0x41,0xBB,0xE1,0x06,0x00,0x00,0x4D
	.byte 0x89,0x1E,0x48,0x8D,0x05,0x05,0x00,0x00,0x00,0xE9,0x22,0xCE,0xFE,0xFF,0x48,0x89
	.byte 0xFA,0x49,0x8B,0x46,0x28,0x49,0x8B,0x7E,0x20,0x31,0xF6,0x49,0x83,0xEE,0x10,0x4D
	.byte 0x39,0xEE,0x0F,0x82,0xF4,0xC7,0xFE,0xFF,0xE9,0xD9,0x04,0xFF,0xFF,0x90,0xE9,0x01
	.byte 0x00,0x00,0x00,0x90,0x49,0x83,0xEE,0x20,0x4D,0x39,0xEE,0x0F,0x82,0xDB,0xC7,0xFE
	.byte 0xFF,0x90,0xBE,0x28,0x00,0x00,0x00,0x48,0x89,0xFA,0x48,0x83,0xCA,0x28,0x48,0xF7
	.byte 0xC2,0x01,0x00,0x00,0x00,0x0F,0x84,0x2F,0x00,0x00,0x00,0x49,0x89,0x46,0x10,0x49
	.byte 0x89,0x76,0x08,0x49,0x89,0x7E,0x18,0x41,0xBB,0xE2,0x06,0x00,0x00,0x4D,0x89,0x1E
	.byte 0x48,0x8D,0x05,0x05,0x00,0x00,0x00,0xE9,0xBE,0xD4,0xFE,0xFF,0x49,0x8B,0x56,0x18
	.byte 0xBE,0x01,0x00,0x00,0x00,0xE9,0x08,0x00,0x00,0x00,0x49,0x89,0x46,0x10,0x48,0x89
	.byte 0xFA,0x90,0x48,0x39,0xF7,0x0F,0x8D,0x23,0x01,0x00,0x00,0xBF,0xC0,0x00,0x00,0x00
	.byte 0x48,0x01,0xD7,0xB8,0x00,0x00,0x00,0x00,0x40,0x0F,0x90,0xC0,0x48,0x89,0xD6,0x48
	.byte 0x09,0xC2,0x48,0x81,0xCA,0xC0,0x00,0x00,0x00,0x48,0xF7,0xC2,0x01,0x00,0x00,0x00
	.byte 0x0F,0x84,0x22,0x00,0x00,0x00,0xBF,0xC0,0x00,0x00,0x00,0x49,0x89,0x76,0x18,0x49
	.byte 0x89,0x7E,0x08,0x41,0xBB,0xE3,0x06,0x00,0x00,0x4D,0x89,0x1E,0x48,0x8D,0x05,0x05
	.byte 0x00,0x00,0x00,0xE9,0xDA,0xD3,0xFE,0xFF,0x31,0xC0,0x31,0xF6,0x48,0xF7,0xC7,0x01
	.byte 0x00,0x00,0x00,0x0F,0x84,0x2D,0x00,0x00,0x00,0x31,0xF6,0x49,0x89,0x7E,0x18,0x49
	.byte 0x89,0x46,0x08,0x41,0xBB,0xE4,0x06,0x00,0x00,0x4D,0x89,0x1E,0x48,0x8D,0x05,0x05
	.byte 0x00,0x00,0x00,0xE9,0x22,0xD4,0xFE,0xFF,0x49,0x8B,0x46,0x18,0xBE,0x01,0x00,0x00
	.byte 0x00,0xE9,0x04,0x00,0x00,0x00,0x48,0x89,0xF8,0x90,0x48,0x39,0xF7,0x0F,0x8D,0x0B
	.byte 0x00,0x00,0x00,0xBF,0x12,0x00,0x00,0x00,0xE9,0x7F,0xCA,0xFE,0xFF,0x90,0xBF,0xFC
	.byte 0x03,0x00,0x00,0x48,0x89,0xC6,0x49,0x89,0x7E,0x18,0x48,0x0D,0xFC,0x03,0x00,0x00
	.byte 0x48,0xA9,0x01,0x00,0x00,0x00,0x0F,0x84,0x38,0x00,0x00,0x00,0xBF,0xFC,0x03,0x00
	.byte 0x00,0x4D,0x8B,0x5E,0x18,0x4D,0x89,0x5E,0x08,0x49,0x89,0x76,0x18,0x41,0xBB,0xE5
	.byte 0x06,0x00,0x00,0x4D,0x89,0x1E,0x48,0x8D,0x05,0x05,0x00,0x00,0x00,0xE9,0xB8,0xD3
	.byte 0xFE,0xFF,0x49,0x8B,0x46,0x10,0x49,0x8B,0x56,0x18,0xBE,0x01,0x00,0x00,0x00,0xE9
	.byte 0x0C,0x00,0x00,0x00,0x49,0x8B,0x7E,0x18,0x49,0x8B,0x46,0x10,0x48,0x89,0xF2,0x90
	.byte 0x48,0x39,0xF7,0x0F,0x8D,0x0B,0x00,0x00,0x00,0xBF,0x12,0x00,0x00,0x00,0xE9,0x09
	.byte 0xCA,0xFE,0xFF,0x90,0x48,0x89,0xD7,0x49,0x83,0xC6,0x20,0xFF,0xE0,0x90,0xBE,0x04
	.byte 0x01,0x00,0x00,0x48,0x01,0xD6,0xB8,0x00,0x00,0x00,0x00,0x40,0x0F,0x90,0xC0,0x48
	.byte 0x89,0xD7,0x48,0x09,0xC7,0x48,0x81,0xCF,0x04,0x01,0x00,0x00,0x48,0xF7,0xC7,0x01
	.byte 0x00,0x00,0x00,0x0F,0x84,0x29,0x00,0x00,0x00,0xBF,0x04,0x01,0x00,0x00,0x48,0x89
	.byte 0xD6,0x49,0x89,0x56,0x18,0x49,0x89,0x7E,0x08,0x41,0xBB,0xE6,0x06,0x00,0x00,0x4D
	.byte 0x89,0x1E,0x48,0x8D,0x05,0x05,0x00,0x00,0x00,0xE9,0xB4,0xD2,0xFE,0xFF,0x48,0x89
	.byte 0xFE,0x90,0x48,0xBF,0xD8,0xFF,0xFF,0xFF,0xFF,0xFF,0xFF,0xFF,0x48,0x01,0xF7,0xB8
	.byte 0x00,0x00,0x00,0x00,0x40,0x0F,0x90,0xC0,0x48,0x89,0xF2,0x48,0x09,0xC2,0x48,0x83
	.byte 0xCA,0xD8,0x48,0xF7,0xC2,0x01,0x00,0x00,0x00,0x0F,0x84,0x27,0x00,0x00,0x00,0x48
	.byte 0xBF,0xD8,0xFF,0xFF,0xFF,0xFF,0xFF,0xFF,0xFF,0x49,0x89,0x76,0x18,0x49,0x89,0x7E
	.byte 0x08,0x41,0xBB,0xE7,0x06,0x00,0x00,0x4D,0x89,0x1E,0x48,0x8D,0x05,0x05,0x00,0x00
	.byte 0x00,0xE9,0x5C,0xD2,0xFE,0xFF,0x31,0xD2,0x48,0x89,0xF8,0x31,0xF6,0x48,0xA9,0x01
	.byte 0x00,0x00,0x00,0x0F,0x84,0x31,0x00,0x00,0x00,0x31,0xF6,0x48,0x89,0xC7,0x49,0x89
	.byte 0x46,0x18,0x49,0x89,0x56,0x08,0x41,0xBB,0xE8,0x06,0x00,0x00,0x4D,0x89,0x1E,0x48
	.byte 0x8D,0x05,0x06,0x00,0x00,0x00,0xE9,0x9F,0xD2,0xFE,0xFF,0x90,0x49,0x8B,0x46,0x18
	.byte 0xBE,0x01,0x00,0x00,0x00,0xE9,0x04,0x00,0x00,0x00,0x48,0x89,0xC7,0x90,0x48,0x39
	.byte 0xF7,0x0F,0x8D,0x0B,0x00,0x00,0x00,0xBF,0x12,0x00,0x00,0x00,0xE9,0xFB,0xC8,0xFE
	.byte 0xFF,0x90,0xBF,0xFC,0x03,0x00,0x00,0x48,0x89,0xC6,0x49,0x89,0x7E,0x18,0x48,0x0D
	.byte 0xFC,0x03,0x00,0x00,0x48,0xA9,0x01,0x00,0x00,0x00,0x0F,0x84,0x38,0x00,0x00,0x00
	.byte 0xBF,0xFC,0x03,0x00,0x00,0x4D,0x8B,0x5E,0x18,0x4D,0x89,0x5E,0x08,0x49,0x89,0x76
	.byte 0x18,0x41,0xBB,0xE9,0x06,0x00,0x00,0x4D,0x89,0x1E,0x48,0x8D,0x05,0x05,0x00,0x00
	.byte 0x00,0xE9,0x34,0xD2,0xFE,0xFF,0x49,0x8B,0x46,0x10,0x49,0x8B,0x76,0x18,0xBA,0x01
	.byte 0x00,0x00,0x00,0xE9,0x0C,0x00,0x00,0x00,0x48,0x89,0xF2,0x49,0x8B,0x7E,0x18,0x49
	.byte 0x8B,0x46,0x10,0x90,0x48,0x39,0xD7,0x0F,0x8D,0x0B,0x00,0x00,0x00,0xBF,0x12,0x00
	.byte 0x00,0x00,0xE9,0x85,0xC8,0xFE,0xFF,0x90,0x48,0x89,0xF7,0x49,0x83,0xC6,0x20,0xFF
	.byte 0xE0,0x90,0xE9,0x01,0x00,0x00,0x00,0x90,0x49,0x83,0xEE,0x38,0x4D,0x39,0xEE,0x0F
	.byte 0x82,0xC7,0xC4,0xFE,0xFF,0x90,0x48,0x89,0xC3,0x49,0x89,0xF9,0x49,0x89,0xF0,0x48
	.byte 0x83,0xFA,0x00,0x0F,0x85,0x63,0x01,0x00,0x00,0xBE,0x00,0x84,0xD7,0x17,0x48,0x89
	.byte 0xCF,0x48,0x81,0xC9,0x00,0x84,0xD7,0x17,0x48,0x89,0xC8,0x48,0xC1,0xE9,0x3F,0x48
	.byte 0x09,0xC1,0x48,0xF7,0xC1,0x01,0x00,0x00,0x00,0x0F,0x84,0x3B,0x00,0x00,0x00,0x49
	.byte 0x89,0x5E,0x30,0x49,0x89,0x76,0x10,0x49,0x89,0x7E,0x28,0x4D,0x89,0x46,0x20,0x4D
	.byte 0x89,0x4E,0x18,0x41,0xBB,0xEA,0x06,0x00,0x00,0x4D,0x89,0x1E,0x48,0x8D,0x05,0x05
	.byte 0x00,0x00,0x00,0xE9,0x30,0xD1,0xFE,0xFF,0x4D,0x8B,0x46,0x20,0x4D,0x8B,0x5E,0x18
	.byte 0x4D,0x89,0x5E,0x20,0xE9,0x19,0x00,0x00,0x00,0x90,0x31,0xD2,0x48,0x89,0xF8,0x48
	.byte 0xF7,0xF6,0x49,0x89,0x5E,0x30,0x49,0x89,0x7E,0x28,0x4D,0x89,0x4E,0x20,0x48,0x89
	.byte 0xD7,0x90,0x48,0x89,0xFA,0x4C,0x01,0xC2,0xB8,0x00,0x00,0x00,0x00,0x40,0x0F,0x90
	.byte 0xC0,0x4C,0x89,0xC6,0x49,0x09,0xF8,0x49,0x09,0xC0,0x49,0xF7,0xC0,0x01,0x00,0x00
	.byte 0x00,0x0F,0x84,0x2B,0x00,0x00,0x00,0x49,0x89,0x76,0x18,0x49,0x89,0x7E,0x10,0x41
	.byte 0xBB,0xEB,0x06,0x00,0x00,0x4D,0x89,0x1E,0x48,0x8D,0x05,0x05,0x00,0x00,0x00,0xE9
	.byte 0x9E,0xD0,0xFE,0xFF,0x49,0x8B,0x76,0x28,0x49,0x89,0x7E,0x28,0xE9,0x09,0x00,0x00
	.byte 0x00,0x90,0x49,0x8B,0x76,0x28,0x49,0x89,0x56,0x28,0xBA,0x20,0x00,0x00,0x00,0xB9
	.byte 0x00,0x84,0xD7,0x17,0x48,0x89,0xF0,0x48,0x81,0xCE,0x00,0x84,0xD7,0x17,0x48,0x89
	.byte 0xF7,0x48,0xC1,0xEE,0x3F,0x48,0x09,0xFE,0x48,0xF7,0xC6,0x01,0x00,0x00,0x00,0x0F
	.byte 0x84,0x3D,0x00,0x00,0x00,0xBE,0x00,0x84,0xD7,0x17,0x48,0x89,0xC7,0x49,0x89,0x46
	.byte 0x18,0x49,0x89,0x76,0x08,0x49,0x89,0x56,0x10,0x41,0xBB,0xEC,0x06,0x00,0x00,0x4D
	.byte 0x89,0x1E,0x48,0x8D,0x05,0x05,0x00,0x00,0x00,0xE9,0x50,0xD0,0xFE,0xFF,0x48,0x89
	.byte 0xF8,0x49,0x8B,0x4E,0x30,0x49,0x8B,0x76,0x28,0x49,0x8B,0x7E,0x20,0xE9,0x16,0x00
	.byte 0x00,0x00,0x31,0xD2,0x48,0xF7,0xF1,0x48,0xC1,0xE0,0x02,0x49,0x8B,0x4E,0x30,0x49
	.byte 0x8B,0x76,0x28,0x49,0x8B,0x7E,0x20,0x90,0xBA,0x20,0x00,0x00,0x00,0x49,0x89,0xCA
	.byte 0x48,0x89,0xC1,0x4C,0x89,0xD0,0xE9,0x8B,0xFE,0xFF,0xFF,0x90,0xBE,0x28,0x00,0x00
	.byte 0x00,0x4C,0x89,0xC7,0x49,0x83,0xC8,0x28,0x49,0xF7,0xC0,0x01,0x00,0x00,0x00,0x0F
	.byte 0x84,0x47,0x00,0x00,0x00,0x49,0x89,0x5E,0x30,0x49,0x89,0x4E,0x28,0x49,0x89,0x7E
	.byte 0x20,0x4D,0x89,0x4E,0x18,0x49,0x89,0x76,0x08,0x49,0x89,0x56,0x10,0x41,0xBB,0xED
	.byte 0x06,0x00,0x00,0x4D,0x89,0x1E,0x48,0x8D,0x05,0x05,0x00,0x00,0x00,0xE9,0x28,0xD0
	.byte 0xFE,0xFF,0x49,0x8B,0x4E,0x28,0x49,0x8B,0x56,0x20,0x4D,0x8B,0x5E,0x18,0x4D,0x89
	.byte 0x5E,0x20,0xBE,0x01,0x00,0x00,0x00,0xE9,0x10,0x00,0x00,0x00,0x49,0x89,0x5E,0x30
	.byte 0x49,0x89,0x56,0x10,0x48,0x89,0xFA,0x4D,0x89,0x4E,0x20,0x90,0x48,0x39,0xF7,0x0F
	.byte 0x8C,0x0B,0x00,0x00,0x00,0xB8,0x02,0x00,0x00,0x00,0xE9,0x1B,0x00,0x00,0x00,0x90
	.byte 0x48,0x83,0xF9,0x00,0x0F,0x84,0x0A,0x00,0x00,0x00,0xB8,0x02,0x00,0x00,0x00,0xE9
	.byte 0x06,0x00,0x00,0x00,0xB8,0x12,0x00,0x00,0x00,0x90,0x48,0x83,0xF8,0x12,0x0F,0x85
	.byte 0x9E,0x00,0x00,0x00,0x48,0x89,0xD7,0x41,0xBB,0xEE,0x06,0x00,0x00,0x4D,0x89,0x1E
	.byte 0x48,0x8D,0x05,0x05,0x00,0x00,0x00,0xE9,0xA8,0xFA,0xFF,0xFF,0x48,0x89,0xF8,0x49
	.byte 0x8B,0x7D,0xD8,0x49,0x8B,0x75,0xF8,0x48,0x29,0xF7,0x48,0x83,0xFF,0x18,0x0F,0x82
	.byte 0x0E,0x00,0x00,0x00,0x49,0x8B,0x76,0x30,0x49,0x8B,0x56,0x20,0xE9,0x2B,0x00,0x00
	.byte 0x00,0x90,0xBF,0x18,0x00,0x00,0x00,0x49,0x89,0x46,0x28,0x41,0xBB,0xEF,0x06,0x00
	.byte 0x00,0x4D,0x89,0x1E,0x48,0x8D,0x05,0x05,0x00,0x00,0x00,0xE9,0x58,0xC2,0xFE,0xFF
	.byte 0x49,0x8B,0x76,0x30,0x49,0x8B,0x46,0x28,0x49,0x8B,0x56,0x20,0x49,0x8B,0x7D,0xF8
	.byte 0x48,0xB9,0x03,0x00,0x00,0x00,0x02,0x00,0x00,0x00,0x48,0x89,0x0F,0x48,0x89,0x47
	.byte 0x08,0x48,0x89,0x57,0x10,0x48,0x89,0xF8,0x4C,0x29,0xE7,0x48,0xC1,0xE7,0x09,0x48
	.byte 0x83,0xCF,0x05,0x48,0x83,0xC0,0x18,0x49,0x89,0x45,0xF8,0x49,0x83,0xC6,0x38,0xFF
	.byte 0xE6,0x90,0xBE,0x28,0x00,0x00,0x00,0x48,0x89,0xD7,0x48,0x83,0xCA,0x28,0x48,0x89
	.byte 0xD0,0x48,0xC1,0xE8,0x3F,0x48,0x09,0xD0,0x48,0xA9,0x01,0x00,0x00,0x00,0x0F,0x84
	.byte 0x2E,0x00,0x00,0x00,0xBE,0x28,0x00,0x00,0x00,0x49,0x89,0x4E,0x28,0x49,0x89,0x7E
	.byte 0x18,0x49,0x89,0x76,0x08,0x41,0xBB,0xF0,0x06,0x00,0x00,0x4D,0x89,0x1E,0x48,0x8D
	.byte 0x05,0x05,0x00,0x00,0x00,0xE9,0x8E,0xCE,0xFE,0xFF,0x48,0x89,0xFA,0xE9,0x10,0x00
	.byte 0x00,0x00,0x31,0xD2,0x48,0x89,0xF8,0x48,0xF7,0xF6,0x49,0x89,0x4E,0x28,0x49,0x89
	.byte 0x7E,0x18,0x48,0x89,0xD7,0x4D,0x8B,0x56,0x20,0x4D,0x8B,0x5E,0x10,0x4D,0x89,0x5E
	.byte 0x20,0x4D,0x89,0x56,0x10,0x41,0xBB,0xF1,0x06,0x00,0x00,0x4D,0x89,0x1E,0x48,0x8D
	.byte 0x05,0x05,0x00,0x00,0x00,0xE9,0x9A,0xF9,0xFF,0xFF,0x48,0x89,0xFE,0x49,0x8B,0x45
	.byte 0xD8,0x49,0x8B,0x7D,0xF8,0x48,0x29,0xF8,0x48,0x83,0xF8,0x18,0x0F,0x82,0x0E,0x00
	.byte 0x00,0x00,0x49,0x8B,0x7E,0x18,0x49,0x8B,0x56,0x10,0xE9,0x3B,0x00,0x00,0x00,0x90
	.byte 0xBF,0x18,0x00,0x00,0x00,0x4D,0x8B,0x5E,0x20,0x4D,0x89,0x5E,0x08,0x49,0x89,0x76
	.byte 0x20,0x41,0xBB,0xF2,0x06,0x00,0x00,0x4D,0x89,0x1E,0x48,0x8D,0x05,0x05,0x00,0x00
	.byte 0x00,0xE9,0x42,0xC1,0xFE,0xFF,0x49,0x8B,0x76,0x20,0x49,0x8B,0x7E,0x18,0x49,0x8B
	.byte 0x56,0x10,0x4D,0x8B,0x5E,0x08,0x4D,0x89,0x5E,0x20,0x49,0x8B,0x45,0xF8,0x48,0xB9
	.byte 0x03,0x00,0x00,0x00,0x02,0x00,0x00,0x00,0x48,0x89,0x08,0x48,0x89,0x70,0x08,0x48
	.byte 0x89,0x50,0x10,0x48,0x89,0xC1,0x4C,0x29,0xE1,0x48,0xC1,0xE1,0x09,0x48,0x83,0xC9
	.byte 0x05,0x48,0x83,0xC0,0x18,0x49,0x89,0x45,0xF8,0x41,0xB8,0x28,0x00,0x00,0x00,0x48
	.byte 0x89,0xFE,0x48,0x83,0xCE,0x28,0x48,0x89,0xF0,0x48,0xC1,0xE8,0x3F,0x48,0x09,0xF0
	.byte 0x48,0xA9,0x01,0x00,0x00,0x00,0x0F,0x84,0x34,0x00,0x00,0x00,0xBE,0x28,0x00,0x00
	.byte 0x00,0x49,0x89,0x76,0x08,0x49,0x89,0x7E,0x10,0x49,0x89,0x4E,0x18,0x41,0xBB,0xF3
	.byte 0x06,0x00,0x00,0x4D,0x89,0x1E,0x48,0x8D,0x05,0x05,0x00,0x00,0x00,0xE9,0x6C,0xCD
	.byte 0xFE,0xFF,0x49,0x8B,0x76,0x20,0x49,0x89,0x7E,0x20,0xE9,0x19,0x00,0x00,0x00,0x90
	.byte 0x31,0xD2,0x48,0x89,0xF8,0x49,0xF7,0xF0,0x48,0xC1,0xE0,0x02,0x49,0x8B,0x76,0x20
	.byte 0x49,0x89,0x46,0x20,0x49,0x89,0x4E,0x18,0x48,0xBA,0xFC,0xFF,0xFF,0xFF,0xFF,0xFF
	.byte 0xFF,0xFF,0x48,0x01,0xF2,0xB8,0x00,0x00,0x00,0x00,0x40,0x0F,0x90,0xC0,0x48,0x89
	.byte 0xF7,0x48,0x09,0xC7,0x48,0x83,0xCF,0xFC,0x48,0xF7,0xC7,0x01,0x00,0x00,0x00,0x0F
	.byte 0x84,0x3F,0x00,0x00,0x00,0x48,0xBF,0xFC,0xFF,0xFF,0xFF,0xFF,0xFF,0xFF,0xFF,0x49
	.byte 0x89,0x7E,0x10,0x49,0x89,0x76,0x08,0x41,0xBB,0xF4,0x06,0x00,0x00,0x4D,0x89,0x1E
	.byte 0x48,0x8D,0x05,0x05,0x00,0x00,0x00,0xE9,0xD6,0xCC,0xFE,0xFF,0x48,0x89,0xFA,0x49
	.byte 0x8B,0x46,0x30,0x49,0x8B,0x4E,0x28,0x49,0x8B,0x76,0x20,0x49,0x8B,0x7E,0x18,0xE9
	.byte 0x10,0x00,0x00,0x00,0x49,0x8B,0x46,0x30,0x49,0x8B,0x4E,0x28,0x49,0x8B,0x76,0x20
	.byte 0x49,0x8B,0x7E,0x18,0xE9,0x3D,0xFB,0xFF,0xFF,0x90,0xE9,0x01,0x00,0x00,0x00,0x90
	.byte 0x49,0x83,0xEE,0x40,0x4D,0x39,0xEE,0x0F,0x82,0xEF,0xBF,0xFE,0xFF,0x90,0x31,0xD2
	.byte 0x49,0x89,0xFA,0x48,0x89,0xD7,0x4C,0x89,0xD2,0x48,0xF7,0xC2,0x01,0x00,0x00,0x00
	.byte 0x0F,0x84,0x36,0x00,0x00,0x00,0x49,0x89,0x76,0x28,0x48,0x89,0xD6,0x49,0x89,0x46
	.byte 0x38,0x49,0x89,0x56,0x30,0x49,0x89,0x7E,0x20,0x41,0xBB,0xF5,0x06,0x00,0x00,0x4D
	.byte 0x89,0x1E,0x48,0x8D,0x05,0x05,0x00,0x00,0x00,0xE9,0xCC,0xCC,0xFE,0xFF,0x49,0x8B
	.byte 0x4E,0x30,0xBA,0x01,0x00,0x00,0x00,0xE9,0x0C,0x00,0x00,0x00,0x49,0x89,0x46,0x38
	.byte 0x49,0x89,0x76,0x28,0x48,0x89,0xD1,0x90,0x48,0x39,0xFA,0x0F,0x8C,0x81,0x00,0x00
	.byte 0x00,0x31,0xF6,0xBF,0x02,0x00,0x00,0x00,0x48,0x89,0xF2,0x41,0xBB,0xF6,0x06,0x00
	.byte 0x00,0x4D,0x89,0x1E,0x48,0x8D,0x05,0x05,0x00,0x00,0x00,0xE9,0x98,0xFA,0xFF,0xFF
	.byte 0x31,0xF6,0x49,0x89,0x7E,0x30,0x49,0x89,0x76,0x28,0x49,0x89,0x76,0x20,0x41,0xBB
	.byte 0xF7,0x06,0x00,0x00,0x4D,0x89,0x1E,0x48,0x8D,0x05,0x06,0x00,0x00,0x00,0xE9,0x73
	.byte 0xF8,0xFE,0xFF,0x90,0x31,0xF6,0x48,0x89,0xF2,0x49,0x89,0x7E,0x18,0x49,0x89,0x76
	.byte 0x28,0x41,0xBB,0xF8,0x06,0x00,0x00,0x4D,0x89,0x1E,0x48,0x8D,0x05,0x05,0x00,0x00
	.byte 0x00,0xE9,0x3A,0xC5,0xFE,0xFF,0x49,0x8B,0x46,0x38,0x49,0x8B,0x56,0x30,0x31,0xF6
	.byte 0x49,0x89,0xD2,0x48,0x89,0xFA,0x4C,0x89,0xD7,0x49,0x83,0xC6,0x10,0xE9,0xF0,0xF8
	.byte 0xFE,0xFF,0xBF,0x02,0x00,0x00,0x00,0x31,0xC0,0x49,0x89,0x46,0x10,0x31,0xC0,0x48
	.byte 0x89,0xCE,0x48,0xF7,0xC6,0x01,0x00,0x00,0x00,0x0F,0x84,0x53,0x00,0x00,0x00,0x31
	.byte 0xC0,0x49,0x89,0x7E,0x18,0x48,0x89,0xF7,0x49,0x89,0x76,0x30,0x48,0x89,0xC6,0x4D
	.byte 0x8B,0x5E,0x10,0x4D,0x89,0x5E,0x20,0x4D,0x8B,0x5E,0x10,0x4D,0x89,0x5E,0x08,0x41
	.byte 0xBB,0xF9,0x06,0x00,0x00,0x4D,0x89,0x1E,0x48,0x8D,0x05,0x05,0x00,0x00,0x00,0xE9
	.byte 0xD6,0xCB,0xFE,0xFF,0x49,0x8B,0x76,0x30,0x4D,0x8B,0x5E,0x20,0x4D,0x89,0x5E,0x30
	.byte 0x4D,0x8B,0x5E,0x18,0x4D,0x89,0x5E,0x20,0xB8,0x01,0x00,0x00,0x00,0xE9,0x10,0x00
	.byte 0x00,0x00,0x49,0x89,0x7E,0x20,0x48,0x89,0xF7,0x4D,0x8B,0x5E,0x10,0x4D,0x89,0x5E
	.byte 0x30,0x90,0x48,0x39,0xC7,0x0F,0x8C,0x09,0x00,0x00,0x00,0x48,0x89,0xF1,0xE9,0x45
	.byte 0x00,0x00,0x00,0x90,0x31,0xC9,0x48,0x29,0xF1,0xB8,0x00,0x00,0x00,0x00,0x40,0x0F
	.byte 0x90,0xC0,0x48,0x89,0xF7,0x48,0x09,0xC7,0x48,0xF7,0xC7,0x01,0x00,0x00,0x00,0x0F
	.byte 0x84,0x23,0x00,0x00,0x00,0x31,0xFF,0x49,0x89,0x76,0x08,0x49,0x89,0x7E,0x18,0x41
	.byte 0xBB,0xFA,0x06,0x00,0x00,0x4D,0x89,0x1E,0x48,0x8D,0x05,0x05,0x00,0x00,0x00,0xE9
	.byte 0xE6,0xCA,0xFE,0xFF,0x48,0x89,0xF9,0x90,0x31,0xD2,0xBF,0x02,0x00,0x00,0x00,0x48
	.byte 0x89,0xD6,0x41,0xBB,0xFB,0x06,0x00,0x00,0x4D,0x89,0x1E,0x48,0x8D,0x05,0x06,0x00
	.byte 0x00,0x00,0xE9,0x41,0xF9,0xFF,0xFF,0x90,0x48,0x89,0xFE,0x49,0x8B,0x45,0xD8,0x49
	.byte 0x8B,0x7D,0xF8,0x48,0x29,0xF8,0x48,0x83,0xF8,0x18,0x0F,0x82,0x0A,0x00,0x00,0x00
	.byte 0x49,0x8B,0x7E,0x28,0xE9,0x27,0x00,0x00,0x00,0x90,0xBF,0x18,0x00,0x00,0x00,0x49
	.byte 0x89,0x76,0x30,0x41,0xBB,0xFC,0x06,0x00,0x00,0x4D,0x89,0x1E,0x48,0x8D,0x05,0x05
	.byte 0x00,0x00,0x00,0xE9,0xE0,0xBD,0xFE,0xFF,0x49,0x8B,0x76,0x30,0x49,0x8B,0x7E,0x28
	.byte 0x49,0x8B,0x45,0xF8,0x48,0xBA,0x03,0x00,0x00,0x00,0x02,0x00,0x00,0x00,0x48,0x89
	.byte 0x10,0x48,0x89,0x78,0x08,0x48,0x89,0x70,0x10,0x48,0x89,0xC7,0x4C,0x29,0xE7,0x48
	.byte 0xC1,0xE7,0x09,0x48,0x83,0xCF,0x05,0x48,0x83,0xC0,0x18,0x49,0x89,0x45,0xF8,0x31
	.byte 0xF6,0x49,0x89,0x76,0x20,0x49,0x89,0x7E,0x30,0x49,0x89,0x76,0x28,0x41,0xBB,0xFD
	.byte 0x06,0x00,0x00,0x4D,0x89,0x1E,0x48,0x8D,0x05,0x05,0x00,0x00,0x00,0xE9,0xA4,0xF6
	.byte 0xFE,0xFF,0x31,0xD2,0x48,0x89,0xD6,0x49,0x89,0x7E,0x18,0x49,0x89,0x56,0x28,0x41
	.byte 0xBB,0xFE,0x06,0x00,0x00,0x4D,0x89,0x1E,0x48,0x8D,0x05,0x05,0x00,0x00,0x00,0xE9
	.byte 0x6C,0xC3,0xFE,0xFF,0x48,0x89,0xFA,0x49,0x8B,0x46,0x38,0x49,0x8B,0x7E,0x30,0x31
	.byte 0xF6,0x49,0x83,0xC6,0x10,0xE9,0x28,0xF7,0xFE,0xFF,0xE9,0x01,0x00,0x00,0x00,0x90
	.byte 0xBE,0xF8,0x01,0x00,0x00,0xE9,0x36,0xFD,0xFF,0xFF,0xE9,0x01,0x00,0x00,0x00,0x90
	.byte 0xFF,0xE0,0xE9,0x01,0x00,0x00,0x00,0x90,0x49,0x83,0xEE,0x20,0x4D,0x39,0xEE,0x0F
	.byte 0x82,0x17,0xBD,0xFE,0xFF,0x90,0x48,0x89,0xC1,0xBE,0x00,0x04,0x00,0x00,0x48,0x89
	.byte 0xF8,0x48,0x81,0xCF,0x00,0x04,0x00,0x00,0x48,0x89,0xFA,0x48,0xC1,0xEF,0x3F,0x48
	.byte 0x09,0xD7,0x48,0xF7,0xC7,0x01,0x00,0x00,0x00,0x0F,0x84,0x31,0x00,0x00,0x00,0x48
	.byte 0x89,0xC7,0x49,0x89,0x4E,0x18,0x49,0x89,0x76,0x08,0x49,0x89,0x46,0x10,0x41,0xBB
	.byte 0xFF,0x06,0x00,0x00,0x4D,0x89,0x1E,0x48,0x8D,0x05,0x06,0x00,0x00,0x00,0xE9,0x95
	.byte 0xC9,0xFE,0xFF,0x90,0x48,0x89,0xFA,0x49,0x8B,0x4E,0x18,0xE9,0x06,0x00,0x00,0x00
	.byte 0x31,0xD2,0x48,0xF7,0xF6,0x90,0x48,0x89,0xD7,0x49,0x83,0xC6,0x20,0xFF,0xE1,0x90
	.byte 0xE9,0x01,0x00,0x00,0x00,0x90,0xFF,0xE0,0xE9,0x01,0x00,0x00,0x00,0x90,0x49,0x83
	.byte 0xEE,0x28,0x4D,0x39,0xEE,0x0F,0x82,0x91,0xBC,0xFE,0xFF,0x90,0x31,0xD2,0x48,0x89
	.byte 0xF1,0x48,0x89,0xD6,0x48,0xF7,0xC1,0x01,0x00,0x00,0x00,0x0F,0x84,0x45,0x00,0x00
	.byte 0x00,0x49,0x89,0x7E,0x10,0x48,0x89,0xCF,0x49,0x89,0x46,0x20,0x49,0x89,0x4E,0x18
	.byte 0x49,0x89,0x76,0x08,0x41,0xBB,0x00,0x07,0x00,0x00,0x4D,0x89,0x1E,0x48,0x8D,0x05
	.byte 0x06,0x00,0x00,0x00,0xE9,0x71,0xC9,0xFE,0xFF,0x90,0x49,0x8B,0x4E,0x18,0x49,0x8B
	.byte 0x46,0x10,0xBE,0x01,0x00,0x00,0x00,0x49,0x89,0xFA,0x48,0x89,0xC7,0x4C,0x89,0xD0
	.byte 0xE9,0x09,0x00,0x00,0x00,0x90,0x49,0x89,0x46,0x20,0x48,0x89,0xC8,0x90,0x48,0x39
	.byte 0xF0,0x0F,0x8D,0x0B,0x00,0x00,0x00,0xBF,0x32,0x00,0x00,0x00,0xE9,0xBB,0xBF,0xFE
	.byte 0xFF,0x90,0xBA,0x10,0x00,0x00,0x00,0x48,0x89,0xFE,0x49,0x89,0x7E,0x18,0x48,0x89
	.byte 0xCF,0x49,0x89,0x4E,0x10,0x41,0xBB,0x01,0x07,0x00,0x00,0x4D,0x89,0x1E,0x48,0x8D
	.byte 0x05,0x05,0x00,0x00,0x00,0xE9,0x06,0xC2,0xFE,0xFF,0x49,0x8B,0x46,0x20,0x49,0x83
	.byte 0xC6,0x28,0xFF,0xE0,0xE9,0x01,0x00,0x00,0x00,0x90,0x48,0x89,0xF2,0x48,0xC1,0xEE
	.byte 0x09,0x4C,0x01,0xE6,0x48,0x8B,0x0E,0x48,0xC1,0xE9,0x1D,0x48,0x83,0xC1,0xF8,0x48
	.byte 0x89,0xFE,0x48,0xC1,0xCF,0x02,0x48,0x39,0xCF,0x0F,0x83,0x1D,0x00,0x00,0x00,0x48
	.byte 0xC1,0xEE,0x02,0x4C,0x01,0xE6,0x48,0xC1,0xEA,0x09,0x48,0x01,0xD6,0x48,0x83,0xC6
	.byte 0x08,0x48,0x0F,0xB6,0x3E,0x48,0xC1,0xE7,0x02,0xFF,0xE0,0x90,0xBF,0x32,0x00,0x00
	.byte 0x00,0xE9,0x36,0xBF,0xFE,0xFF,0xE9,0x01,0x00,0x00,0x00,0x90,0x48,0xC1,0xEF,0x09
	.byte 0x4C,0x01,0xE7,0x48,0x8B,0x3F,0x48,0xC1,0xEF,0x1D,0x48,0x83,0xC7,0xF8,0x48,0xC1
	.byte 0xE7,0x02,0xFF,0xE0,0xE9,0x01,0x00,0x00,0x00,0x90,0x49,0x83,0xEE,0x38,0x4D,0x39
	.byte 0xEE,0x0F,0x82,0x65,0xBB,0xFE,0xFF,0x90,0x31,0xC9,0x48,0xF7,0xC7,0x01,0x00,0x00
	.byte 0x00,0x0F,0x84,0x4B,0x00,0x00,0x00,0x49,0x89,0x76,0x28,0x48,0x89,0xCE,0x49,0x89
	.byte 0x46,0x30,0x49,0x89,0x7E,0x20,0x49,0x89,0x56,0x18,0x49,0x89,0x4E,0x10,0x41,0xBB
	.byte 0x02,0x07,0x00,0x00,0x4D,0x89,0x1E,0x48,0x8D,0x05,0x06,0x00,0x00,0x00,0xE9,0x47
	.byte 0xC8,0xFE,0xFF,0x90,0x49,0x8B,0x76,0x28,0x4D,0x8B,0x5E,0x20,0x4D,0x89,0x5E,0x28
	.byte 0x4D,0x8B,0x5E,0x18,0x4D,0x89,0x5E,0x20,0xB9,0x01,0x00,0x00,0x00,0xE9,0x0C,0x00
	.byte 0x00,0x00,0x49,0x89,0x46,0x30,0x49,0x89,0x7E,0x28,0x49,0x89,0x56,0x20,0x48,0x39
	.byte 0xCF,0x0F,0x8D,0x0B,0x00,0x00,0x00,0xBF,0x32,0x00,0x00,0x00,0xE9,0x8B,0xBE,0xFE
	.byte 0xFF,0x90,0x31,0xD2,0x31,0xC0,0x48,0x89,0xF7,0x48,0xF7,0xC7,0x01,0x00,0x00,0x00
	.byte 0x0F,0x84,0x4A,0x00,0x00,0x00,0x31,0xF6,0x4D,0x8B,0x5E,0x20,0x4D,0x89,0x5E,0x18
	.byte 0x4D,0x8B,0x5E,0x28,0x4D,0x89,0x5E,0x20,0x49,0x89,0x7E,0x28,0x49,0x89,0x56,0x10
	.byte 0x41,0xBB,0x03,0x07,0x00,0x00,0x4D,0x89,0x1E,0x48,0x8D,0x05,0x06,0x00,0x00,0x00
	.byte 0xE9,0xC5,0xC7,0xFE,0xFF,0x90,0x49,0x8B,0x4E,0x28,0x49,0x8B,0x76,0x20,0x4D,0x8B
	.byte 0x5E,0x18,0x4D,0x89,0x5E,0x28,0xB8,0x01,0x00,0x00,0x00,0xE9,0x10,0x00,0x00,0x00
	.byte 0x48,0x89,0xF9,0x49,0x8B,0x76,0x28,0x4D,0x8B,0x5E,0x20,0x4D,0x89,0x5E,0x28,0x90
	.byte 0x48,0x39,0xC7,0x0F,0x8D,0x0B,0x00,0x00,0x00,0xBF,0x32,0x00,0x00,0x00,0xE9,0x09
	.byte 0xBE,0xFE,0xFF,0x90,0x48,0x89,0xCA,0x48,0x01,0xF2,0xB8,0x00,0x00,0x00,0x00,0x40
	.byte 0x0F,0x90,0xC0,0x48,0x89,0xF7,0x48,0x09,0xCE,0x48,0x09,0xC6,0x48,0xF7,0xC6,0x01
	.byte 0x00,0x00,0x00,0x0F,0x84,0x3B,0x00,0x00,0x00,0x48,0x89,0xFE,0x49,0x89,0x7E,0x20
	.byte 0x48,0x89,0xCF,0x4D,0x8B,0x5E,0x28,0x4D,0x89,0x5E,0x18,0x49,0x89,0x4E,0x28,0x41
	.byte 0xBB,0x04,0x07,0x00,0x00,0x4D,0x89,0x1E,0x48,0x8D,0x05,0x05,0x00,0x00,0x00,0xE9
	.byte 0xBE,0xC6,0xFE,0xFF,0x48,0x89,0xFA,0x49,0x8B,0x7E,0x20,0x49,0x8B,0x46,0x18,0xE9
	.byte 0x08,0x00,0x00,0x00,0x49,0x8B,0x46,0x28,0x49,0x89,0x4E,0x28,0x49,0x89,0x46,0x18
	.byte 0x48,0xC1,0xE8,0x09,0x4C,0x01,0xE0,0x48,0x8B,0x00,0x48,0xC1,0xE8,0x1D,0x48,0x83
	.byte 0xC0,0xF8,0x48,0xC1,0xCA,0x02,0x48,0x39,0xD0,0x0F,0x82,0x6D,0x00,0x00,0x00,0x31
	.byte 0xD2,0x48,0x89,0xD6,0x49,0x89,0x56,0x10,0x49,0x89,0x7E,0x20,0x41,0xBB,0x05,0x07
	.byte 0x00,0x00,0x4D,0x89,0x1E,0x48,0x8D,0x05,0x06,0x00,0x00,0x00,0xE9,0xCF,0xBF,0xFE
	.byte 0xFF,0x90,0x48,0x89,0xF9,0x49,0x8B,0x76,0x28,0x49,0x8B,0x56,0x20,0x49,0x8B,0x7E
	.byte 0x18,0x45,0x31,0xC0,0x4D,0x89,0x46,0x08,0x49,0x89,0x76,0x20,0x49,0x89,0x56,0x10
	.byte 0x49,0x89,0x7E,0x18,0x49,0x89,0x4E,0x28,0x41,0xBB,0x06,0x07,0x00,0x00,0x4D,0x89
	.byte 0x1E,0x48,0x8D,0x05,0x06,0x00,0x00,0x00,0xE9,0x65,0xCC,0xFE,0xFF,0x90,0x49,0x8B
	.byte 0x46,0x30,0x49,0x8B,0x7E,0x28,0x49,0x83,0xC6,0x38,0xFF,0xE0,0xBF,0x32,0x00,0x00
	.byte 0x00,0xE9,0x06,0xBD,0xFE,0xFF,0xE9,0x01,0x00,0x00,0x00,0x90,0x49,0x83,0xEE,0x28
	.byte 0x4D,0x39,0xEE,0x0F,0x82,0x53,0xB9,0xFE,0xFF,0x90,0x31,0xD2,0x49,0x89,0xF2,0x48
	.byte 0x89,0xD6,0x4C,0x89,0xD2,0x48,0xF7,0xC2,0x01,0x00,0x00,0x00,0x0F,0x84,0x36,0x00
	.byte 0x00,0x00,0x49,0x89,0x7E,0x10,0x48,0x89,0xD7,0x49,0x89,0x46,0x20,0x49,0x89,0x56
	.byte 0x18,0x49,0x89,0x76,0x08,0x41,0xBB,0x07,0x07,0x00,0x00,0x4D,0x89,0x1E,0x48,0x8D
	.byte 0x05,0x05,0x00,0x00,0x00,0xE9,0x30,0xC6,0xFE,0xFF,0x49,0x8B,0x56,0x18,0xBE,0x01
	.byte 0x00,0x00,0x00,0xE9,0x0C,0x00,0x00,0x00,0x49,0x89,0x7E,0x10,0x48,0x89,0xD7,0x49
	.byte 0x89,0x46,0x20,0x90,0x48,0x39,0xF7,0x0F,0x8D,0x0B,0x00,0x00,0x00,0xBF,0x32,0x00
	.byte 0x00,0x00,0xE9,0x85,0xBC,0xFE,0xFF,0x90,0x48,0xF7,0xC2,0x01,0x00,0x00,0x00,0x0F
	.byte 0x84,0x2B,0x00,0x00,0x00,0x48,0xBF,0xFF,0xFF,0xFF,0xFF,0xFF,0xFF,0xFF,0xFF,0x41
	.byte 0xBB,0x08,0x07,0x00,0x00,0x4D,0x89,0x1E,0x48,0x8D,0x05,0x05,0x00,0x00,0x00,0xE9
	.byte 0xC4,0xB8,0xFE,0xFF,0x45,0x31,0xDB,0x4D,0x89,0x5E,0x10,0x49,0x8B,0x56,0x10,0x90
	.byte 0x49,0x89,0x56,0x18,0x48,0xC1,0xEA,0x02,0x49,0xBA,0x00,0x00,0x00,0x00,0x01,0x00
	.byte 0x00,0x00,0x4C,0x39,0xD2,0x0F,0x82,0x0F,0x00,0x00,0x00,0x48,0xBF,0xFF,0xFF,0xFF
	.byte 0xFF,0xFF,0xFF,0xFF,0xFF,0xE9,0x0C,0x00,0x00,0x00,0x48,0x89,0xD7,0x48,0x83,0xC7
	.byte 0x01,0x48,0xC1,0xE7,0x03,0x90,0x49,0x8B,0x45,0xD8,0x49,0x8B,0x75,0xF8,0x48,0x29
	.byte 0xF0,0x48,0x39,0xF8,0x0F,0x82,0x0E,0x00,0x00,0x00,0x49,0x8B,0x7E,0x18,0x49,0x8B
	.byte 0x76,0x10,0xE9,0x1F,0x00,0x00,0x00,0x90,0x41,0xBB,0x09,0x07,0x00,0x00,0x4D,0x89
	.byte 0x1E,0x48,0x8D,0x05,0x06,0x00,0x00,0x00,0xE9,0x4B,0xB8,0xFE,0xFF,0x90,0x49,0x8B
	.byte 0x7E,0x18,0x49,0x8B,0x76,0x10,0x49,0x89,0x7E,0x10,0x49,0x89,0x76,0x18,0x41,0xBB
	.byte 0x0A,0x07,0x00,0x00,0x4D,0x89,0x1E,0x48,0x8D,0x05,0x06,0x00,0x00,0x00,0xE9,0x33
	.byte 0xC0,0xFE,0xFF,0x90,0x49,0x8B,0x46,0x20,0x49,0x83,0xC6,0x28,0xFF,0xE0,0xE9,0x01
	.byte 0x00,0x00,0x00,0x90,0x48,0x89,0xF2,0x48,0xC1,0xEE,0x09,0x4C,0x01,0xE6,0x48,0x8B
	.byte 0x0E,0x48,0xC1,0xE9,0x20,0x48,0x89,0xFE,0x48,0xC1,0xCF,0x02,0x48,0x39,0xCF,0x0F
	.byte 0x83,0x13,0x00,0x00,0x00,0x48,0xD1,0xE6,0x4C,0x01,0xE6,0x48,0xC1,0xEA,0x09,0x48
	.byte 0x01,0xD6,0x48,0x8B,0x7E,0x08,0xFF,0xE0,0xBF,0x32,0x00,0x00,0x00,0xE9,0x6A,0xBB
	.byte 0xFE,0xFF,0xE9,0x01,0x00,0x00,0x00,0x90,0x48,0xC1,0xEF,0x09,0x4C,0x01,0xE7,0x48
	.byte 0x8B,0x3F,0x48,0xC1,0xEF,0x20,0x48,0xC1,0xE7,0x02,0xFF,0xE0,0xE9,0x01,0x00,0x00
	.byte 0x00,0x90,0x48,0x89,0xD1,0x48,0xC1,0xEA,0x09,0x4C,0x01,0xE2,0x4C,0x8B,0x02,0x49
	.byte 0xC1,0xE8,0x20,0x48,0x89,0xF2,0x48,0xC1,0xCE,0x02,0x4C,0x39,0xC6,0x0F,0x83,0x19
	.byte 0x00,0x00,0x00,0x48,0xD1,0xE2,0x4C,0x01,0xE2,0x48,0xC1,0xE9,0x09,0x48,0x01,0xCA
	.byte 0x48,0x89,0x7A,0x08,0xBF,0x02,0x00,0x00,0x00,0xFF,0xE0,0x90,0xBF,0x32,0x00,0x00
	.byte 0x00,0xE9,0x06,0xBB,0xFE,0xFF,0xE9,0x01,0x00,0x00,0x00,0x90,0x49,0x83,0xEE,0x40
	.byte 0x4D,0x39,0xEE,0x0F,0x82,0x53,0xB7,0xFE,0xFF,0x90,0x49,0x89,0xF1,0x49,0x89,0xD2
	.byte 0x4C,0x89,0xC2,0x49,0x89,0xC8,0x4C,0x89,0xD1,0x49,0x21,0xF9,0x49,0xF7,0xC1,0x01
	.byte 0x00,0x00,0x00,0x0F,0x84,0x63,0x00,0x00,0x00,0x48,0x39,0xF7,0x0F,0x84,0x48,0x00
	.byte 0x00,0x00,0x49,0x89,0x46,0x38,0x4D,0x89,0x46,0x30,0x49,0x89,0x76,0x28,0x49,0x89
	.byte 0x7E,0x20,0x49,0x89,0x56,0x18,0x49,0x89,0x4E,0x10,0x41,0xBB,0x0B,0x07,0x00,0x00
	.byte 0x4D,0x89,0x1E,0x48,0x8D,0x05,0x06,0x00,0x00,0x00,0xE9,0xC5,0xC5,0xFE,0xFF,0x90
	.byte 0x4D,0x8B,0x46,0x30,0x49,0x8B,0x46,0x20,0x49,0x8B,0x56,0x18,0x49,0x8B,0x4E,0x10
	.byte 0xBE,0x01,0x00,0x00,0x00,0xE9,0x0C,0x00,0x00,0x00,0x49,0x89,0x46,0x38,0x49,0x89
	.byte 0x76,0x28,0x48,0x89,0xF8,0x90,0xE9,0x0D,0x00,0x00,0x00,0x90,0x49,0x89,0x46,0x38
	.byte 0x49,0x89,0x76,0x28,0x48,0x89,0xF8,0x90,0x48,0x39,0xF7,0x0F,0x85,0x11,0x00,0x00
	.byte 0x00,0xBF,0x02,0x00,0x00,0x00,0x4D,0x8B,0x5E,0x38,0x49,0x83,0xC6,0x40,0x41,0xFF
	.byte 0xE3,0x90,0x48,0x89,0xD6,0x48,0xC1,0xEA,0x09,0x4C,0x01,0xE2,0x48,0x8B,0x3A,0x48
	.byte 0xC1,0xEF,0x20,0x49,0x89,0xC1,0x48,0xC1,0xC8,0x02,0x48,0x39,0xF8,0x0F,0x82,0x0B
	.byte 0x00,0x00,0x00,0xBF,0x32,0x00,0x00,0x00,0xE9,0x1F,0xBA,0xFE,0xFF,0x90,0x4C,0x89
	.byte 0xCA,0x49,0xD1,0xE1,0x4D,0x01,0xE1,0x49,0x89,0x76,0x20,0x48,0xC1,0xEE,0x09,0x49
	.byte 0x01,0xF1,0x49,0x8B,0x71,0x08,0x4D,0x89,0xC1,0x49,0xC1,0xE8,0x09,0x4D,0x01,0xE0
	.byte 0x49,0x8B,0x38,0x48,0xC1,0xEF,0x20,0x48,0x89,0xC8,0x48,0xC1,0xC8,0x02,0x48,0x39
	.byte 0xF8,0x0F,0x82,0x0B,0x00,0x00,0x00,0xBF,0x32,0x00,0x00,0x00,0xE9,0xDB,0xB9,0xFE
	.byte 0xFF,0x90,0x49,0x89,0x4E,0x18,0x48,0xD1,0xE1,0x4C,0x01,0xE1,0x4D,0x89,0x4E,0x30
	.byte 0x49,0xC1,0xE9,0x09,0x4C,0x01,0xC9,0x48,0x89,0x71,0x08,0xBF,0x04,0x00,0x00,0x00
	.byte 0x48,0x01,0xD7,0xB8,0x00,0x00,0x00,0x00,0x40,0x0F,0x90,0xC0,0x48,0x89,0xD6,0x48
	.byte 0x09,0xC2,0x48,0x83,0xCA,0x04,0x48,0xF7,0xC2,0x01,0x00,0x00,0x00,0x0F,0x84,0x31
	.byte 0x00,0x00,0x00,0xBF,0x04,0x00,0x00,0x00,0x49,0x89,0x7E,0x10,0x49,0x89,0x76,0x08
	.byte 0x41,0xBB,0x0C,0x07,0x00,0x00,0x4D,0x89,0x1E,0x48,0x8D,0x05,0x06,0x00,0x00,0x00
	.byte 0xE9,0x7D,0xC2,0xFE,0xFF,0x90,0x49,0x8B,0x76,0x18,0x49,0x89,0x7E,0x18,0xE9,0x09
	.byte 0x00,0x00,0x00,0x90,0x49,0x8B,0x76,0x18,0x49,0x89,0x7E,0x18,0xBA,0x04,0x00,0x00
	.byte 0x00,0x48,0x01,0xF2,0xB8,0x00,0x00,0x00,0x00,0x40,0x0F,0x90,0xC0,0x48,0x89,0xF7
	.byte 0x48,0x09,0xC7,0x48,0x83,0xCF,0x04,0x48,0xF7,0xC7,0x01,0x00,0x00,0x00,0x0F,0x84
	.byte 0x3E,0x00,0x00,0x00,0xBF,0x04,0x00,0x00,0x00,0x49,0x89,0x7E,0x10,0x49,0x89,0x76
	.byte 0x08,0x41,0xBB,0x0D,0x07,0x00,0x00,0x4D,0x89,0x1E,0x48,0x8D,0x05,0x05,0x00,0x00
	.byte 0x00,0xE9,0x1C,0xC2,0xFE,0xFF,0x48,0x89,0xFA,0x49,0x8B,0x46,0x38,0x49,0x8B,0x4E
	.byte 0x30,0x49,0x8B,0x76,0x28,0x4D,0x8B,0x46,0x20,0x49,0x8B,0x7E,0x18,0xE9,0x14,0x00
	.byte 0x00,0x00,0x49,0x8B,0x46,0x38,0x49,0x8B,0x4E,0x30,0x49,0x8B,0x76,0x28,0x4D,0x8B
	.byte 0x46,0x20,0x49,0x8B,0x7E,0x18,0xE9,0xEF,0xFD,0xFF,0xFF,0x90,0xE9,0x01,0x00,0x00
	.byte 0x00,0x90,0x49,0x89,0xD0,0x48,0x89,0xF1,0x48,0xC1,0xEA,0x09,0x4C,0x01,0xE2,0x48
	.byte 0x8B,0x32,0x48,0xC1,0xEE,0x20,0x48,0xC1,0xE6,0x02,0x31,0xD2,0x49,0x89,0xD2,0x48
	.byte 0x89,0xFA,0x4C,0x89,0xD7,0xE9,0xB2,0xFD,0xFF,0xFF,0xE9,0x01,0x00,0x00,0x00,0x90
	.byte 0x49,0x83,0xEE,0x58,0x4D,0x39,0xEE,0x0F,0x82,0xFF,0xB4,0xFE,0xFF,0x90,0x49,0x89
	.byte 0x56,0x38,0x48,0x89,0xCA,0x49,0x89,0x46,0x50,0x49,0x89,0x4E,0x40,0x49,0x89,0x76
	.byte 0x30,0x49,0x89,0x7E,0x48,0x41,0xBB,0x0E,0x07,0x00,0x00,0x4D,0x89,0x1E,0x49,0x83
	.byte 0xEE,0x18,0x4D,0x39,0xEE,0x0F,0x82,0xD1,0xB4,0xFE,0xFF,0x41,0xBB,0x01,0x00,0x00
	.byte 0x00,0x4D,0x89,0x1E,0x4C,0x8D,0x1D,0x3D,0x00,0x00,0x00,0x4D,0x89,0x5E,0x08,0x4D
	.byte 0x8B,0x5D,0xC8,0x4D,0x89,0x5E,0x10,0x4D,0x89,0xF3,0x4D,0x29,0xEB,0x49,0xC1,0xEB
	.byte 0x03,0x4D,0x89,0x5D,0xC8,0x48,0x8D,0x05,0x06,0x00,0x00,0x00,0xE9,0xFF,0x02,0x00
	.byte 0x00,0x90,0x4D,0x8B,0x5E,0x10,0x4D,0x89,0x5D,0xC8,0x49,0x83,0xC6,0x18,0x49,0x8B
	.byte 0x4E,0x50,0xE9,0xE3,0x02,0x00,0x00,0x90,0x4D,0x8B,0x4E,0x30,0x4D,0x8B,0x5E,0x50
	.byte 0x4D,0x89,0x5E,0x30,0x4D,0x8B,0x5E,0x40,0x4D,0x89,0x5E,0x50,0x4D,0x8B,0x5E,0x48
	.byte 0x4D,0x89,0x5E,0x40,0x4D,0x8B,0x5E,0x38,0x4D,0x89,0x5E,0x10,0xB8,0x08,0x00,0x00
	.byte 0x00,0x48,0x89,0xC7,0x48,0xD1,0xE8,0x4C,0x89,0xCE,0x48,0xF7,0xE6,0x4D,0x89,0x4E
	.byte 0x48,0x49,0x09,0xF9,0x49,0x83,0xE1,0x01,0x49,0x09,0xD1,0x48,0x89,0xC2,0x48,0xD1
	.byte 0xEA,0x49,0x83,0xF9,0x00,0x0F,0x84,0x21,0x00,0x00,0x00,0x49,0x8B,0x76,0x48,0x49
	.byte 0x89,0x7E,0x38,0x41,0xBB,0x0F,0x07,0x00,0x00,0x4D,0x89,0x1E,0x48,0x8D,0x05,0x05
	.byte 0x00,0x00,0x00,0xE9,0xCC,0xC0,0xFE,0xFF,0x48,0x89,0xFA,0x90,0x41,0xB9,0x04,0x00
	.byte 0x00,0x00,0x4C,0x89,0xCF,0x48,0x01,0xD7,0xB8,0x00,0x00,0x00,0x00,0x40,0x0F,0x90
	.byte 0xC0,0x48,0x89,0xD6,0x4C,0x09,0xCA,0x48,0x09,0xC2,0x48,0xF7,0xC2,0x01,0x00,0x00
	.byte 0x00,0x0F,0x84,0x21,0x00,0x00,0x00,0x4C,0x89,0xCF,0x4D,0x89,0x4E,0x38,0x49,0x89
	.byte 0x76,0x28,0x41,0xBB,0x10,0x07,0x00,0x00,0x4D,0x89,0x1E,0x48,0x8D,0x05,0x06,0x00
	.byte 0x00,0x00,0xE9,0x6B,0xC0,0xFE,0xFF,0x90,0x31,0xC0,0x48,0x89,0xC6,0x49,0x89,0x46
	.byte 0x08,0x49,0x89,0x7E,0x38,0x48,0x09,0xF8,0x48,0xA9,0x01,0x00,0x00,0x00,0x0F,0x84
	.byte 0x34,0x00,0x00,0x00,0x4D,0x8B,0x5E,0x08,0x4D,0x89,0x5E,0x28,0x41,0xBB,0x11,0x07
	.byte 0x00,0x00,0x4D,0x89,0x1E,0x48,0x8D,0x05,0x06,0x00,0x00,0x00,0xE9,0xA9,0xC0,0xFE
	.byte 0xFF,0x90,0x49,0x8B,0x46,0x38,0x4D,0x8B,0x5E,0x10,0x4D,0x89,0x5E,0x38,0xBE,0x01
	.byte 0x00,0x00,0x00,0xE9,0x0C,0x00,0x00,0x00,0x49,0x8B,0x46,0x38,0x4D,0x8B,0x5E,0x10
	.byte 0x4D,0x89,0x5E,0x38,0x48,0x39,0xF7,0x0F,0x8D,0x0B,0x00,0x00,0x00,0xBF,0x32,0x00
	.byte 0x00,0x00,0xE9,0xF5,0xB6,0xFE,0xFF,0x90,0x48,0xA9,0x01,0x00,0x00,0x00,0x0F,0x84
	.byte 0x4C,0x00,0x00,0x00,0x48,0xBF,0xFF,0xFF,0xFF,0xFF,0xFF,0xFF,0xFF,0xFF,0x4D,0x8B
	.byte 0x5E,0x30,0x4D,0x89,0x5E,0x28,0x41,0xBB,0x12,0x07,0x00,0x00,0x4D,0x89,0x1E,0x48
	.byte 0x8D,0x05,0x06,0x00,0x00,0x00,0xE9,0x2D,0xB3,0xFE,0xFF,0x90,0x45,0x31,0xDB,0x4D
	.byte 0x89,0x5E,0x40,0x31,0xC0,0x45,0x31,0xDB,0x4D,0x89,0x5E,0x18,0x45,0x31,0xDB,0x4D
	.byte 0x89,0x5E,0x20,0x45,0x31,0xDB,0x4D,0x89,0x5E,0x50,0xE9,0x21,0x00,0x00,0x00,0x90
	.byte 0x4D,0x8B,0x5E,0x48,0x4D,0x89,0x5E,0x20,0x4D,0x8B,0x5E,0x40,0x4D,0x89,0x5E,0x18
	.byte 0x4D,0x8B,0x5E,0x38,0x4D,0x89,0x5E,0x40,0x4D,0x8B,0x5E,0x30,0x4D,0x89,0x5E,0x28
	.byte 0x49,0x89,0x46,0x48,0x48,0xC1,0xE8,0x02,0x49,0xBA,0x00,0x00,0x00,0x00,0x01,0x00
	.byte 0x00,0x00,0x4C,0x39,0xD0,0x0F,0x82,0x0F,0x00,0x00,0x00,0x48,0xBF,0xFF,0xFF,0xFF
	.byte 0xFF,0xFF,0xFF,0xFF,0xFF,0xE9,0x0C,0x00,0x00,0x00,0x48,0x83,0xC0,0x01,0x48,0x89
	.byte 0xC7,0x48,0xC1,0xE7,0x03,0x90,0x49,0x8B,0x45,0xD8,0x49,0x8B,0x75,0xF8,0x48,0x29
	.byte 0xF0,0x48,0x39,0xF8,0x0F,0x82,0x0E,0x00,0x00,0x00,0x49,0x8B,0x7E,0x48,0x49,0x8B
	.byte 0x76,0x40,0xE9,0x1F,0x00,0x00,0x00,0x90,0x41,0xBB,0x13,0x07,0x00,0x00,0x4D,0x89
	.byte 0x1E,0x48,0x8D,0x05,0x06,0x00,0x00,0x00,0xE9,0x7B,0xB2,0xFE,0xFF,0x90,0x49,0x8B
	.byte 0x7E,0x48,0x49,0x8B,0x76,0x40,0x49,0x89,0x7E,0x40,0x49,0x89,0x76,0x48,0x41,0xBB
	.byte 0x14,0x07,0x00,0x00,0x4D,0x89,0x1E,0x48,0x8D,0x05,0x06,0x00,0x00,0x00,0xE9,0x63
	.byte 0xBA,0xFE,0xFF,0x90,0x48,0x89,0xF9,0x4D,0x8B,0x46,0x50,0x4C,0x89,0xC0,0x48,0xC1
	.byte 0xE8,0x09,0x4C,0x01,0xE0,0x48,0x8B,0x30,0x48,0xC1,0xEE,0x20,0x48,0xC1,0xE6,0x02
	.byte 0x31,0xFF,0x31,0xD2,0x4D,0x8B,0x5E,0x28,0x4D,0x89,0x5E,0x50,0x4D,0x8B,0x5E,0x20
	.byte 0x4D,0x89,0x5E,0x48,0x49,0x89,0x4E,0x40,0x4D,0x8B,0x5E,0x18,0x4D,0x89,0x5E,0x38
	.byte 0x41,0xBB,0x15,0x07,0x00,0x00,0x4D,0x89,0x1E,0x48,0x8D,0x05,0x06,0x00,0x00,0x00
	.byte 0xE9,0x97,0xFA,0xFF,0xFF,0x90,0x49,0x8B,0x4E,0x50,0x49,0x8B,0x56,0x48,0x49,0x8B
	.byte 0x76,0x40,0x4D,0x8B,0x4E,0x38,0x48,0x89,0xF0,0x48,0xC1,0xE8,0x09,0x4C,0x01,0xE0
	.byte 0x48,0x8B,0x38,0x48,0xC1,0xEF,0x20,0x48,0x89,0xD0,0x48,0xC1,0xC8,0x02,0x48,0x39
	.byte 0xF8,0x0F,0x82,0x0B,0x00,0x00,0x00,0xBF,0x32,0x00,0x00,0x00,0xE9,0x5B,0xB5,0xFE
	.byte 0xFF,0x90,0x48,0xD1,0xE2,0x4C,0x01,0xE2,0x49,0x89,0xF0,0x48,0xC1,0xEE,0x09,0x48
	.byte 0x01,0xF2,0x4C,0x89,0x4A,0x08,0x4C,0x89,0xC7,0x90,0x49,0x83,0xC6,0x58,0xFF,0xE1
	.byte 0x48,0x89,0xD1,0x49,0x89,0xF8,0x48,0xC1,0xEA,0x09,0x4C,0x01,0xE2,0x48,0x8B,0x3A
	.byte 0x48,0xC1,0xEF,0x20,0x48,0x89,0xF2,0x48,0xC1,0xCE,0x02,0x48,0x39,0xFE,0x0F,0x82
	.byte 0x0A,0x00,0x00,0x00,0xBF,0x32,0x00,0x00,0x00,0xE9,0x0E,0xB5,0xFE,0xFF,0x48,0xD1
	.byte 0xE2,0x4C,0x01,0xE2,0x48,0x89,0xCF,0x48,0xC1,0xE9,0x09,0x48,0x01,0xCA,0x4C,0x89
	.byte 0x42,0x08,0xFF,0xE0,0xE9,0x01,0x00,0x00,0x00,0x90,0x48,0xD1,0xE7,0x4C,0x01,0xE7
	.byte 0x48,0xC1,0xEE,0x09,0x48,0x01,0xF7,0x48,0x8B,0x7F,0x08,0xFF,0xE0,0x90,0xE9,0x01
	.byte 0x00,0x00,0x00,0x90,0x48,0xD1,0xE6,0x4C,0x01,0xE6,0x48,0xC1,0xEA,0x09,0x48,0x01
	.byte 0xD6,0x48,0x89,0x7E,0x08,0xBF,0x02,0x00,0x00,0x00,0xFF,0xE0,0xE9,0x01,0x00,0x00
	.byte 0x00,0x90,0x48,0xC1,0xEF,0x02,0x4C,0x01,0xE7,0x48,0xC1,0xEE,0x09,0x48,0x01,0xF7
	.byte 0x48,0x83,0xC7,0x08,0x48,0x0F,0xB6,0x3F,0x48,0xC1,0xE7,0x02,0xFF,0xE0,0xE9,0x01
	.byte 0x00,0x00,0x00,0x90,0x48,0xC1,0xEE,0x02,0x4C,0x01,0xE6,0x48,0xC1,0xEA,0x09,0x48
	.byte 0x01,0xD6,0x48,0x83,0xC6,0x08,0x48,0xC1,0xEF,0x02,0x40,0x88,0x3E,0xBF,0x02,0x00
	.byte 0x00,0x00,0xFF,0xE0,0xE9,0x01,0x00,0x00,0x00,0x90,0x49,0x83,0xEE,0x40,0x4D,0x39
	.byte 0xEE,0x0F,0x82,0xC5,0xB0,0xFE,0xFF,0x90,0x48,0x89,0xF1,0x49,0x8B,0x75,0xD8,0x49
	.byte 0x8B,0x55,0xF8,0x48,0x29,0xD6,0x48,0x83,0xFE,0x20,0x0F,0x82,0x0E,0x00,0x00,0x00
	.byte 0x49,0x89,0x46,0x38,0x49,0x89,0x7E,0x28,0xE9,0x2F,0x00,0x00,0x00,0x90,0xBE,0x20
	.byte 0x00,0x00,0x00,0x49,0x89,0x7E,0x28,0x48,0x89,0xF7,0x49,0x89,0x46,0x38,0x49,0x89
	.byte 0x4E,0x30,0x41,0xBB,0x16,0x07,0x00,0x00,0x4D,0x89,0x1E,0x48,0x8D,0x05,0x06,0x00
	.byte 0x00,0x00,0xE9,0x81,0xB0,0xFE,0xFF,0x90,0x49,0x8B,0x4E,0x30,0x49,0x8B,0x55,0xF8
	.byte 0x48,0x89,0xD6,0x4C,0x29,0xE2,0x48,0xC1,0xE2,0x09,0xBF,0x16,0x07,0x00,0x00,0x48
	.byte 0x8D,0x05,0x06,0x00,0x00,0x00,0xE9,0x13,0xB4,0xFE,0xFF,0x90,0x49,0x89,0x75,0xF8
	.byte 0x48,0x83,0xC2,0x01,0xBE,0xF8,0x01,0x00,0x00,0x48,0x89,0xCF,0x49,0x89,0x56,0x30
	.byte 0x41,0xBB,0x1B,0x07,0x00,0x00,0x4D,0x89,0x1E,0x48,0x8D,0x05,0x06,0x00,0x00,0x00
	.byte 0xE9,0x2B,0xF0,0xFF,0xFF,0x90,0x48,0x89,0xF9,0x49,0x8B,0x45,0xD8,0x49,0x8B,0x7D
	.byte 0xF8,0x48,0x29,0xF8,0x48,0x83,0xF8,0x70,0x0F,0x83,0x22,0x00,0x00,0x00,0xBF,0x70
	.byte 0x00,0x00,0x00,0x49,0x89,0x4E,0x20,0x41,0xBB,0x1C,0x07,0x00,0x00,0x4D,0x89,0x1E
	.byte 0x48,0x8D,0x05,0x05,0x00,0x00,0x00,0xE9,0xFC,0xAF,0xFE,0xFF,0x49,0x8B,0x4E,0x20
	.byte 0x49,0x8B,0x55,0xF8,0x48,0x89,0xD6,0x4C,0x29,0xE2,0x48,0xC1,0xE2,0x09,0xBF,0x1C
	.byte 0x07,0x00,0x00,0x48,0x8D,0x05,0x06,0x00,0x00,0x00,0xE9,0x8F,0xB3,0xFE,0xFF,0x90
	.byte 0x48,0x83,0xC2,0x01,0xB8,0x02,0x00,0x00,0x00,0x48,0xBF,0x03,0x00,0x00,0x00,0x02
	.byte 0x00,0x00,0x00,0x48,0x89,0x3E,0x48,0x89,0x4E,0x08,0x48,0x89,0x46,0x10,0x48,0x89
	.byte 0xF7,0x4C,0x29,0xE6,0x48,0xC1,0xE6,0x09,0x48,0x83,0xCE,0x05,0x48,0x83,0xC7,0x18
	.byte 0x48,0xB8,0x03,0x00,0x00,0x00,0x02,0x00,0x00,0x00,0x48,0x89,0x07,0x48,0x89,0x57
	.byte 0x08,0x48,0x89,0x77,0x10,0x48,0x89,0xF8,0x4C,0x29,0xE7,0x48,0xC1,0xE7,0x09,0x48
	.byte 0x83,0xCF,0x05,0x48,0x83,0xC0,0x18,0x49,0x89,0x45,0xF8,0x31,0xF6,0x49,0x89,0x76
	.byte 0x08,0x49,0x89,0x76,0x18,0x49,0x89,0x7E,0x20,0x41,0xBB,0x23,0x07,0x00,0x00,0x4D
	.byte 0x89,0x1E,0x48,0x8D,0x05,0x05,0x00,0x00,0x00,0xE9,0x5A,0xEB,0xFE,0xFF,0x31,0xF6
	.byte 0x48,0x89,0xF2,0x49,0x89,0x76,0x18,0x49,0x89,0x7E,0x10,0x41,0xBB,0x24,0x07,0x00
	.byte 0x00,0x4D,0x89,0x1E,0x48,0x8D,0x05,0x05,0x00,0x00,0x00,0xE9,0x40,0xB5,0xFE,0xFF
	.byte 0x49,0x8B,0x46,0x20,0x31,0xF6,0x48,0x89,0xFA,0x48,0x89,0xC7,0x41,0xBB,0x25,0x07
	.byte 0x00,0x00,0x4D,0x89,0x1E,0x48,0x8D,0x05,0x06,0x00,0x00,0x00,0xE9,0xE7,0xEB,0xFE
	.byte 0xFF,0x90,0x48,0x89,0xFE,0x49,0x8B,0x45,0xD8,0x49,0x8B,0x7D,0xF8,0x48,0x29,0xF8
	.byte 0x48,0x83,0xF8,0x30,0x0F,0x82,0x0A,0x00,0x00,0x00,0x49,0x8B,0x56,0x30,0xE9,0x27
	.byte 0x00,0x00,0x00,0x90,0xBF,0x30,0x00,0x00,0x00,0x49,0x89,0x76,0x20,0x41,0xBB,0x26
	.byte 0x07,0x00,0x00,0x4D,0x89,0x1E,0x48,0x8D,0x05,0x05,0x00,0x00,0x00,0xE9,0xD6,0xAE
	.byte 0xFE,0xFF,0x49,0x8B,0x56,0x30,0x49,0x8B,0x76,0x20,0xBF,0x02,0x00,0x00,0x00,0x49
	.byte 0x8B,0x45,0xF8,0x48,0xB9,0x03,0x00,0x00,0x00,0x02,0x00,0x00,0x00,0x48,0x89,0x08
	.byte 0x48,0x89,0x50,0x08,0x48,0x89,0x78,0x10,0x48,0x89,0xC7,0x4C,0x29,0xE7,0x48,0xC1
	.byte 0xE7,0x09,0x48,0x83,0xCF,0x05,0x48,0x83,0xC0,0x18,0x48,0xBA,0x03,0x00,0x00,0x00
	.byte 0x02,0x00,0x00,0x00,0x48,0x89,0x10,0x48,0x89,0x70,0x08,0x48,0x89,0x78,0x10,0x48
	.byte 0x89,0xC7,0x4C,0x29,0xE7,0x48,0xC1,0xE7,0x09,0x48,0x83,0xCF,0x05,0x48,0x83,0xC0
	.byte 0x18,0x49,0x89,0x45,0xF8,0x31,0xF6,0x49,0x89,0x7E,0x30,0x49,0x89,0x76,0x20,0x49
	.byte 0x89,0x76,0x18,0x41,0xBB,0x27,0x07,0x00,0x00,0x4D,0x89,0x1E,0x48,0x8D,0x05,0x05
	.byte 0x00,0x00,0x00,0xE9,0x50,0xEA,0xFE,0xFF,0x31,0xD2,0x48,0x89,0xD6,0x49,0x89,0x7E
	.byte 0x10,0x49,0x89,0x56,0x20,0x41,0xBB,0x28,0x07,0x00,0x00,0x4D,0x89,0x1E,0x48,0x8D
	.byte 0x05,0x05,0x00,0x00,0x00,0xE9,0x36,0xB4,0xFE,0xFF,0x48,0x89,0xFA,0x49,0x8B,0x7E
	.byte 0x30,0x31,0xF6,0x41,0xBB,0x29,0x07,0x00,0x00,0x4D,0x89,0x1E,0x48,0x8D,0x05,0x05
	.byte 0x00,0x00,0x00,0xE9,0xE0,0xEA,0xFE,0xFF,0x48,0x89,0xFE,0x49,0x8B,0x45,0xD8,0x49
	.byte 0x8B,0x7D,0xF8,0x48,0x29,0xF8,0x48,0x83,0xF8,0x30,0x0F,0x82,0x0A,0x00,0x00,0x00
	.byte 0x49,0x8B,0x56,0x28,0xE9,0x27,0x00,0x00,0x00,0x90,0xBF,0x30,0x00,0x00,0x00,0x49
	.byte 0x89,0x76,0x30,0x41,0xBB,0x2A,0x07,0x00,0x00,0x4D,0x89,0x1E,0x48,0x8D,0x05,0x05
	.byte 0x00,0x00,0x00,0xE9,0xD0,0xAD,0xFE,0xFF,0x49,0x8B,0x76,0x30,0x49,0x8B,0x56,0x28
	.byte 0xBF,0x02,0x00,0x00,0x00,0x49,0x8B,0x45,0xF8,0x48,0xB9,0x03,0x00,0x00,0x00,0x02
	.byte 0x00,0x00,0x00,0x48,0x89,0x08,0x48,0x89,0x50,0x08,0x48,0x89,0x78,0x10,0x48,0x89
	.byte 0xC7,0x4C,0x29,0xE7,0x48,0xC1,0xE7,0x09,0x48,0x83,0xCF,0x05,0x48,0x83,0xC0,0x18
	.byte 0x48,0xBA,0x03,0x00,0x00,0x00,0x02,0x00,0x00,0x00,0x48,0x89,0x10,0x48,0x89,0x70
	.byte 0x08,0x48,0x89,0x78,0x10,0x48,0x89,0xC7,0x4C,0x29,0xE7,0x48,0xC1,0xE7,0x09,0x48
	.byte 0x83,0xCF,0x05,0x48,0x83,0xC0,0x18,0x49,0x89,0x45,0xF8,0x31,0xF6,0x49,0x89,0x76
	.byte 0x18,0x49,0x89,0x7E,0x30,0x49,0x89,0x76,0x28,0x41,0xBB,0x2B,0x07,0x00,0x00,0x4D
	.byte 0x89,0x1E,0x48,0x8D,0x05,0x05,0x00,0x00,0x00,0xE9,0x4A,0xE9,0xFE,0xFF,0x31,0xD2
	.byte 0x48,0x89,0xD6,0x49,0x89,0x7E,0x20,0x49,0x89,0x56,0x28,0x41,0xBB,0x2C,0x07,0x00
	.byte 0x00,0x4D,0x89,0x1E,0x48,0x8D,0x05,0x05,0x00,0x00,0x00,0xE9,0x30,0xB3,0xFE,0xFF
	.byte 0x48,0x89,0xFA,0x49,0x8B,0x46,0x38,0x49,0x8B,0x7E,0x30,0x31,0xF6,0xE9,0xF4,0xE9
	.byte 0xFE,0xFF,0xE9,0x01,0x00,0x00,0x00,0x90,0x49,0x83,0xEE,0x20,0x4D,0x39,0xEE,0x0F
	.byte 0x82,0xF7,0xAC,0xFE,0xFF,0x90,0x48,0x89,0xFA,0x48,0x09,0xF7,0x48,0xF7,0xC7,0x01
	.byte 0x00,0x00,0x00,0x0F,0x84,0x33,0x00,0x00,0x00,0x48,0x89,0xF7,0x49,0x89,0x76,0x08
	.byte 0x48,0x89,0xD6,0x49,0x89,0x46,0x18,0x49,0x89,0x56,0x10,0x41,0xBB,0x2D,0x07,0x00
	.byte 0x00,0x4D,0x89,0x1E,0x48,0x8D,0x05,0x05,0x00,0x00,0x00,0xE9,0xDA,0xB9,0xFE,0xFF
	.byte 0x48,0x89,0xFE,0x49,0x8B,0x46,0x18,0xBA,0x01,0x00,0x00,0x00,0x48,0x39,0xD6,0x0F
	.byte 0x8C,0x0B,0x00,0x00,0x00,0xBF,0x02,0x00,0x00,0x00,0xE9,0x07,0x00,0x00,0x00,0x90
	.byte 0xBF,0x12,0x00,0x00,0x00,0x90,0x49,0x83,0xC6,0x20,0xFF,0xE0,0xE9,0x01,0x00,0x00
	.byte 0x00,0x90,0x48,0xD1,0xE7,0x4C,0x01,0xE7,0x48,0xC1,0xEE,0x09,0x48,0x01,0xF7,0x48
	.byte 0x8B,0x7F,0x08,0xFF,0xE0,0x90,0xE9,0x01,0x00,0x00,0x00,0x90,0x49,0x83,0xEE,0x40
	.byte 0x4D,0x39,0xEE,0x0F,0x82,0x63,0xAC,0xFE,0xFF,0x90,0x48,0x89,0xC3,0x49,0x89,0xD0
	.byte 0x48,0x83,0xFF,0x00,0x0F,0x85,0x0C,0x00,0x00,0x00,0xBF,0x12,0x00,0x00,0x00,0x49
	.byte 0x83,0xC6,0x40,0xFF,0xE3,0x90,0x48,0xBA,0xFC,0xFF,0xFF,0xFF,0xFF,0xFF,0xFF,0xFF
	.byte 0x48,0x01,0xFA,0xB8,0x00,0x00,0x00,0x00,0x40,0x0F,0x90,0xC0,0x49,0x89,0xF9,0x48
	.byte 0x09,0xC7,0x48,0x83,0xCF,0xFC,0x48,0xF7,0xC7,0x01,0x00,0x00,0x00,0x0F,0x84,0x47
	.byte 0x00,0x00,0x00,0x48,0xBF,0xFC,0xFF,0xFF,0xFF,0xFF,0xFF,0xFF,0xFF,0x49,0x89,0x76
	.byte 0x30,0x4C,0x89,0xCE,0x49,0x89,0x5E,0x38,0x49,0x89,0x4E,0x28,0x4D,0x89,0x4E,0x10
	.byte 0x4D,0x89,0x46,0x18,0x49,0x89,0x7E,0x20,0x41,0xBB,0x2E,0x07,0x00,0x00,0x4D,0x89
	.byte 0x1E,0x48,0x8D,0x05,0x06,0x00,0x00,0x00,0xE9,0x85,0xB8,0xFE,0xFF,0x90,0x49,0x8B
	.byte 0x76,0x30,0x48,0x89,0xFA,0xE9,0x0C,0x00,0x00,0x00,0x49,0x89,0x5E,0x38,0x49,0x89
	.byte 0x4E,0x28,0x4D,0x89,0x46,0x18,0x49,0x89,0x56,0x30,0x48,0xD1,0xE2,0x4C,0x01,0xE2
	.byte 0x49,0x89,0x76,0x20,0x48,0xC1,0xEE,0x09,0x48,0x01,0xF2,0x48,0x8B,0x7A,0x08,0x31
	.byte 0xD2,0x31,0xC0,0x48,0xF7,0xC7,0x01,0x00,0x00,0x00,0x0F,0x84,0x3E,0x00,0x00,0x00
	.byte 0x31,0xF6,0x49,0x89,0x56,0x08,0x4D,0x8B,0x5E,0x18,0x4D,0x89,0x5E,0x10,0x49,0x89
	.byte 0x7E,0x18,0x41,0xBB,0x2F,0x07,0x00,0x00,0x4D,0x89,0x1E,0x48,0x8D,0x05,0x06,0x00
	.byte 0x00,0x00,0xE9,0x93,0xB8,0xFE,0xFF,0x90,0x49,0x8B,0x56,0x18,0x4D,0x8B,0x5E,0x10
	.byte 0x4D,0x89,0x5E,0x18,0xB8,0x01,0x00,0x00,0x00,0xE9,0x04,0x00,0x00,0x00,0x48,0x89
	.byte 0xFA,0x90,0x48,0x39,0xC7,0x0F,0x8D,0x1F,0x01,0x00,0x00,0x31,0xFF,0x48,0x29,0xD7
	.byte 0xB8,0x00,0x00,0x00,0x00,0x40,0x0F,0x90,0xC0,0x48,0x89,0xD6,0x48,0x09,0xC2,0x48
	.byte 0xF7,0xC2,0x01,0x00,0x00,0x00,0x0F,0x84,0x2E,0x00,0x00,0x00,0x31,0xFF,0x49,0x89
	.byte 0x76,0x10,0x49,0x89,0x7E,0x08,0x41,0xBB,0x30,0x07,0x00,0x00,0x4D,0x89,0x1E,0x48
	.byte 0x8D,0x05,0x06,0x00,0x00,0x00,0xE9,0xBF,0xB7,0xFE,0xFF,0x90,0x49,0x8B,0x46,0x28
	.byte 0x49,0x8B,0x56,0x18,0xE9,0x09,0x00,0x00,0x00,0x90,0x49,0x8B,0x46,0x28,0x49,0x8B
	.byte 0x56,0x18,0x48,0xC1,0xEF,0x02,0x4C,0x01,0xE7,0x49,0x89,0x46,0x28,0x48,0xC1,0xE8
	.byte 0x09,0x48,0x01,0xC7,0x48,0x83,0xC7,0x08,0x48,0x0F,0xB6,0x3F,0x48,0xC1,0xE7,0x02
	.byte 0x48,0x89,0xD0,0x48,0x21,0xF8,0x48,0xA9,0x01,0x00,0x00,0x00,0x0F,0x84,0x64,0x00
	.byte 0x00,0x00,0x48,0x39,0xD7,0x0F,0x84,0x41,0x00,0x00,0x00,0x48,0x89,0xD6,0x49,0x89
	.byte 0x56,0x18,0x49,0x89,0x7E,0x10,0x41,0xBB,0x31,0x07,0x00,0x00,0x4D,0x89,0x1E,0x48
	.byte 0x8D,0x05,0x06,0x00,0x00,0x00,0xE9,0x69,0xB9,0xFE,0xFF,0x90,0x4D,0x8B,0x4E,0x38
	.byte 0x49,0x8B,0x46,0x30,0x49,0x8B,0x4E,0x28,0x49,0x8B,0x76,0x20,0x49,0x8B,0x56,0x18
	.byte 0x41,0xB8,0x01,0x00,0x00,0x00,0xE9,0x15,0x00,0x00,0x00,0x90,0x49,0x89,0xD0,0x4D
	.byte 0x8B,0x4E,0x38,0x49,0x8B,0x46,0x30,0x49,0x8B,0x4E,0x28,0x49,0x8B,0x76,0x20,0x90
	.byte 0xE9,0x15,0x00,0x00,0x00,0x90,0x49,0x89,0xD0,0x4D,0x8B,0x4E,0x38,0x49,0x8B,0x46
	.byte 0x30,0x49,0x8B,0x4E,0x28,0x49,0x8B,0x76,0x20,0x90,0x4C,0x39,0xC7,0x0F,0x85,0x0B
	.byte 0x00,0x00,0x00,0x48,0x89,0xC7,0x4C,0x89,0xC8,0xE9,0xDC,0xFD,0xFF,0xFF,0xBF,0x02
	.byte 0x00,0x00,0x00,0x49,0x83,0xC6,0x40,0x41,0xFF,0xE1,0x48,0xC1,0xEA,0x02,0x4C,0x01
	.byte 0xE2,0x49,0x8B,0x46,0x28,0x48,0xC1,0xE8,0x09,0x48,0x01,0xC2,0x48,0x83,0xC2,0x08
	.byte 0x4C,0x0F,0xB6,0x0A,0x49,0xC1,0xE1,0x02,0x4C,0x89,0xC8,0x49,0x8B,0x56,0x18,0x48
	.byte 0x09,0xD0,0x48,0xA9,0x01,0x00,0x00,0x00,0x0F,0x84,0x46,0x00,0x00,0x00,0x48,0x89
	.byte 0xD7,0x4C,0x89,0xCE,0x4D,0x89,0x4E,0x10,0x49,0x89,0x56,0x18,0x41,0xBB,0x32,0x07
	.byte 0x00,0x00,0x4D,0x89,0x1E,0x48,0x8D,0x05,0x06,0x00,0x00,0x00,0xE9,0xF9,0xB6,0xFE
	.byte 0xFF,0x90,0x49,0x89,0xF8,0x49,0x8B,0x46,0x38,0x49,0x8B,0x7E,0x30,0x49,0x8B,0x4E
	.byte 0x28,0x49,0x8B,0x76,0x20,0x49,0x8B,0x56,0x18,0x41,0xB9,0x01,0x00,0x00,0x00,0xE9
	.byte 0x14,0x00,0x00,0x00,0x49,0x89,0xD0,0x49,0x8B,0x46,0x38,0x49,0x8B,0x7E,0x30,0x49
	.byte 0x8B,0x4E,0x28,0x49,0x8B,0x76,0x20,0x90,0x4D,0x39,0xC8,0x0F,0x8D,0x05,0x00,0x00
	.byte 0x00,0xE9,0x34,0xFD,0xFF,0xFF,0xBF,0x02,0x00,0x00,0x00,0x49,0x83,0xC6,0x40,0xFF
	.byte 0xE0,0x90,0xE9,0x01,0x00,0x00,0x00,0x90,0x48,0x83,0xC7,0x04,0x48,0xC1,0xE7,0x36
	.byte 0x48,0xC1,0xEF,0x36,0xFF,0xE0,0xE9,0x01,0x00,0x00,0x00,0x90,0x49,0x83,0xEE,0x48
	.byte 0x4D,0x39,0xEE,0x0F,0x82,0x63,0xA9,0xFE,0xFF,0x90,0x49,0x89,0xC1,0x48,0x89,0xCB
	.byte 0x48,0x89,0xF9,0x48,0x83,0xF9,0x00,0x0F,0x85,0x0D,0x00,0x00,0x00,0xBF,0x12,0x00
	.byte 0x00,0x00,0x49,0x83,0xC6,0x48,0x41,0xFF,0xE1,0x90,0x48,0xBF,0xFC,0xFF,0xFF,0xFF
	.byte 0xFF,0xFF,0xFF,0xFF,0x48,0x01,0xCF,0xB8,0x00,0x00,0x00,0x00,0x40,0x0F,0x90,0xC0
	.byte 0x49,0x89,0xC7,0x48,0x89,0xC8,0x4C,0x09,0xF9,0x48,0x83,0xC9,0xFC,0x48,0xF7,0xC1
	.byte 0x01,0x00,0x00,0x00,0x0F,0x84,0x4A,0x00,0x00,0x00,0x48,0xBF,0xFC,0xFF,0xFF,0xFF
	.byte 0xFF,0xFF,0xFF,0xFF,0x49,0x89,0x76,0x30,0x48,0x89,0xC6,0x4D,0x89,0x4E,0x40,0x49
	.byte 0x89,0x7E,0x10,0x49,0x89,0x5E,0x38,0x49,0x89,0x46,0x28,0x4D,0x89,0x46,0x20,0x49
	.byte 0x89,0x56,0x18,0x41,0xBB,0x33,0x07,0x00,0x00,0x4D,0x89,0x1E,0x48,0x8D,0x05,0x05
	.byte 0x00,0x00,0x00,0xE9,0x7A,0xB5,0xFE,0xFF,0x49,0x8B,0x46,0x30,0x48,0x89,0xC6,0xE9
	.byte 0x10,0x00,0x00,0x00,0x4D,0x89,0x4E,0x40,0x49,0x89,0x5E,0x38,0x4D,0x89,0x46,0x20
	.byte 0x49,0x89,0x56,0x18,0x49,0x89,0x7E,0x28,0x48,0xD1,0xE7,0x4C,0x01,0xE7,0x49,0x89
	.byte 0x76,0x30,0x48,0xC1,0xEE,0x09,0x48,0x01,0xF7,0x48,0x8B,0x7F,0x08,0x31,0xD2,0x31
	.byte 0xC0,0x48,0xF7,0xC7,0x01,0x00,0x00,0x00,0x0F,0x84,0x5E,0x00,0x00,0x00,0x31,0xF6
	.byte 0x4D,0x8B,0x5E,0x18,0x4D,0x89,0x5E,0x10,0x4D,0x8B,0x5E,0x20,0x4D,0x89,0x5E,0x18
	.byte 0x4D,0x8B,0x5E,0x28,0x4D,0x89,0x5E,0x20,0x49,0x89,0x7E,0x28,0x49,0x89,0x56,0x08
	.byte 0x41,0xBB,0x34,0x07,0x00,0x00,0x4D,0x89,0x1E,0x48,0x8D,0x05,0x06,0x00,0x00,0x00
	.byte 0xE9,0x75,0xB5,0xFE,0xFF,0x90,0x49,0x8B,0x56,0x28,0x4D,0x8B,0x5E,0x20,0x4D,0x89
	.byte 0x5E,0x28,0x4D,0x8B,0x5E,0x18,0x4D,0x89,0x5E,0x20,0x4D,0x8B,0x5E,0x10,0x4D,0x89
	.byte 0x5E,0x18,0xB8,0x01,0x00,0x00,0x00,0xE9,0x04,0x00,0x00,0x00,0x48,0x89,0xFA,0x90
	.byte 0x48,0x39,0xC7,0x0F,0x8D,0x25,0x06,0x00,0x00,0x31,0xFF,0x48,0x29,0xD7,0xB8,0x00
	.byte 0x00,0x00,0x00,0x40,0x0F,0x90,0xC0,0x48,0x89,0xD6,0x48,0x09,0xC2,0x48,0xF7,0xC2
	.byte 0x01,0x00,0x00,0x00,0x0F,0x84,0x2E,0x00,0x00,0x00,0x31,0xFF,0x49,0x89,0x76,0x10
	.byte 0x49,0x89,0x7E,0x08,0x41,0xBB,0x35,0x07,0x00,0x00,0x4D,0x89,0x1E,0x48,0x8D,0x05
	.byte 0x06,0x00,0x00,0x00,0xE9,0x91,0xB4,0xFE,0xFF,0x90,0x49,0x8B,0x76,0x38,0x49,0x8B
	.byte 0x46,0x18,0xE9,0x09,0x00,0x00,0x00,0x90,0x49,0x8B,0x76,0x38,0x49,0x8B,0x46,0x18
	.byte 0x49,0x89,0x7E,0x18,0x48,0xC1,0xEF,0x02,0x4C,0x01,0xE7,0x49,0x89,0x76,0x38,0x48
	.byte 0xC1,0xEE,0x09,0x48,0x01,0xF7,0x48,0x83,0xC7,0x08,0x48,0x0F,0xB6,0x3F,0x48,0xC1
	.byte 0xE7,0x02,0x49,0x89,0xC0,0x48,0x21,0xF8,0x48,0xA9,0x01,0x00,0x00,0x00,0x0F,0x84
	.byte 0x7C,0x00,0x00,0x00,0x4C,0x39,0xC7,0x0F,0x84,0x4D,0x00,0x00,0x00,0x4C,0x89,0xC6
	.byte 0x49,0x89,0x7E,0x08,0x4D,0x8B,0x5E,0x18,0x4D,0x89,0x5E,0x10,0x4D,0x89,0x46,0x18
	.byte 0x41,0xBB,0x36,0x07,0x00,0x00,0x4D,0x89,0x1E,0x48,0x8D,0x05,0x06,0x00,0x00,0x00
	.byte 0xE9,0x2F,0xB6,0xFE,0xFF,0x90,0x49,0x8B,0x4E,0x38,0x49,0x8B,0x76,0x30,0x49,0x8B
	.byte 0x46,0x28,0x49,0x8B,0x56,0x18,0x4D,0x8B,0x5E,0x10,0x4D,0x89,0x5E,0x18,0x41,0xB8
	.byte 0x01,0x00,0x00,0x00,0xE9,0x11,0x00,0x00,0x00,0x90,0x49,0x8B,0x4E,0x38,0x49,0x8B
	.byte 0x76,0x30,0x49,0x8B,0x46,0x28,0x4C,0x89,0xC2,0x90,0x4D,0x8B,0x5E,0x20,0x4D,0x89
	.byte 0x5E,0x38,0x4D,0x8B,0x5E,0x18,0x4D,0x89,0x5E,0x20,0xE9,0x21,0x00,0x00,0x00,0x90
	.byte 0x49,0x8B,0x4E,0x38,0x49,0x8B,0x76,0x30,0x49,0x8B,0x46,0x28,0x4D,0x8B,0x5E,0x20
	.byte 0x4D,0x89,0x5E,0x38,0x4C,0x89,0xC2,0x4D,0x8B,0x5E,0x18,0x4D,0x89,0x5E,0x20,0x90
	.byte 0x4C,0x39,0xC7,0x0F,0x85,0x11,0x00,0x00,0x00,0x48,0x89,0xC7,0x49,0x8B,0x46,0x40
	.byte 0x4D,0x8B,0x46,0x38,0xE9,0x81,0xFD,0xFF,0xFF,0x90,0x48,0x89,0xC7,0x4D,0x8B,0x5E
	.byte 0x38,0x4D,0x89,0x5E,0x30,0x49,0x89,0x4E,0x38,0x49,0x89,0x56,0x28,0x41,0xBB,0x37
	.byte 0x07,0x00,0x00,0x4D,0x89,0x1E,0x48,0x8D,0x05,0x05,0x00,0x00,0x00,0xE9,0x4A,0xFA
	.byte 0xFF,0xFF,0x49,0x8B,0x46,0x38,0x4D,0x8B,0x5E,0x30,0x4D,0x89,0x5E,0x38,0x49,0x8B
	.byte 0x76,0x28,0x49,0x8B,0x56,0x20,0x48,0x83,0xFF,0x12,0x0F,0x85,0x36,0x00,0x00,0x00
	.byte 0x48,0x83,0xC6,0x04,0x48,0xC1,0xE6,0x36,0x48,0xC1,0xEE,0x36,0x48,0xC1,0xEA,0x02
	.byte 0x4C,0x01,0xE2,0x48,0xC1,0xE8,0x09,0x48,0x01,0xC2,0x48,0x83,0xC2,0x08,0x48,0xC1
	.byte 0xEE,0x02,0x40,0x88,0x32,0xBF,0x02,0x00,0x00,0x00,0x4D,0x8B,0x5E,0x40,0x49,0x83
	.byte 0xC6,0x48,0x41,0xFF,0xE3,0x90,0x49,0x8B,0x45,0xD8,0x49,0x8B,0x7D,0xF8,0x48,0x29
	.byte 0xF8,0x48,0x3D,0x88,0x00,0x00,0x00,0x0F,0x82,0x09,0x00,0x00,0x00,0x4D,0x8B,0x46
	.byte 0x38,0xE9,0x1E,0x00,0x00,0x00,0xBF,0x88,0x00,0x00,0x00,0x41,0xBB,0x38,0x07,0x00
	.byte 0x00,0x4D,0x89,0x1E,0x48,0x8D,0x05,0x05,0x00,0x00,0x00,0xE9,0x38,0xA6,0xFE,0xFF
	.byte 0x4D,0x8B,0x46,0x38,0x49,0x8B,0x55,0xF8,0x48,0x89,0xD6,0x4C,0x29,0xE2,0x48,0xC1
	.byte 0xE2,0x09,0xBF,0x38,0x07,0x00,0x00,0x48,0x8D,0x05,0x06,0x00,0x00,0x00,0xE9,0xCB
	.byte 0xA9,0xFE,0xFF,0x90,0x48,0x89,0xD1,0x48,0x83,0xC1,0x01,0x48,0x89,0xF2,0x4C,0x29
	.byte 0xE2,0x48,0xC1,0xE2,0x09,0xBF,0x40,0x07,0x00,0x00,0x48,0x8D,0x05,0x05,0x00,0x00
	.byte 0x00,0xE9,0xA8,0xA9,0xFE,0xFF,0x49,0x89,0x75,0xF8,0x48,0x83,0xC2,0x01,0xBE,0xF8
	.byte 0x01,0x00,0x00,0x4C,0x89,0xC7,0x4D,0x8B,0x5E,0x40,0x4D,0x89,0x5E,0x38,0x49,0x89
	.byte 0x56,0x40,0x49,0x89,0x4E,0x30,0x41,0xBB,0x45,0x07,0x00,0x00,0x4D,0x89,0x1E,0x48
	.byte 0x8D,0x05,0x06,0x00,0x00,0x00,0xE9,0xB5,0xE5,0xFF,0xFF,0x90,0x48,0x89,0xF9,0x49
	.byte 0x8B,0x45,0xD8,0x49,0x8B,0x7D,0xF8,0x48,0x29,0xF8,0x48,0x83,0xF8,0x70,0x0F,0x83
	.byte 0x22,0x00,0x00,0x00,0xBF,0x70,0x00,0x00,0x00,0x49,0x89,0x4E,0x28,0x41,0xBB,0x46
	.byte 0x07,0x00,0x00,0x4D,0x89,0x1E,0x48,0x8D,0x05,0x05,0x00,0x00,0x00,0xE9,0x86,0xA5
	.byte 0xFE,0xFF,0x49,0x8B,0x4E,0x28,0x49,0x8B,0x55,0xF8,0x48,0x89,0xD6,0x4C,0x29,0xE2
	.byte 0x48,0xC1,0xE2,0x09,0xBF,0x46,0x07,0x00,0x00,0x48,0x8D,0x05,0x06,0x00,0x00,0x00
	.byte 0xE9,0x19,0xA9,0xFE,0xFF,0x90,0x48,0x83,0xC2,0x01,0xB8,0x02,0x00,0x00,0x00,0x48
	.byte 0xBF,0x03,0x00,0x00,0x00,0x02,0x00,0x00,0x00,0x48,0x89,0x3E,0x48,0x89,0x4E,0x08
	.byte 0x48,0x89,0x46,0x10,0x48,0x89,0xF7,0x4C,0x29,0xE6,0x48,0xC1,0xE6,0x09,0x48,0x83
	.byte 0xCE,0x05,0x48,0x83,0xC7,0x18,0x48,0xB8,0x03,0x00,0x00,0x00,0x02,0x00,0x00,0x00
	.byte 0x48,0x89,0x07,0x48,0x89,0x57,0x08,0x48,0x89,0x77,0x10,0x48,0x89,0xF8,0x4C,0x29
	.byte 0xE7,0x48,0xC1,0xE7,0x09,0x48,0x83,0xCF,0x05,0x48,0x83,0xC0,0x18,0x49,0x89,0x45
	.byte 0xF8,0x31,0xF6,0x49,0x89,0x76,0x20,0x49,0x89,0x76,0x18,0x49,0x89,0x7E,0x28,0x41
	.byte 0xBB,0x4D,0x07,0x00,0x00,0x4D,0x89,0x1E,0x48,0x8D,0x05,0x05,0x00,0x00,0x00,0xE9
	.byte 0xE4,0xE0,0xFE,0xFF,0x31,0xF6,0x48,0x89,0xF2,0x49,0x89,0x76,0x10,0x49,0x89,0x7E
	.byte 0x18,0x41,0xBB,0x4E,0x07,0x00,0x00,0x4D,0x89,0x1E,0x48,0x8D,0x05,0x05,0x00,0x00
	.byte 0x00,0xE9,0xCA,0xAA,0xFE,0xFF,0x49,0x8B,0x46,0x28,0x31,0xF6,0x48,0x89,0xFA,0x48
	.byte 0x89,0xC7,0x41,0xBB,0x4F,0x07,0x00,0x00,0x4D,0x89,0x1E,0x48,0x8D,0x05,0x06,0x00
	.byte 0x00,0x00,0xE9,0x71,0xE1,0xFE,0xFF,0x90,0x49,0x8B,0x45,0xD8,0x49,0x8B,0x75,0xF8
	.byte 0x48,0x29,0xF0,0x48,0x83,0xF8,0x30,0x0F,0x82,0x09,0x00,0x00,0x00,0x49,0x8B,0x56
	.byte 0x40,0xE9,0x3A,0x00,0x00,0x00,0xB8,0x30,0x00,0x00,0x00,0x4D,0x8B,0x5E,0x30,0x4D
	.byte 0x89,0x5E,0x28,0x49,0x89,0x7E,0x30,0x48,0x89,0xC7,0x41,0xBB,0x50,0x07,0x00,0x00
	.byte 0x4D,0x89,0x1E,0x48,0x8D,0x05,0x06,0x00,0x00,0x00,0xE9,0x59,0xA4,0xFE,0xFF,0x90
	.byte 0x49,0x8B,0x56,0x40,0x49,0x8B,0x7E,0x30,0x4D,0x8B,0x5E,0x28,0x4D,0x89,0x5E,0x30
	.byte 0xBE,0x02,0x00,0x00,0x00,0x49,0x8B,0x45,0xF8,0x48,0xB9,0x03,0x00,0x00,0x00,0x02
	.byte 0x00,0x00,0x00,0x48,0x89,0x08,0x48,0x89,0x50,0x08,0x48,0x89,0x70,0x10,0x48,0x89
	.byte 0xC6,0x4C,0x29,0xE0,0x48,0xC1,0xE0,0x09,0x48,0x83,0xC8,0x05,0x48,0x83,0xC6,0x18
	.byte 0x48,0xBA,0x03,0x00,0x00,0x00,0x02,0x00,0x00,0x00,0x48,0x89,0x16,0x48,0x89,0x7E
	.byte 0x08,0x48,0x89,0x46,0x10,0x48,0x89,0xF0,0x4C,0x29,0xE6,0x48,0xC1,0xE6,0x09,0x48
	.byte 0x89,0xF7,0x48,0x83,0xCF,0x05,0x48,0x83,0xC0,0x18,0x49,0x89,0x45,0xF8,0x31,0xF6
	.byte 0x49,0x89,0x7E,0x40,0x49,0x89,0x76,0x28,0x49,0x89,0x76,0x20,0x41,0xBB,0x51,0x07
	.byte 0x00,0x00,0x4D,0x89,0x1E,0x48,0x8D,0x05,0x06,0x00,0x00,0x00,0xE9,0xC7,0xDF,0xFE
	.byte 0xFF,0x90,0x31,0xF6,0x48,0x89,0xF2,0x49,0x89,0x7E,0x18,0x49,0x89,0x76,0x28,0x41
	.byte 0xBB,0x52,0x07,0x00,0x00,0x4D,0x89,0x1E,0x48,0x8D,0x05,0x05,0x00,0x00,0x00,0xE9
	.byte 0xAC,0xA9,0xFE,0xFF,0x49,0x8B,0x46,0x40,0x31,0xF6,0x48,0x89,0xFA,0x48,0x89,0xC7
	.byte 0x41,0xBB,0x53,0x07,0x00,0x00,0x4D,0x89,0x1E,0x48,0x8D,0x05,0x06,0x00,0x00,0x00
	.byte 0xE9,0x53,0xE0,0xFE,0xFF,0x90,0x49,0x8B,0x45,0xD8,0x49,0x8B,0x75,0xF8,0x48,0x29
	.byte 0xF0,0x48,0x83,0xF8,0x30,0x0F,0x82,0x09,0x00,0x00,0x00,0x49,0x8B,0x56,0x30,0xE9
	.byte 0x2A,0x00,0x00,0x00,0xB8,0x30,0x00,0x00,0x00,0x49,0x89,0x7E,0x40,0x48,0x89,0xC7
	.byte 0x41,0xBB,0x54,0x07,0x00,0x00,0x4D,0x89,0x1E,0x48,0x8D,0x05,0x06,0x00,0x00,0x00
	.byte 0xE9,0x43,0xA3,0xFE,0xFF,0x90,0x49,0x8B,0x7E,0x40,0x49,0x8B,0x56,0x30,0xBE,0x02
	.byte 0x00,0x00,0x00,0x49,0x8B,0x45,0xF8,0x48,0xB9,0x03,0x00,0x00,0x00,0x02,0x00,0x00
	.byte 0x00,0x48,0x89,0x08,0x48,0x89,0x50,0x08,0x48,0x89,0x70,0x10,0x48,0x89,0xC6,0x4C
	.byte 0x29,0xE0,0x48,0xC1,0xE0,0x09,0x48,0x83,0xC8,0x05,0x48,0x83,0xC6,0x18,0x48,0xBA
	.byte 0x03,0x00,0x00,0x00,0x02,0x00,0x00,0x00,0x48,0x89,0x16,0x48,0x89,0x7E,0x08,0x48
	.byte 0x89,0x46,0x10,0x48,0x89,0xF0,0x4C,0x29,0xE6,0x48,0xC1,0xE6,0x09,0x48,0x89,0xF7
	.byte 0x48,0x83,0xCF,0x05,0x48,0x83,0xC0,0x18,0x49,0x89,0x45,0xF8,0x31,0xF6,0x49,0x89
	.byte 0x76,0x20,0x49,0x89,0x7E,0x40,0x49,0x89,0x76,0x30,0x41,0xBB,0x55,0x07,0x00,0x00
	.byte 0x4D,0x89,0x1E,0x48,0x8D,0x05,0x06,0x00,0x00,0x00,0xE9,0xB9,0xDE,0xFE,0xFF,0x90
	.byte 0x31,0xD2,0x48,0x89,0xD6,0x49,0x89,0x7E,0x28,0x49,0x89,0x56,0x30,0x41,0xBB,0x56
	.byte 0x07,0x00,0x00,0x4D,0x89,0x1E,0x48,0x8D,0x05,0x05,0x00,0x00,0x00,0xE9,0x9E,0xA8
	.byte 0xFE,0xFF,0x48,0x89,0xFA,0x49,0x8B,0x7E,0x40,0x31,0xF6,0x41,0xBB,0x57,0x07,0x00
	.byte 0x00,0x4D,0x89,0x1E,0x48,0x8D,0x05,0x05,0x00,0x00,0x00,0xE9,0x48,0xDF,0xFE,0xFF
	.byte 0x48,0x89,0xFE,0x49,0x8B,0x45,0xD8,0x49,0x8B,0x7D,0xF8,0x48,0x29,0xF8,0x48,0x83
	.byte 0xF8,0x10,0x0F,0x83,0x22,0x00,0x00,0x00,0xBF,0x10,0x00,0x00,0x00,0x49,0x89,0x76
	.byte 0x40,0x41,0xBB,0x58,0x07,0x00,0x00,0x4D,0x89,0x1E,0x48,0x8D,0x05,0x05,0x00,0x00
	.byte 0x00,0xE9,0x42,0xA2,0xFE,0xFF,0x49,0x8B,0x76,0x40,0x49,0x8B,0x45,0xF8,0x48,0xBF
	.byte 0x93,0x00,0x00,0x00,0x01,0x00,0x00,0x00,0x48,0x89,0x38,0x48,0x89,0x70,0x08,0x48
	.byte 0x89,0xC7,0x4C,0x29,0xE7,0x48,0xC1,0xE7,0x09,0x48,0x81,0xCF,0x23,0x01,0x00,0x00
	.byte 0x48,0x83,0xC0,0x10,0x49,0x89,0x45,0xF8,0xE9,0x9F,0xA5,0xFE,0xFF,0x90,0x49,0x89
	.byte 0x56,0x10,0x48,0xC1,0xEA,0x02,0x4C,0x01,0xE2,0x49,0x8B,0x46,0x38,0x48,0xC1,0xE8
	.byte 0x09,0x48,0x01,0xC2,0x48,0x83,0xC2,0x08,0x4C,0x0F,0xB6,0x02,0x49,0xC1,0xE0,0x02
	.byte 0x4C,0x89,0xC0,0x49,0x8B,0x56,0x18,0x48,0x09,0xD0,0x48,0xA9,0x01,0x00,0x00,0x00
	.byte 0x0F,0x84,0x4A,0x00,0x00,0x00,0x48,0x89,0xD7,0x4C,0x89,0xC6,0x49,0x89,0x56,0x18
	.byte 0x4D,0x89,0x46,0x08,0x41,0xBB,0x59,0x07,0x00,0x00,0x4D,0x89,0x1E,0x48,0x8D,0x05
	.byte 0x06,0x00,0x00,0x00,0xE9,0xC1,0xAE,0xFE,0xFF,0x90,0x48,0x89,0xF8,0x49,0x8B,0x4E
	.byte 0x38,0x49,0x8B,0x76,0x30,0x4D,0x8B,0x5E,0x10,0x4D,0x89,0x5E,0x30,0x49,0x8B,0x7E
	.byte 0x28,0x49,0x8B,0x56,0x18,0x41,0xB8,0x01,0x00,0x00,0x00,0xE9,0x18,0x00,0x00,0x00
	.byte 0x48,0x89,0xD0,0x49,0x8B,0x4E,0x38,0x49,0x8B,0x76,0x30,0x4D,0x8B,0x5E,0x10,0x4D
	.byte 0x89,0x5E,0x30,0x49,0x8B,0x7E,0x28,0x90,0x4C,0x39,0xC0,0x0F,0x8D,0x0D,0x00,0x00
	.byte 0x00,0x49,0x8B,0x46,0x40,0x4D,0x8B,0x46,0x20,0xE9,0xEC,0xF7,0xFF,0xFF,0x49,0x89
	.byte 0x4E,0x38,0x49,0x89,0x56,0x28,0x41,0xBB,0x5A,0x07,0x00,0x00,0x4D,0x89,0x1E,0x48
	.byte 0x8D,0x05,0x06,0x00,0x00,0x00,0xE9,0xC1,0xF4,0xFF,0xFF,0x90,0x49,0x8B,0x76,0x38
	.byte 0x49,0x8B,0x46,0x30,0x4D,0x8B,0x5E,0x20,0x4D,0x89,0x5E,0x38,0x49,0x8B,0x56,0x28
	.byte 0x48,0x83,0xFF,0x12,0x0F,0x85,0x28,0x00,0x00,0x00,0x48,0xC1,0xE8,0x02,0x4C,0x01
	.byte 0xE0,0x48,0xC1,0xEE,0x09,0x48,0x01,0xF0,0x48,0x83,0xC0,0x08,0x48,0xC1,0xEA,0x02
	.byte 0x88,0x10,0xBF,0x02,0x00,0x00,0x00,0x4D,0x8B,0x5E,0x40,0x49,0x83,0xC6,0x48,0x41
	.byte 0xFF,0xE3,0x49,0x8B,0x45,0xD8,0x49,0x8B,0x7D,0xF8,0x48,0x29,0xF8,0x48,0x3D,0x88
	.byte 0x00,0x00,0x00,0x0F,0x82,0x09,0x00,0x00,0x00,0x4D,0x8B,0x46,0x38,0xE9,0x1E,0x00
	.byte 0x00,0x00,0xBF,0x88,0x00,0x00,0x00,0x41,0xBB,0x5B,0x07,0x00,0x00,0x4D,0x89,0x1E
	.byte 0x48,0x8D,0x05,0x05,0x00,0x00,0x00,0xE9,0xBC,0xA0,0xFE,0xFF,0x4D,0x8B,0x46,0x38
	.byte 0x49,0x8B,0x75,0xF8,0x48,0x89,0xF2,0x4C,0x29,0xE2,0x48,0xC1,0xE2,0x09,0xBF,0x5B
	.byte 0x07,0x00,0x00,0x48,0x8D,0x05,0x06,0x00,0x00,0x00,0xE9,0x4F,0xA4,0xFE,0xFF,0x90
	.byte 0x48,0x89,0xD1,0x48,0x83,0xC1,0x01,0x48,0x89,0xF2,0x4C,0x29,0xE2,0x48,0xC1,0xE2
	.byte 0x09,0xBF,0x63,0x07,0x00,0x00,0x48,0x8D,0x05,0x05,0x00,0x00,0x00,0xE9,0x2C,0xA4
	.byte 0xFE,0xFF,0x49,0x89,0x75,0xF8,0x48,0x83,0xC2,0x01,0xBE,0xF8,0x01,0x00,0x00,0x4C
	.byte 0x89,0xC7,0x4D,0x8B,0x5E,0x40,0x4D,0x89,0x5E,0x38,0x49,0x89,0x56,0x40,0x49,0x89
	.byte 0x4E,0x30,0x41,0xBB,0x68,0x07,0x00,0x00,0x4D,0x89,0x1E,0x48,0x8D,0x05,0x06,0x00
	.byte 0x00,0x00,0xE9,0x39,0xE0,0xFF,0xFF,0x90,0x48,0x89,0xF9,0x49,0x8B,0x45,0xD8,0x49
	.byte 0x8B,0x7D,0xF8,0x48,0x29,0xF8,0x48,0x83,0xF8,0x70,0x0F,0x83,0x22,0x00,0x00,0x00
	.byte 0xBF,0x70,0x00,0x00,0x00,0x49,0x89,0x4E,0x28,0x41,0xBB,0x69,0x07,0x00,0x00,0x4D
	.byte 0x89,0x1E,0x48,0x8D,0x05,0x05,0x00,0x00,0x00,0xE9,0x0A,0xA0,0xFE,0xFF,0x49,0x8B
	.byte 0x4E,0x28,0x49,0x8B,0x75,0xF8,0x48,0x89,0xF2,0x4C,0x29,0xE2,0x48,0xC1,0xE2,0x09
	.byte 0xBF,0x69,0x07,0x00,0x00,0x48,0x8D,0x05,0x06,0x00,0x00,0x00,0xE9,0x9D,0xA3,0xFE
	.byte 0xFF,0x90,0x48,0x83,0xC2,0x01,0xB8,0x02,0x00,0x00,0x00,0x48,0xBF,0x03,0x00,0x00
	.byte 0x00,0x02,0x00,0x00,0x00,0x48,0x89,0x3E,0x48,0x89,0x4E,0x08,0x48,0x89,0x46,0x10
	.byte 0x48,0x89,0xF0,0x4C,0x29,0xE0,0x48,0xC1,0xE0,0x09,0x48,0x83,0xC8,0x05,0x48,0x83
	.byte 0xC6,0x18,0x48,0xBF,0x03,0x00,0x00,0x00,0x02,0x00,0x00,0x00,0x48,0x89,0x3E,0x48
	.byte 0x89,0x56,0x08,0x48,0x89,0x46,0x10,0x48,0x89,0xF7,0x4C,0x29,0xE7,0x48,0xC1,0xE7
	.byte 0x09,0x48,0x83,0xCF,0x05,0x48,0x83,0xC6,0x18,0x49,0x89,0x75,0xF8,0x31,0xF6,0x49
	.byte 0x89,0x76,0x18,0x49,0x89,0x76,0x20,0x49,0x89,0x7E,0x28,0x41,0xBB,0x70,0x07,0x00
	.byte 0x00,0x4D,0x89,0x1E,0x48,0x8D,0x05,0x05,0x00,0x00,0x00,0xE9,0x68,0xDB,0xFE,0xFF
	.byte 0x31,0xD2,0x48,0x89,0xD6,0x49,0x89,0x56,0x20,0x49,0x89,0x7E,0x10,0x41,0xBB,0x71
	.byte 0x07,0x00,0x00,0x4D,0x89,0x1E,0x48,0x8D,0x05,0x05,0x00,0x00,0x00,0xE9,0x4E,0xA5
	.byte 0xFE,0xFF,0x48,0x89,0xFA,0x49,0x8B,0x7E,0x28,0x31,0xF6,0x41,0xBB,0x72,0x07,0x00
	.byte 0x00,0x4D,0x89,0x1E,0x48,0x8D,0x05,0x05,0x00,0x00,0x00,0xE9,0xF8,0xDB,0xFE,0xFF
	.byte 0x49,0x8B,0x45,0xD8,0x49,0x8B,0x75,0xF8,0x48,0x29,0xF0,0x48,0x83,0xF8,0x30,0x0F
	.byte 0x82,0x09,0x00,0x00,0x00,0x49,0x8B,0x56,0x40,0xE9,0x2A,0x00,0x00,0x00,0xB8,0x30
	.byte 0x00,0x00,0x00,0x49,0x89,0x7E,0x28,0x48,0x89,0xC7,0x41,0xBB,0x73,0x07,0x00,0x00
	.byte 0x4D,0x89,0x1E,0x48,0x8D,0x05,0x06,0x00,0x00,0x00,0xE9,0xE9,0x9E,0xFE,0xFF,0x90
	.byte 0x49,0x8B,0x56,0x40,0x49,0x8B,0x7E,0x28,0xBE,0x02,0x00,0x00,0x00,0x49,0x8B,0x45
	.byte 0xF8,0x48,0xB9,0x03,0x00,0x00,0x00,0x02,0x00,0x00,0x00,0x48,0x89,0x08,0x48,0x89
	.byte 0x50,0x08,0x48,0x89,0x70,0x10,0x48,0x89,0xC6,0x4C,0x29,0xE6,0x48,0xC1,0xE6,0x09
	.byte 0x48,0x83,0xCE,0x05,0x48,0x83,0xC0,0x18,0x48,0xBA,0x03,0x00,0x00,0x00,0x02,0x00
	.byte 0x00,0x00,0x48,0x89,0x10,0x48,0x89,0x78,0x08,0x48,0x89,0x70,0x10,0x48,0x89,0xC7
	.byte 0x4C,0x29,0xE7,0x48,0xC1,0xE7,0x09,0x48,0x83,0xCF,0x05,0x48,0x83,0xC0,0x18,0x49
	.byte 0x89,0x45,0xF8,0x31,0xF6,0x49,0x89,0x7E,0x40,0x49,0x89,0x76,0x20,0x49,0x89,0x76
	.byte 0x28,0x41,0xBB,0x74,0x07,0x00,0x00,0x4D,0x89,0x1E,0x48,0x8D,0x05,0x05,0x00,0x00
	.byte 0x00,0xE9,0x62,0xDA,0xFE,0xFF,0x31,0xD2,0x48,0x89,0xD6,0x49,0x89,0x7E,0x20,0x49
	.byte 0x89,0x56,0x18,0x41,0xBB,0x75,0x07,0x00,0x00,0x4D,0x89,0x1E,0x48,0x8D,0x05,0x05
	.byte 0x00,0x00,0x00,0xE9,0x48,0xA4,0xFE,0xFF,0x48,0x89,0xFA,0x49,0x8B,0x7E,0x40,0x31
	.byte 0xF6,0x41,0xBB,0x76,0x07,0x00,0x00,0x4D,0x89,0x1E,0x48,0x8D,0x05,0x05,0x00,0x00
	.byte 0x00,0xE9,0xF2,0xDA,0xFE,0xFF,0x49,0x8B,0x45,0xD8,0x49,0x8B,0x75,0xF8,0x48,0x29
	.byte 0xF0,0x48,0x83,0xF8,0x30,0x0F,0x82,0x09,0x00,0x00,0x00,0x49,0x8B,0x56,0x30,0xE9
	.byte 0x2A,0x00,0x00,0x00,0xB8,0x30,0x00,0x00,0x00,0x49,0x89,0x7E,0x40,0x48,0x89,0xC7
	.byte 0x41,0xBB,0x77,0x07,0x00,0x00,0x4D,0x89,0x1E,0x48,0x8D,0x05,0x06,0x00,0x00,0x00
	.byte 0xE9,0xE3,0x9D,0xFE,0xFF,0x90,0x49,0x8B,0x7E,0x40,0x49,0x8B,0x56,0x30,0xBE,0x02
	.byte 0x00,0x00,0x00,0x49,0x8B,0x45,0xF8,0x48,0xB9,0x03,0x00,0x00,0x00,0x02,0x00,0x00
	.byte 0x00,0x48,0x89,0x08,0x48,0x89,0x50,0x08,0x48,0x89,0x70,0x10,0x48,0x89,0xC6,0x4C
	.byte 0x29,0xE6,0x48,0xC1,0xE6,0x09,0x48,0x83,0xCE,0x05,0x48,0x83,0xC0,0x18,0x48,0xBA
	.byte 0x03,0x00,0x00,0x00,0x02,0x00,0x00,0x00,0x48,0x89,0x10,0x48,0x89,0x78,0x08,0x48
	.byte 0x89,0x70,0x10,0x48,0x89,0xC7,0x4C,0x29,0xE7,0x48,0xC1,0xE7,0x09,0x48,0x83,0xCF
	.byte 0x05,0x48,0x83,0xC0,0x18,0x49,0x89,0x45,0xF8,0x31,0xF6,0x49,0x89,0x76,0x20,0x49
	.byte 0x89,0x7E,0x40,0x49,0x89,0x76,0x30,0x41,0xBB,0x78,0x07,0x00,0x00,0x4D,0x89,0x1E
	.byte 0x48,0x8D,0x05,0x05,0x00,0x00,0x00,0xE9,0x5C,0xD9,0xFE,0xFF,0x31,0xD2,0x48,0x89
	.byte 0xD6,0x49,0x89,0x7E,0x28,0x49,0x89,0x56,0x30,0x41,0xBB,0x79,0x07,0x00,0x00,0x4D
	.byte 0x89,0x1E,0x48,0x8D,0x05,0x05,0x00,0x00,0x00,0xE9,0x42,0xA3,0xFE,0xFF,0x48,0x89
	.byte 0xFA,0x49,0x8B,0x7E,0x40,0x31,0xF6,0x41,0xBB,0x7A,0x07,0x00,0x00,0x4D,0x89,0x1E
	.byte 0x48,0x8D,0x05,0x05,0x00,0x00,0x00,0xE9,0xEC,0xD9,0xFE,0xFF,0x48,0x89,0xFE,0x49
	.byte 0x8B,0x45,0xD8,0x49,0x8B,0x7D,0xF8,0x48,0x29,0xF8,0x48,0x83,0xF8,0x10,0x0F,0x83
	.byte 0x22,0x00,0x00,0x00,0xBF,0x10,0x00,0x00,0x00,0x49,0x89,0x76,0x40,0x41,0xBB,0x7B
	.byte 0x07,0x00,0x00,0x4D,0x89,0x1E,0x48,0x8D,0x05,0x05,0x00,0x00,0x00,0xE9,0xE6,0x9C
	.byte 0xFE,0xFF,0x49,0x8B,0x76,0x40,0x49,0x8B,0x45,0xF8,0x48,0xBF,0x93,0x00,0x00,0x00
	.byte 0x01,0x00,0x00,0x00,0x48,0x89,0x38,0x48,0x89,0x70,0x08,0x48,0x89,0xC7,0x4C,0x29
	.byte 0xE7,0x48,0xC1,0xE7,0x09,0x48,0x81,0xCF,0x23,0x01,0x00,0x00,0x48,0x83,0xC0,0x10
	.byte 0x49,0x89,0x45,0xF8,0xE9,0x43,0xA0,0xFE,0xFF,0x90,0xE9,0x01,0x00,0x00,0x00,0x90
	.byte 0x48,0x83,0xC7,0x08,0x48,0xC1,0xE7,0x36,0x48,0xC1,0xEF,0x36,0xFF,0xE0,0xE9,0x01
	.byte 0x00,0x00,0x00,0x90,0x49,0x83,0xEE,0x30,0x4D,0x39,0xEE,0x0F,0x82,0x7B,0x9C,0xFE
	.byte 0xFF,0x90,0x48,0x89,0xD1,0x48,0xC1,0xEA,0x09,0x4C,0x01,0xE2,0x48,0x8B,0x12,0x48
	.byte 0xC1,0xEA,0x1D,0x48,0x83,0xC2,0xF8,0x48,0xC1,0xE2,0x02,0x49,0x89,0xF8,0x49,0x89
	.byte 0xFA,0x48,0x89,0xD7,0x4C,0x89,0xD2,0x48,0x09,0xFA,0x48,0xF7,0xC2,0x01,0x00,0x00
	.byte 0x00,0x0F,0x84,0x49,0x00,0x00,0x00,0x49,0x89,0x76,0x18,0x4C,0x89,0xC6,0x49,0x89
	.byte 0x46,0x28,0x49,0x89,0x7E,0x20,0x4D,0x89,0x46,0x10,0x49,0x89,0x4E,0x08,0x41,0xBB
	.byte 0x7C,0x07,0x00,0x00,0x4D,0x89,0x1E,0x48,0x8D,0x05,0x06,0x00,0x00,0x00,0xE9,0x37
	.byte 0xA9,0xFE,0xFF,0x90,0x49,0x8B,0x76,0x18,0x49,0x8B,0x4E,0x10,0x4D,0x8B,0x5E,0x08
	.byte 0x4D,0x89,0x5E,0x18,0x41,0xB8,0x01,0x00,0x00,0x00,0xE9,0x11,0x00,0x00,0x00,0x90
	.byte 0x49,0x89,0x46,0x28,0x49,0x89,0x7E,0x20,0x49,0x89,0x4E,0x18,0x4C,0x89,0xC1,0x90
	.byte 0x4C,0x39,0xC7,0x0F,0x8D,0x51,0x01,0x00,0x00,0xB8,0x04,0x00,0x00,0x00,0x48,0x89
	.byte 0xCE,0x48,0xF7,0xE6,0x48,0x89,0xCE,0x48,0x83,0xC9,0x08,0x48,0x83,0xE1,0x01,0x48
	.byte 0x09,0xD1,0x48,0x89,0xC7,0x48,0xD1,0xEF,0x48,0x83,0xF9,0x00,0x0F,0x84,0x22,0x00
	.byte 0x00,0x00,0xBF,0x08,0x00,0x00,0x00,0x49,0x89,0x7E,0x18,0x49,0x89,0x76,0x20,0x41
	.byte 0xBB,0x7D,0x07,0x00,0x00,0x4D,0x89,0x1E,0x48,0x8D,0x05,0x05,0x00,0x00,0x00,0xE9
	.byte 0x50,0xA8,0xFE,0xFF,0x31,0xD2,0x31,0xC0,0x48,0x89,0xF9,0x48,0xF7,0xC1,0x01,0x00
	.byte 0x00,0x00,0x0F,0x84,0x30,0x00,0x00,0x00,0x31,0xF6,0x48,0x89,0xCF,0x49,0x89,0x56
	.byte 0x18,0x49,0x89,0x4E,0x20,0x41,0xBB,0x7E,0x07,0x00,0x00,0x4D,0x89,0x1E,0x48,0x8D
	.byte 0x05,0x05,0x00,0x00,0x00,0xE9,0x80,0xA8,0xFE,0xFF,0x49,0x8B,0x4E,0x20,0xB8,0x01
	.byte 0x00,0x00,0x00,0xE9,0x04,0x00,0x00,0x00,0x48,0x89,0xCF,0x90,0x48,0x39,0xC7,0x0F
	.byte 0x8D,0x0B,0x00,0x00,0x00,0xBF,0x32,0x00,0x00,0x00,0xE9,0xDD,0x9E,0xFE,0xFF,0x90
	.byte 0xBA,0x10,0x00,0x00,0x00,0x31,0xF6,0x48,0x89,0xCF,0x49,0x89,0x4E,0x20,0x49,0x89
	.byte 0x76,0x18,0x41,0xBB,0x7F,0x07,0x00,0x00,0x4D,0x89,0x1E,0x48,0x8D,0x05,0x06,0x00
	.byte 0x00,0x00,0xE9,0x29,0xA1,0xFE,0xFF,0x90,0x49,0x89,0x7E,0x20,0x49,0x8B,0x45,0xD8
	.byte 0x49,0x8B,0x7D,0xF8,0x48,0x29,0xF8,0x48,0x83,0xF8,0x18,0x0F,0x82,0x0D,0x00,0x00
	.byte 0x00,0x49,0x8B,0x76,0x28,0x49,0x8B,0x56,0x20,0xE9,0x22,0x00,0x00,0x00,0xBF,0x18
	.byte 0x00,0x00,0x00,0x41,0xBB,0x80,0x07,0x00,0x00,0x4D,0x89,0x1E,0x48,0x8D,0x05,0x05
	.byte 0x00,0x00,0x00,0xE9,0xE0,0x9A,0xFE,0xFF,0x49,0x8B,0x76,0x28,0x49,0x8B,0x56,0x20
	.byte 0xB8,0x04,0x00,0x00,0x00,0x49,0x8B,0x7D,0xF8,0x48,0xB9,0x03,0x00,0x00,0x00,0x02
	.byte 0x00,0x00,0x00,0x48,0x89,0x0F,0x48,0x89,0x57,0x08,0x48,0x89,0x47,0x10,0x48,0x89
	.byte 0xF8,0x4C,0x29,0xE7,0x48,0xC1,0xE7,0x09,0x48,0x83,0xCF,0x05,0x48,0x83,0xC0,0x18
	.byte 0x49,0x89,0x45,0xF8,0x49,0x83,0xC6,0x30,0xFF,0xE6,0xB8,0xF4,0x03,0x00,0x00,0xBA
	.byte 0xF4,0x03,0x00,0x00,0x48,0x89,0xF7,0x48,0x81,0xCE,0xF4,0x03,0x00,0x00,0x48,0xF7
	.byte 0xC6,0x01,0x00,0x00,0x00,0x0F,0x84,0x49,0x00,0x00,0x00,0xBE,0xF4,0x03,0x00,0x00
	.byte 0x49,0x89,0x46,0x08,0x4D,0x8B,0x5E,0x18,0x4D,0x89,0x5E,0x10,0x49,0x89,0x7E,0x18
	.byte 0x41,0xBB,0x81,0x07,0x00,0x00,0x4D,0x89,0x1E,0x48,0x8D,0x05,0x06,0x00,0x00,0x00
	.byte 0xE9,0x65,0xA7,0xFE,0xFF,0x90,0x49,0x8B,0x46,0x20,0x4D,0x8B,0x5E,0x18,0x4D,0x89
	.byte 0x5E,0x20,0x4D,0x8B,0x5E,0x10,0x4D,0x89,0x5E,0x18,0xBA,0x01,0x00,0x00,0x00,0xE9
	.byte 0x08,0x00,0x00,0x00,0x49,0x8B,0x46,0x20,0x49,0x89,0x7E,0x20,0x48,0x39,0xD7,0x0F
	.byte 0x8D,0x8F,0x00,0x00,0x00,0x49,0x8B,0x45,0xD8,0x49,0x8B,0x7D,0xF8,0x48,0x29,0xF8
	.byte 0x48,0x83,0xF8,0x18,0x0F,0x82,0x12,0x00,0x00,0x00,0x49,0x8B,0x76,0x28,0x49,0x8B
	.byte 0x7E,0x20,0x49,0x8B,0x56,0x18,0xE9,0x27,0x00,0x00,0x00,0x90,0xBF,0x18,0x00,0x00
	.byte 0x00,0x41,0xBB,0x82,0x07,0x00,0x00,0x4D,0x89,0x1E,0x48,0x8D,0x05,0x05,0x00,0x00
	.byte 0x00,0xE9,0xE2,0x99,0xFE,0xFF,0x49,0x8B,0x76,0x28,0x49,0x8B,0x7E,0x20,0x49,0x8B
	.byte 0x56,0x18,0x48,0x83,0xC7,0x08,0x48,0xC1,0xE7,0x36,0x48,0xC1,0xEF,0x36,0x49,0x8B
	.byte 0x45,0xF8,0x48,0xB9,0x03,0x00,0x00,0x00,0x02,0x00,0x00,0x00,0x48,0x89,0x08,0x48
	.byte 0x89,0x50,0x08,0x48,0x89,0x78,0x10,0x48,0x89,0xC7,0x4C,0x29,0xE7,0x48,0xC1,0xE7
	.byte 0x09,0x48,0x83,0xCF,0x05,0x48,0x83,0xC0,0x18,0x49,0x89,0x45,0xF8,0x49,0x83,0xC6
	.byte 0x30,0xFF,0xE6,0x90,0x31,0xFF,0x31,0xF6,0x48,0xA9,0x01,0x00,0x00,0x00,0x0F,0x84
	.byte 0x30,0x00,0x00,0x00,0x31,0xF6,0x49,0x89,0x7E,0x18,0x48,0x89,0xC7,0x49,0x89,0x46
	.byte 0x20,0x41,0xBB,0x83,0x07,0x00,0x00,0x4D,0x89,0x1E,0x48,0x8D,0x05,0x05,0x00,0x00
	.byte 0x00,0xE9,0x74,0xA6,0xFE,0xFF,0x49,0x8B,0x46,0x20,0xBE,0x01,0x00,0x00,0x00,0xE9
	.byte 0x04,0x00,0x00,0x00,0x48,0x89,0xC7,0x90,0x48,0x39,0xF7,0x0F,0x8D,0x0B,0x00,0x00
	.byte 0x00,0xBF,0x32,0x00,0x00,0x00,0xE9,0xD1,0x9C,0xFE,0xFF,0x90,0xBA,0x10,0x00,0x00
	.byte 0x00,0x31,0xF6,0x48,0x89,0xC7,0x49,0x89,0x46,0x18,0x49,0x89,0x76,0x20,0x41,0xBB
	.byte 0x84,0x07,0x00,0x00,0x4D,0x89,0x1E,0x48,0x8D,0x05,0x06,0x00,0x00,0x00,0xE9,0x1D
	.byte 0x9F,0xFE,0xFF,0x90,0x49,0x89,0x7E,0x20,0x49,0x8B,0x45,0xD8,0x49,0x8B,0x7D,0xF8
	.byte 0x48,0x29,0xF8,0x48,0x83,0xF8,0x18,0x0F,0x82,0x0D,0x00,0x00,0x00,0x49,0x8B,0x76
	.byte 0x28,0x49,0x8B,0x56,0x20,0xE9,0x22,0x00,0x00,0x00,0xBF,0x18,0x00,0x00,0x00,0x41
	.byte 0xBB,0x85,0x07,0x00,0x00,0x4D,0x89,0x1E,0x48,0x8D,0x05,0x05,0x00,0x00,0x00,0xE9
	.byte 0xD4,0x98,0xFE,0xFF,0x49,0x8B,0x76,0x28,0x49,0x8B,0x56,0x20,0xBF,0x04,0x00,0x00
	.byte 0x00,0x49,0x8B,0x45,0xF8,0x48,0xB9,0x03,0x00,0x00,0x00,0x02,0x00,0x00,0x00,0x48
	.byte 0x89,0x08,0x48,0x89,0x50,0x08,0x48,0x89,0x78,0x10,0x48,0x89,0xC7,0x4C,0x29,0xE7
	.byte 0x48,0xC1,0xE7,0x09,0x48,0x83,0xCF,0x05,0x48,0x83,0xC0,0x18,0x49,0x89,0x45,0xF8
	.byte 0x49,0x83,0xC6,0x30,0xFF,0xE6,0xE9,0x01,0x00,0x00,0x00,0x90,0x49,0x83,0xEE,0x38
	.byte 0x4D,0x39,0xEE,0x0F,0x82,0x73,0x98,0xFE,0xFF,0x90,0x49,0x89,0xC1,0x48,0x83,0xFA
	.byte 0x00,0x0F,0x85,0x07,0x00,0x00,0x00,0x49,0x83,0xC6,0x38,0x41,0xFF,0xE1,0x48,0xB9
	.byte 0xFC,0xFF,0xFF,0xFF,0xFF,0xFF,0xFF,0xFF,0x48,0x01,0xD1,0xB8,0x00,0x00,0x00,0x00
	.byte 0x40,0x0F,0x90,0xC0,0x49,0x89,0xD0,0x48,0x09,0xC2,0x48,0x83,0xCA,0xFC,0x48,0xF7
	.byte 0xC2,0x01,0x00,0x00,0x00,0x0F,0x84,0x45,0x00,0x00,0x00,0x48,0xB8,0xFC,0xFF,0xFF
	.byte 0xFF,0xFF,0xFF,0xFF,0xFF,0x49,0x89,0x7E,0x20,0x48,0x89,0xC7,0x49,0x89,0x76,0x28
	.byte 0x4C,0x89,0xC6,0x4D,0x89,0x4E,0x30,0x49,0x89,0x46,0x18,0x4D,0x89,0x46,0x10,0x41
	.byte 0xBB,0x86,0x07,0x00,0x00,0x4D,0x89,0x1E,0x48,0x8D,0x05,0x05,0x00,0x00,0x00,0xE9
	.byte 0x9E,0xA4,0xFE,0xFF,0x49,0x8B,0x76,0x28,0x48,0x89,0xF9,0xE9,0x08,0x00,0x00,0x00
	.byte 0x4D,0x89,0x4E,0x30,0x49,0x89,0x7E,0x20,0x49,0x89,0x4E,0x18,0x48,0xD1,0xE1,0x4C
	.byte 0x01,0xE1,0x49,0x89,0x76,0x28,0x48,0xC1,0xEE,0x09,0x48,0x01,0xF1,0x48,0x8B,0x79
	.byte 0x08,0x31,0xD2,0x31,0xC0,0x48,0xF7,0xC7,0x01,0x00,0x00,0x00,0x0F,0x84,0x5E,0x00
	.byte 0x00,0x00,0x31,0xF6,0x4D,0x8B,0x5E,0x18,0x4D,0x89,0x5E,0x10,0x4D,0x8B,0x5E,0x20
	.byte 0x4D,0x89,0x5E,0x18,0x4D,0x8B,0x5E,0x28,0x4D,0x89,0x5E,0x20,0x49,0x89,0x7E,0x28
	.byte 0x49,0x89,0x56,0x08,0x41,0xBB,0x87,0x07,0x00,0x00,0x4D,0x89,0x1E,0x48,0x8D,0x05
	.byte 0x06,0x00,0x00,0x00,0xE9,0xA1,0xA4,0xFE,0xFF,0x90,0x49,0x8B,0x56,0x28,0x4D,0x8B
	.byte 0x5E,0x20,0x4D,0x89,0x5E,0x28,0x4D,0x8B,0x5E,0x18,0x4D,0x89,0x5E,0x20,0x4D,0x8B
	.byte 0x5E,0x10,0x4D,0x89,0x5E,0x18,0xB8,0x01,0x00,0x00,0x00,0xE9,0x04,0x00,0x00,0x00
	.byte 0x48,0x89,0xFA,0x90,0x48,0x39,0xC7,0x0F,0x8C,0x15,0x00,0x00,0x00,0x49,0x8B,0x46
	.byte 0x20,0x48,0x89,0xD7,0x4D,0x8B,0x5E,0x18,0x4D,0x89,0x5E,0x20,0xE9,0x5F,0x00,0x00
	.byte 0x00,0x90,0x31,0xFF,0x48,0x29,0xD7,0xB8,0x00,0x00,0x00,0x00,0x40,0x0F,0x90,0xC0
	.byte 0x48,0x89,0xD6,0x48,0x09,0xC2,0x48,0xF7,0xC2,0x01,0x00,0x00,0x00,0x0F,0x84,0x31
	.byte 0x00,0x00,0x00,0x31,0xFF,0x49,0x89,0x76,0x10,0x49,0x89,0x7E,0x08,0x41,0xBB,0x88
	.byte 0x07,0x00,0x00,0x4D,0x89,0x1E,0x48,0x8D,0x05,0x05,0x00,0x00,0x00,0xE9,0xA8,0xA3
	.byte 0xFE,0xFF,0x49,0x8B,0x46,0x20,0x4D,0x8B,0x5E,0x18,0x4D,0x89,0x5E,0x20,0xE9,0x0D
	.byte 0x00,0x00,0x00,0x90,0x49,0x8B,0x46,0x20,0x4D,0x8B,0x5E,0x18,0x4D,0x89,0x5E,0x20
	.byte 0x48,0x89,0xFE,0x48,0x89,0xC7,0x48,0x09,0xF0,0x48,0xA9,0x01,0x00,0x00,0x00,0x0F
	.byte 0x84,0x4D,0x00,0x00,0x00,0x49,0x89,0x76,0x18,0x49,0x89,0xF2,0x48,0x89,0xFE,0x4D
	.byte 0x8B,0x5E,0x20,0x4D,0x89,0x5E,0x10,0x49,0x89,0x7E,0x20,0x4C,0x89,0xD7,0x41,0xBB
	.byte 0x89,0x07,0x00,0x00,0x4D,0x89,0x1E,0x48,0x8D,0x05,0x06,0x00,0x00,0x00,0xE9,0xB7
	.byte 0xA3,0xFE,0xFF,0x90,0x48,0x89,0xF8,0x49,0x8B,0x7E,0x20,0x49,0x8B,0x76,0x18,0x4D
	.byte 0x8B,0x5E,0x10,0x4D,0x89,0x5E,0x20,0xBA,0x01,0x00,0x00,0x00,0xE9,0x07,0x00,0x00
	.byte 0x00,0x90,0x48,0x89,0xFA,0x48,0x89,0xF0,0x48,0x39,0xD0,0x0F,0x8D,0x11,0x00,0x00
	.byte 0x00,0x49,0x8B,0x46,0x30,0x49,0x8B,0x76,0x28,0x49,0x8B,0x56,0x20,0xE9,0xE8,0xFD
	.byte 0xFF,0xFF,0xBF,0x04,0x00,0x00,0x00,0x48,0x01,0xF7,0xB8,0x00,0x00,0x00,0x00,0x40
	.byte 0x0F,0x90,0xC0,0x48,0x89,0xF2,0x48,0x09,0xC2,0x48,0x83,0xCA,0x04,0x48,0xF7,0xC2
	.byte 0x01,0x00,0x00,0x00,0x0F,0x84,0x34,0x00,0x00,0x00,0xBF,0x04,0x00,0x00,0x00,0x49
	.byte 0x89,0x7E,0x10,0x49,0x89,0x76,0x18,0x41,0xBB,0x8A,0x07,0x00,0x00,0x4D,0x89,0x1E
	.byte 0x48,0x8D,0x05,0x05,0x00,0x00,0x00,0xE9,0xB6,0xA2,0xFE,0xFF,0x49,0x8B,0x46,0x30
	.byte 0x49,0x8B,0x76,0x28,0x49,0x8B,0x56,0x20,0xE9,0x0D,0x00,0x00,0x00,0x90,0x49,0x8B
	.byte 0x46,0x30,0x49,0x8B,0x76,0x28,0x49,0x8B,0x56,0x20,0xE9,0x7B,0xFD,0xFF,0xFF,0x90
	.byte 0xE9,0x01,0x00,0x00,0x00,0x90,0x49,0x83,0xEE,0x28,0x4D,0x39,0xEE,0x0F,0x82,0xD9
	.byte 0x95,0xFE,0xFF,0x90,0x31,0xD2,0x48,0xF7,0xC6,0x01,0x00,0x00,0x00,0x0F,0x84,0x37
	.byte 0x00,0x00,0x00,0x49,0x89,0x7E,0x10,0x48,0x89,0xD7,0x49,0x89,0x46,0x20,0x49,0x89
	.byte 0x76,0x18,0x49,0x89,0x56,0x08,0x41,0xBB,0x8B,0x07,0x00,0x00,0x4D,0x89,0x1E,0x48
	.byte 0x8D,0x05,0x06,0x00,0x00,0x00,0xE9,0xBF,0xA2,0xFE,0xFF,0x90,0xBE,0x01,0x00,0x00
	.byte 0x00,0x48,0x89,0xFA,0xE9,0x0D,0x00,0x00,0x00,0x90,0x49,0x89,0x46,0x20,0x49,0x89
	.byte 0x76,0x18,0x49,0x89,0x7E,0x10,0x48,0x39,0xF2,0x0F,0x8D,0x8F,0x00,0x00,0x00,0x49
	.byte 0x8B,0x45,0xD8,0x49,0x8B,0x7D,0xF8,0x48,0x29,0xF8,0x48,0x83,0xF8,0x18,0x0F,0x82
	.byte 0x12,0x00,0x00,0x00,0x49,0x8B,0x76,0x20,0x49,0x8B,0x56,0x18,0x49,0x8B,0x46,0x10
	.byte 0xE9,0x27,0x00,0x00,0x00,0x90,0xBF,0x18,0x00,0x00,0x00,0x41,0xBB,0x8C,0x07,0x00
	.byte 0x00,0x4D,0x89,0x1E,0x48,0x8D,0x05,0x05,0x00,0x00,0x00,0xE9,0x48,0x95,0xFE,0xFF
	.byte 0x49,0x8B,0x76,0x20,0x49,0x8B,0x56,0x18,0x49,0x8B,0x46,0x10,0x48,0x83,0xC0,0x04
	.byte 0x48,0xC1,0xE0,0x36,0x48,0xC1,0xE8,0x36,0x49,0x8B,0x7D,0xF8,0x48,0xB9,0x03,0x00
	.byte 0x00,0x00,0x02,0x00,0x00,0x00,0x48,0x89,0x0F,0x48,0x89,0x47,0x08,0x48,0x89,0x57
	.byte 0x10,0x48,0x89,0xF8,0x4C,0x29,0xE7,0x48,0xC1,0xE7,0x09,0x48,0x83,0xCF,0x05,0x48
	.byte 0x83,0xC0,0x18,0x49,0x89,0x45,0xF8,0x49,0x83,0xC6,0x28,0xFF,0xE6,0x90,0x31,0xFF
	.byte 0x4D,0x8B,0x56,0x18,0x4C,0x29,0xD7,0xB8,0x00,0x00,0x00,0x00,0x40,0x0F,0x90,0xC0
	.byte 0x49,0x8B,0x56,0x18,0x49,0x8B,0x76,0x18,0x48,0x09,0xC2,0x48,0xF7,0xC2,0x01,0x00
	.byte 0x00,0x00,0x0F,0x84,0x2A,0x00,0x00,0x00,0x31,0xFF,0x49,0x89,0x7E,0x08,0x49,0x89
	.byte 0x76,0x18,0x41,0xBB,0x8D,0x07,0x00,0x00,0x4D,0x89,0x1E,0x48,0x8D,0x05,0x06,0x00
	.byte 0x00,0x00,0xE9,0x53,0xA1,0xFE,0xFF,0x90,0x49,0x89,0x7E,0x18,0xE9,0x05,0x00,0x00
	.byte 0x00,0x90,0x49,0x89,0x7E,0x18,0x49,0x8B,0x45,0xD8,0x49,0x8B,0x7D,0xF8,0x48,0x29
	.byte 0xF8,0x48,0x83,0xF8,0x18,0x0F,0x82,0x11,0x00,0x00,0x00,0x49,0x8B,0x76,0x20,0x49
	.byte 0x8B,0x56,0x10,0x49,0x8B,0x7E,0x18,0xE9,0x36,0x00,0x00,0x00,0xBF,0x18,0x00,0x00
	.byte 0x00,0x4D,0x8B,0x56,0x10,0x4D,0x8B,0x5E,0x18,0x4D,0x89,0x5E,0x10,0x4D,0x89,0x56
	.byte 0x18,0x41,0xBB,0x8E,0x07,0x00,0x00,0x4D,0x89,0x1E,0x48,0x8D,0x05,0x05,0x00,0x00
	.byte 0x00,0xE9,0x52,0x94,0xFE,0xFF,0x49,0x8B,0x76,0x20,0x49,0x8B,0x56,0x18,0x49,0x8B
	.byte 0x7E,0x10,0x49,0x8B,0x45,0xF8,0x48,0xB9,0x03,0x00,0x00,0x00,0x02,0x00,0x00,0x00
	.byte 0x48,0x89,0x08,0x48,0x89,0x50,0x08,0x48,0x89,0x78,0x10,0x48,0x89,0xC7,0x4C,0x29
	.byte 0xE7,0x48,0xC1,0xE7,0x09,0x48,0x83,0xCF,0x05,0x48,0x83,0xC0,0x18,0x49,0x89,0x45
	.byte 0xF8,0x49,0x83,0xC6,0x28,0xFF,0xE6,0x90,0xE9,0x01,0x00,0x00,0x00,0x90,0x49,0x83
	.byte 0xEE,0x40,0x4D,0x39,0xEE,0x0F,0x82,0xF1,0x93,0xFE,0xFF,0x90,0x48,0x89,0xC3,0x49
	.byte 0x89,0xF9,0x48,0x83,0xF9,0x00,0x0F,0x85,0x0C,0x00,0x00,0x00,0xBF,0x02,0x00,0x00
	.byte 0x00,0x49,0x83,0xC6,0x40,0xFF,0xE3,0x90,0x48,0xBF,0xFC,0xFF,0xFF,0xFF,0xFF,0xFF
	.byte 0xFF,0xFF,0x48,0x01,0xCF,0xB8,0x00,0x00,0x00,0x00,0x40,0x0F,0x90,0xC0,0x49,0x89
	.byte 0xC8,0x48,0x09,0xC1,0x48,0x83,0xC9,0xFC,0x48,0xF7,0xC1,0x01,0x00,0x00,0x00,0x0F
	.byte 0x84,0x45,0x00,0x00,0x00,0x48,0xBF,0xFC,0xFF,0xFF,0xFF,0xFF,0xFF,0xFF,0xFF,0x49
	.byte 0x89,0x76,0x20,0x4C,0x89,0xC6,0x49,0x89,0x5E,0x30,0x4D,0x89,0x46,0x28,0x4D,0x89
	.byte 0x4E,0x18,0x49,0x89,0x56,0x38,0x49,0x89,0x7E,0x10,0x41,0xBB,0x8F,0x07,0x00,0x00
	.byte 0x4D,0x89,0x1E,0x48,0x8D,0x05,0x06,0x00,0x00,0x00,0xE9,0x13,0xA0,0xFE,0xFF,0x90
	.byte 0x49,0x8B,0x56,0x38,0xE9,0x0D,0x00,0x00,0x00,0x90,0x49,0x89,0x5E,0x30,0x49,0x89
	.byte 0x76,0x20,0x4D,0x89,0x4E,0x18,0x49,0x89,0x7E,0x28,0x48,0xD1,0xE7,0x4C,0x01,0xE7
	.byte 0x49,0x89,0x56,0x10,0x48,0xC1,0xEA,0x09,0x48,0x01,0xD7,0x48,0x8B,0x77,0x08,0x31
	.byte 0xC0,0x49,0x89,0x46,0x38,0x48,0xF7,0xC6,0x01,0x00,0x00,0x00,0x0F,0x84,0x4E,0x00
	.byte 0x00,0x00,0x31,0xFF,0x4D,0x8B,0x5E,0x38,0x4D,0x89,0x5E,0x08,0x4D,0x8B,0x5E,0x30
	.byte 0x4D,0x89,0x5E,0x38,0x4D,0x8B,0x5E,0x28,0x4D,0x89,0x5E,0x30,0x4D,0x8B,0x5E,0x20
	.byte 0x4D,0x89,0x5E,0x28,0x4D,0x8B,0x5E,0x18,0x4D,0x89,0x5E,0x20,0x49,0x89,0x76,0x18
	.byte 0x41,0xBB,0x90,0x07,0x00,0x00,0x4D,0x89,0x1E,0x48,0x8D,0x05,0x06,0x00,0x00,0x00
	.byte 0xE9,0x05,0xA0,0xFE,0xFF,0x90,0xBE,0x01,0x00,0x00,0x00,0xE9,0x28,0x00,0x00,0x00
	.byte 0x49,0x8B,0x7E,0x38,0x4D,0x8B,0x5E,0x30,0x4D,0x89,0x5E,0x38,0x4D,0x8B,0x5E,0x28
	.byte 0x4D,0x89,0x5E,0x30,0x4D,0x8B,0x5E,0x20,0x4D,0x89,0x5E,0x28,0x4D,0x8B,0x5E,0x18
	.byte 0x4D,0x89,0x5E,0x20,0x49,0x89,0x76,0x18,0x48,0x39,0xF7,0x0F,0x8C,0xFF,0x00,0x00
	.byte 0x00,0x31,0xFF,0x4D,0x8B,0x56,0x18,0x4C,0x29,0xD7,0xB8,0x00,0x00,0x00,0x00,0x40
	.byte 0x0F,0x90,0xC0,0x49,0x8B,0x56,0x18,0x49,0x8B,0x76,0x18,0x48,0x09,0xC2,0x48,0xF7
	.byte 0xC2,0x01,0x00,0x00,0x00,0x0F,0x84,0x31,0x00,0x00,0x00,0x31,0xFF,0x4D,0x8B,0x5E
	.byte 0x20,0x4D,0x89,0x5E,0x18,0x49,0x89,0x7E,0x08,0x49,0x89,0x76,0x20,0x41,0xBB,0x92
	.byte 0x07,0x00,0x00,0x4D,0x89,0x1E,0x48,0x8D,0x05,0x05,0x00,0x00,0x00,0xE9,0x08,0x9F
	.byte 0xFE,0xFF,0x49,0x89,0x7E,0x20,0xE9,0x0D,0x00,0x00,0x00,0x90,0x4D,0x8B,0x5E,0x20
	.byte 0x4D,0x89,0x5E,0x18,0x49,0x89,0x7E,0x20,0x49,0x8B,0x45,0xD8,0x49,0x8B,0x7D,0xF8
	.byte 0x48,0x29,0xF8,0x48,0x83,0xF8,0x18,0x0F,0x82,0x1D,0x00,0x00,0x00,0x49,0x8B,0x46
	.byte 0x38,0x49,0x8B,0x4E,0x30,0x49,0x8B,0x76,0x28,0x4D,0x8B,0x46,0x20,0x49,0x8B,0x7E
	.byte 0x18,0x49,0x8B,0x56,0x10,0xE9,0x32,0x00,0x00,0x00,0xBF,0x18,0x00,0x00,0x00,0x41
	.byte 0xBB,0x93,0x07,0x00,0x00,0x4D,0x89,0x1E,0x48,0x8D,0x05,0x05,0x00,0x00,0x00,0xE9
	.byte 0x04,0x92,0xFE,0xFF,0x49,0x8B,0x46,0x38,0x49,0x8B,0x4E,0x30,0x49,0x8B,0x76,0x28
	.byte 0x4D,0x8B,0x46,0x20,0x49,0x8B,0x7E,0x18,0x49,0x8B,0x56,0x10,0x4D,0x8B,0x4D,0xF8
	.byte 0x48,0xBB,0x03,0x00,0x00,0x00,0x02,0x00,0x00,0x00,0x49,0x89,0x19,0x49,0x89,0x79
	.byte 0x08,0x4D,0x89,0x41,0x10,0x4D,0x89,0xC8,0x4D,0x29,0xE0,0x49,0xC1,0xE0,0x09,0x49
	.byte 0x83,0xC8,0x05,0x49,0x83,0xC1,0x18,0x4D,0x89,0x4D,0xF8,0xE9,0xA2,0x00,0x00,0x00
	.byte 0x49,0x8B,0x45,0xD8,0x49,0x8B,0x7D,0xF8,0x48,0x29,0xF8,0x48,0x83,0xF8,0x18,0x0F
	.byte 0x82,0x1D,0x00,0x00,0x00,0x49,0x8B,0x46,0x38,0x49,0x8B,0x4E,0x30,0x49,0x8B,0x76
	.byte 0x28,0x4D,0x8B,0x4E,0x20,0x49,0x8B,0x5E,0x18,0x49,0x8B,0x56,0x10,0xE9,0x32,0x00
	.byte 0x00,0x00,0xBF,0x18,0x00,0x00,0x00,0x41,0xBB,0x91,0x07,0x00,0x00,0x4D,0x89,0x1E
	.byte 0x48,0x8D,0x05,0x05,0x00,0x00,0x00,0xE9,0x6C,0x91,0xFE,0xFF,0x49,0x8B,0x46,0x38
	.byte 0x49,0x8B,0x4E,0x30,0x49,0x8B,0x76,0x28,0x4D,0x8B,0x4E,0x20,0x49,0x8B,0x5E,0x18
	.byte 0x49,0x8B,0x56,0x10,0x4C,0x89,0xCF,0x49,0x83,0xC1,0x04,0x49,0xC1,0xE1,0x36,0x49
	.byte 0xC1,0xE9,0x36,0x4D,0x8B,0x45,0xF8,0x49,0xBF,0x03,0x00,0x00,0x00,0x02,0x00,0x00
	.byte 0x00,0x4D,0x89,0x38,0x4D,0x89,0x48,0x08,0x49,0x89,0x58,0x10,0x4D,0x89,0xC1,0x4D
	.byte 0x29,0xE0,0x49,0xC1,0xE0,0x09,0x49,0x83,0xC8,0x05,0x49,0x83,0xC1,0x18,0x4D,0x89
	.byte 0x4D,0xF8,0x4D,0x89,0xC1,0x49,0xC1,0xE9,0x09,0x4D,0x01,0xE1,0x49,0x8B,0x59,0x08
	.byte 0x49,0xC1,0xE8,0x09,0x4D,0x01,0xE0,0x4D,0x8B,0x40,0x10,0x49,0xC1,0xE8,0x02,0x4D
	.byte 0x01,0xE0,0x49,0x89,0xF1,0x49,0xC1,0xE9,0x09,0x4D,0x01,0xC8,0x49,0x83,0xC0,0x08
	.byte 0x48,0xC1,0xEB,0x02,0x41,0x88,0x18,0xE9,0xE0,0xFC,0xFF,0xFF,0xE9,0x01,0x00,0x00
	.byte 0x00,0x90,0x49,0x83,0xEE,0x20,0x4D,0x39,0xEE,0x0F,0x82,0xBD,0x90,0xFE,0xFF,0x90
	.byte 0x48,0xF7,0xC7,0x01,0x00,0x00,0x00,0x0F,0x84,0x1B,0x00,0x00,0x00,0x48,0x89,0xF9
	.byte 0x48,0xC1,0xE9,0x09,0x4C,0x01,0xE1,0x4C,0x8B,0x01,0x49,0xC1,0xE8,0x20,0x49,0xC1
	.byte 0xE0,0x02,0xE9,0x05,0x00,0x00,0x00,0x90,0x45,0x31,0xC0,0x90,0x31,0xC9,0x49,0x89
	.byte 0x76,0x10,0x48,0x89,0xFE,0x48,0x89,0xCF,0x49,0x89,0x56,0x08,0x4C,0x89,0xC2,0x49
	.byte 0x89,0x46,0x18,0x41,0xBB,0x94,0x07,0x00,0x00,0x4D,0x89,0x1E,0x48,0x8D,0x05,0x05
	.byte 0x00,0x00,0x00,0xE9,0xE4,0xF7,0xFF,0xFF,0x49,0x8B,0x46,0x18,0x49,0x8B,0x76,0x10
	.byte 0x49,0x8B,0x56,0x08,0x49,0x83,0xEE,0x10,0x4D,0x39,0xEE,0x0F,0x82,0x4B,0x90,0xFE
	.byte 0xFF,0xE9,0xCC,0xF3,0xFF,0xFF,0xE9,0x01,0x00,0x00,0x00,0x90,0x49,0x83,0xEE,0x28
	.byte 0x4D,0x39,0xEE,0x0F,0x82,0x33,0x90,0xFE,0xFF,0x90,0x48,0xF7,0xC7,0x01,0x00,0x00
	.byte 0x00,0x0F,0x84,0x1B,0x00,0x00,0x00,0x48,0x89,0xF9,0x48,0xC1,0xE9,0x09,0x4C,0x01
	.byte 0xE1,0x4C,0x8B,0x01,0x49,0xC1,0xE8,0x20,0x49,0xC1,0xE0,0x02,0xE9,0x05,0x00,0x00
	.byte 0x00,0x90,0x45,0x31,0xC0,0x90,0x31,0xC9,0x49,0x89,0x76,0x18,0x48,0x89,0xFE,0x49
	.byte 0x89,0x7E,0x10,0x48,0x89,0xCF,0x49,0x89,0x56,0x08,0x4C,0x89,0xC2,0x49,0x89,0x46
	.byte 0x20,0x41,0xBB,0x95,0x07,0x00,0x00,0x4D,0x89,0x1E,0x48,0x8D,0x05,0x05,0x00,0x00
	.byte 0x00,0xE9,0x56,0xF7,0xFF,0xFF,0x49,0x8B,0x76,0x18,0x4D,0x8B,0x5E,0x10,0x4D,0x89
	.byte 0x5E,0x18,0x49,0x8B,0x56,0x08,0x41,0xBB,0x96,0x07,0x00,0x00,0x4D,0x89,0x1E,0x48
	.byte 0x8D,0x05,0x06,0x00,0x00,0x00,0xE9,0x29,0xF3,0xFF,0xFF,0x90,0x49,0x8B,0x56,0x18
	.byte 0x48,0x89,0xF8,0x48,0xC1,0xEF,0x09,0x4C,0x01,0xE7,0x48,0x8B,0x77,0x08,0x48,0xC1
	.byte 0xE8,0x09,0x4C,0x01,0xE0,0x48,0x8B,0x78,0x10,0x48,0xF7,0xC2,0x01,0x00,0x00,0x00
	.byte 0x0F,0x84,0x1A,0x00,0x00,0x00,0x48,0x89,0xD0,0x48,0xC1,0xE8,0x09,0x4C,0x01,0xE0
	.byte 0x48,0x8B,0x08,0x48,0xC1,0xE9,0x20,0x48,0xC1,0xE1,0x02,0xE9,0x02,0x00,0x00,0x00
	.byte 0x31,0xC9,0x49,0x89,0x76,0x18,0x49,0x89,0x7E,0x10,0x41,0xBB,0x97,0x07,0x00,0x00
	.byte 0x4D,0x89,0x1E,0x48,0x8D,0x05,0x06,0x00,0x00,0x00,0xE9,0x4F,0xFB,0xFF,0xFF,0x90
	.byte 0x49,0x8B,0x45,0xD8,0x49,0x8B,0x7D,0xF8,0x48,0x29,0xF8,0x48,0x83,0xF8,0x18,0x0F
	.byte 0x82,0x11,0x00,0x00,0x00,0x49,0x8B,0x76,0x20,0x49,0x8B,0x56,0x18,0x49,0x8B,0x7E
	.byte 0x10,0xE9,0x26,0x00,0x00,0x00,0xBF,0x18,0x00,0x00,0x00,0x41,0xBB,0x98,0x07,0x00
	.byte 0x00,0x4D,0x89,0x1E,0x48,0x8D,0x05,0x05,0x00,0x00,0x00,0xE9,0x18,0x8F,0xFE,0xFF
	.byte 0x49,0x8B,0x76,0x20,0x49,0x8B,0x56,0x18,0x49,0x8B,0x7E,0x10,0x49,0x8B,0x45,0xF8
	.byte 0x48,0xB9,0x03,0x00,0x00,0x00,0x02,0x00,0x00,0x00,0x48,0x89,0x08,0x48,0x89,0x50
	.byte 0x08,0x48,0x89,0x78,0x10,0x48,0x89,0xC7,0x4C,0x29,0xE7,0x48,0xC1,0xE7,0x09,0x48
	.byte 0x83,0xCF,0x05,0x48,0x83,0xC0,0x18,0x49,0x89,0x45,0xF8,0x49,0x83,0xC6,0x28,0xFF
	.byte 0xE6,0x90,0xE9,0x01,0x00,0x00,0x00,0x90,0x49,0x83,0xEE,0x40,0x4D,0x39,0xEE,0x0F
	.byte 0x82,0xB7,0x8E,0xFE,0xFF,0x90,0x49,0x89,0xC1,0x48,0x89,0xC8,0x4C,0x89,0xC3,0x49
	.byte 0x89,0xC8,0x48,0x89,0xD1,0x48,0x89,0xF2,0x48,0xC1,0xE8,0x09,0x4C,0x01,0xE0,0x48
	.byte 0x8B,0x00,0x48,0xC1,0xE8,0x20,0x48,0xC1,0xE0,0x02,0x48,0x89,0xC6,0x48,0x09,0xF8
	.byte 0x48,0xA9,0x01,0x00,0x00,0x00,0x0F,0x84,0x54,0x00,0x00,0x00,0x4D,0x89,0x4E,0x30
	.byte 0x4D,0x89,0x46,0x38,0x49,0x89,0x56,0x28,0x49,0x89,0x76,0x08,0x49,0x89,0x7E,0x20
	.byte 0x49,0x89,0x5E,0x18,0x49,0x89,0x4E,0x10,0x41,0xBB,0x99,0x07,0x00,0x00,0x4D,0x89
	.byte 0x1E,0x48,0x8D,0x05,0x06,0x00,0x00,0x00,0xE9,0x6D,0x9B,0xFE,0xFF,0x90,0x4D,0x8B
	.byte 0x46,0x38,0x49,0x8B,0x56,0x28,0x49,0x8B,0x46,0x20,0x4D,0x8B,0x5E,0x18,0x4D,0x89
	.byte 0x5E,0x28,0x49,0x8B,0x4E,0x10,0xBE,0x01,0x00,0x00,0x00,0xE9,0x0C,0x00,0x00,0x00
	.byte 0x4D,0x89,0x4E,0x30,0x48,0x89,0xF8,0x49,0x89,0x5E,0x28,0x90,0x48,0x39,0xF7,0x0F
	.byte 0x8D,0xE5,0x05,0x00,0x00,0x48,0x89,0xC7,0x48,0xD1,0xE0,0x4C,0x01,0xE0,0x49,0xC1
	.byte 0xE8,0x09,0x4C,0x01,0xC0,0x48,0x8B,0x40,0x08,0x48,0x83,0xF8,0x02,0x0F,0x85,0x79
	.byte 0x05,0x00,0x00,0xBE,0xF8,0x01,0x00,0x00,0x41,0xBB,0x9A,0x07,0x00,0x00,0x4D,0x89
	.byte 0x1E,0x48,0x8D,0x05,0x06,0x00,0x00,0x00,0xE9,0xE3,0xCD,0xFF,0xFF,0x90,0x48,0x89
	.byte 0xF9,0x49,0x8B,0x45,0xD8,0x49,0x8B,0x7D,0xF8,0x48,0x29,0xF8,0x48,0x3D,0x88,0x00
	.byte 0x00,0x00,0x0F,0x83,0x22,0x00,0x00,0x00,0xBF,0x88,0x00,0x00,0x00,0x49,0x89,0x4E
	.byte 0x38,0x41,0xBB,0x9B,0x07,0x00,0x00,0x4D,0x89,0x1E,0x48,0x8D,0x05,0x05,0x00,0x00
	.byte 0x00,0xE9,0xB2,0x8D,0xFE,0xFF,0x49,0x8B,0x4E,0x38,0x49,0x8B,0x55,0xF8,0x48,0x89
	.byte 0xD6,0x4C,0x29,0xE2,0x48,0xC1,0xE2,0x09,0xBF,0x9B,0x07,0x00,0x00,0x48,0x8D,0x05
	.byte 0x06,0x00,0x00,0x00,0xE9,0x45,0x91,0xFE,0xFF,0x90,0x48,0x83,0xC2,0x01,0xB8,0x02
	.byte 0x00,0x00,0x00,0x48,0xBF,0x03,0x00,0x00,0x00,0x02,0x00,0x00,0x00,0x48,0x89,0x3E
	.byte 0x48,0x89,0x4E,0x08,0x48,0x89,0x46,0x10,0x48,0x89,0xF7,0x4C,0x29,0xE6,0x48,0xC1
	.byte 0xE6,0x09,0x48,0x83,0xCE,0x05,0x48,0x83,0xC7,0x18,0x48,0xB8,0x03,0x00,0x00,0x00
	.byte 0x02,0x00,0x00,0x00,0x48,0x89,0x07,0x48,0x89,0x57,0x08,0x48,0x89,0x77,0x10,0x48
	.byte 0x89,0xF8,0x4C,0x29,0xE7,0x48,0xC1,0xE7,0x09,0x48,0x83,0xCF,0x05,0x48,0x83,0xC0
	.byte 0x18,0x49,0x89,0x45,0xF8,0x31,0xF6,0x49,0x89,0x7E,0x38,0x49,0x89,0x76,0x18,0x49
	.byte 0x89,0x76,0x20,0x41,0xBB,0xA3,0x07,0x00,0x00,0x4D,0x89,0x1E,0x48,0x8D,0x05,0x05
	.byte 0x00,0x00,0x00,0xE9,0x10,0xC9,0xFE,0xFF,0x31,0xF6,0x48,0x89,0xF2,0x49,0x89,0x7E
	.byte 0x18,0x49,0x89,0x76,0x10,0x41,0xBB,0xA4,0x07,0x00,0x00,0x4D,0x89,0x1E,0x48,0x8D
	.byte 0x05,0x05,0x00,0x00,0x00,0xE9,0xF6,0x92,0xFE,0xFF,0x49,0x8B,0x46,0x38,0x4D,0x8B
	.byte 0x5E,0x28,0x4D,0x89,0x5E,0x38,0x31,0xF6,0x48,0x89,0xFA,0x48,0x89,0xC7,0x41,0xBB
	.byte 0xA5,0x07,0x00,0x00,0x4D,0x89,0x1E,0x48,0x8D,0x05,0x06,0x00,0x00,0x00,0xE9,0x95
	.byte 0xC9,0xFE,0xFF,0x90,0x49,0x8B,0x45,0xD8,0x49,0x8B,0x75,0xF8,0x48,0x29,0xF0,0x48
	.byte 0x83,0xF8,0x20,0x0F,0x82,0x0D,0x00,0x00,0x00,0x49,0x89,0x7E,0x28,0x49,0x8B,0x4E
	.byte 0x38,0xE9,0x26,0x00,0x00,0x00,0xB8,0x20,0x00,0x00,0x00,0x49,0x89,0x7E,0x28,0x48
	.byte 0x89,0xC7,0x41,0xBB,0xA6,0x07,0x00,0x00,0x4D,0x89,0x1E,0x48,0x8D,0x05,0x06,0x00
	.byte 0x00,0x00,0xE9,0x81,0x8C,0xFE,0xFF,0x90,0x49,0x8B,0x4E,0x38,0x49,0x8B,0x55,0xF8
	.byte 0x48,0x89,0xD6,0x4C,0x29,0xE2,0x48,0xC1,0xE2,0x09,0xBF,0xA6,0x07,0x00,0x00,0x48
	.byte 0x8D,0x05,0x06,0x00,0x00,0x00,0xE9,0x13,0x90,0xFE,0xFF,0x90,0x49,0x89,0x75,0xF8
	.byte 0x48,0x83,0xC2,0x01,0xBE,0xF8,0x01,0x00,0x00,0x48,0x89,0xCF,0x49,0x89,0x56,0x38
	.byte 0x41,0xBB,0xAB,0x07,0x00,0x00,0x4D,0x89,0x1E,0x48,0x8D,0x05,0x06,0x00,0x00,0x00
	.byte 0xE9,0x2B,0xCC,0xFF,0xFF,0x90,0x48,0x89,0xF9,0x49,0x8B,0x45,0xD8,0x49,0x8B,0x7D
	.byte 0xF8,0x48,0x29,0xF8,0x48,0x83,0xF8,0x70,0x0F,0x83,0x22,0x00,0x00,0x00,0xBF,0x70
	.byte 0x00,0x00,0x00,0x49,0x89,0x4E,0x20,0x41,0xBB,0xAC,0x07,0x00,0x00,0x4D,0x89,0x1E
	.byte 0x48,0x8D,0x05,0x05,0x00,0x00,0x00,0xE9,0xFC,0x8B,0xFE,0xFF,0x49,0x8B,0x4E,0x20
	.byte 0x49,0x8B,0x55,0xF8,0x48,0x89,0xD6,0x4C,0x29,0xE2,0x48,0xC1,0xE2,0x09,0xBF,0xAC
	.byte 0x07,0x00,0x00,0x48,0x8D,0x05,0x06,0x00,0x00,0x00,0xE9,0x8F,0x8F,0xFE,0xFF,0x90
	.byte 0x48,0x83,0xC2,0x01,0xB8,0x02,0x00,0x00,0x00,0x48,0xBF,0x03,0x00,0x00,0x00,0x02
	.byte 0x00,0x00,0x00,0x48,0x89,0x3E,0x48,0x89,0x4E,0x08,0x48,0x89,0x46,0x10,0x48,0x89
	.byte 0xF7,0x4C,0x29,0xE6,0x48,0xC1,0xE6,0x09,0x48,0x83,0xCE,0x05,0x48,0x83,0xC7,0x18
	.byte 0x48,0xB8,0x03,0x00,0x00,0x00,0x02,0x00,0x00,0x00,0x48,0x89,0x07,0x48,0x89,0x57
	.byte 0x08,0x48,0x89,0x77,0x10,0x48,0x89,0xF8,0x4C,0x29,0xE7,0x48,0xC1,0xE7,0x09,0x48
	.byte 0x83,0xCF,0x05,0x48,0x83,0xC0,0x18,0x49,0x89,0x45,0xF8,0x31,0xF6,0x49,0x89,0x76
	.byte 0x18,0x49,0x89,0x7E,0x20,0x49,0x89,0x76,0x10,0x41,0xBB,0xB3,0x07,0x00,0x00,0x4D
	.byte 0x89,0x1E,0x48,0x8D,0x05,0x05,0x00,0x00,0x00,0xE9,0x5A,0xC7,0xFE,0xFF,0x31,0xF6
	.byte 0x48,0x89,0xF2,0x49,0x89,0x7E,0x08,0x49,0x89,0x76,0x10,0x41,0xBB,0xB4,0x07,0x00
	.byte 0x00,0x4D,0x89,0x1E,0x48,0x8D,0x05,0x05,0x00,0x00,0x00,0xE9,0x40,0x91,0xFE,0xFF
	.byte 0x49,0x8B,0x46,0x20,0x31,0xF6,0x48,0x89,0xFA,0x48,0x89,0xC7,0x41,0xBB,0xB5,0x07
	.byte 0x00,0x00,0x4D,0x89,0x1E,0x48,0x8D,0x05,0x06,0x00,0x00,0x00,0xE9,0xE7,0xC7,0xFE
	.byte 0xFF,0x90,0x49,0x8B,0x45,0xD8,0x49,0x8B,0x75,0xF8,0x48,0x29,0xF0,0x48,0x83,0xF8
	.byte 0x30,0x0F,0x82,0x09,0x00,0x00,0x00,0x49,0x8B,0x56,0x38,0xE9,0x2A,0x00,0x00,0x00
	.byte 0xB8,0x30,0x00,0x00,0x00,0x49,0x89,0x7E,0x20,0x48,0x89,0xC7,0x41,0xBB,0xB6,0x07
	.byte 0x00,0x00,0x4D,0x89,0x1E,0x48,0x8D,0x05,0x06,0x00,0x00,0x00,0xE9,0xD7,0x8A,0xFE
	.byte 0xFF,0x90,0x49,0x8B,0x56,0x38,0x49,0x8B,0x7E,0x20,0xBE,0x02,0x00,0x00,0x00,0x49
	.byte 0x8B,0x45,0xF8,0x48,0xB9,0x03,0x00,0x00,0x00,0x02,0x00,0x00,0x00,0x48,0x89,0x08
	.byte 0x48,0x89,0x50,0x08,0x48,0x89,0x70,0x10,0x48,0x89,0xC6,0x4C,0x29,0xE0,0x48,0xC1
	.byte 0xE0,0x09,0x48,0x83,0xC8,0x05,0x48,0x83,0xC6,0x18,0x48,0xBA,0x03,0x00,0x00,0x00
	.byte 0x02,0x00,0x00,0x00,0x48,0x89,0x16,0x48,0x89,0x7E,0x08,0x48,0x89,0x46,0x10,0x48
	.byte 0x89,0xF0,0x4C,0x29,0xE6,0x48,0xC1,0xE6,0x09,0x48,0x89,0xF7,0x48,0x83,0xCF,0x05
	.byte 0x48,0x83,0xC0,0x18,0x49,0x89,0x45,0xF8,0x31,0xF6,0x49,0x89,0x76,0x20,0x49,0x89
	.byte 0x7E,0x38,0x49,0x89,0x76,0x10,0x41,0xBB,0xB7,0x07,0x00,0x00,0x4D,0x89,0x1E,0x48
	.byte 0x8D,0x05,0x06,0x00,0x00,0x00,0xE9,0x4D,0xC6,0xFE,0xFF,0x90,0x31,0xF6,0x48,0x89
	.byte 0xF2,0x49,0x89,0x76,0x18,0x49,0x89,0x7E,0x20,0x41,0xBB,0xB8,0x07,0x00,0x00,0x4D
	.byte 0x89,0x1E,0x48,0x8D,0x05,0x05,0x00,0x00,0x00,0xE9,0x32,0x90,0xFE,0xFF,0x49,0x8B
	.byte 0x46,0x38,0x31,0xF6,0x48,0x89,0xFA,0x48,0x89,0xC7,0x41,0xBB,0xB9,0x07,0x00,0x00
	.byte 0x4D,0x89,0x1E,0x48,0x8D,0x05,0x06,0x00,0x00,0x00,0xE9,0xD9,0xC6,0xFE,0xFF,0x90
	.byte 0x49,0x8B,0x45,0xD8,0x49,0x8B,0x75,0xF8,0x48,0x29,0xF0,0x48,0x83,0xF8,0x30,0x0F
	.byte 0x82,0x09,0x00,0x00,0x00,0x49,0x8B,0x56,0x28,0xE9,0x2A,0x00,0x00,0x00,0xB8,0x30
	.byte 0x00,0x00,0x00,0x49,0x89,0x7E,0x38,0x48,0x89,0xC7,0x41,0xBB,0xBA,0x07,0x00,0x00
	.byte 0x4D,0x89,0x1E,0x48,0x8D,0x05,0x06,0x00,0x00,0x00,0xE9,0xC9,0x89,0xFE,0xFF,0x90
	.byte 0x49,0x8B,0x7E,0x38,0x49,0x8B,0x56,0x28,0xBE,0x02,0x00,0x00,0x00,0x49,0x8B,0x45
	.byte 0xF8,0x48,0xB9,0x03,0x00,0x00,0x00,0x02,0x00,0x00,0x00,0x48,0x89,0x08,0x48,0x89
	.byte 0x50,0x08,0x48,0x89,0x70,0x10,0x48,0x89,0xC6,0x4C,0x29,0xE0,0x48,0xC1,0xE0,0x09
	.byte 0x48,0x83,0xC8,0x05,0x48,0x83,0xC6,0x18,0x48,0xBA,0x03,0x00,0x00,0x00,0x02,0x00
	.byte 0x00,0x00,0x48,0x89,0x16,0x48,0x89,0x7E,0x08,0x48,0x89,0x46,0x10,0x48,0x89,0xF0
	.byte 0x4C,0x29,0xE6,0x48,0xC1,0xE6,0x09,0x48,0x89,0xF7,0x48,0x83,0xCF,0x05,0x48,0x83
	.byte 0xC0,0x18,0x49,0x89,0x45,0xF8,0x31,0xF6,0x49,0x89,0x76,0x20,0x49,0x89,0x76,0x28
	.byte 0x49,0x89,0x7E,0x38,0x41,0xBB,0xBB,0x07,0x00,0x00,0x4D,0x89,0x1E,0x48,0x8D,0x05
	.byte 0x06,0x00,0x00,0x00,0xE9,0x3F,0xC5,0xFE,0xFF,0x90,0x31,0xF6,0x48,0x89,0xF2,0x49
	.byte 0x89,0x76,0x18,0x49,0x89,0x7E,0x28,0x41,0xBB,0xBC,0x07,0x00,0x00,0x4D,0x89,0x1E
	.byte 0x48,0x8D,0x05,0x05,0x00,0x00,0x00,0xE9,0x24,0x8F,0xFE,0xFF,0x49,0x8B,0x46,0x38
	.byte 0x31,0xF6,0x48,0x89,0xFA,0x48,0x89,0xC7,0x41,0xBB,0xBD,0x07,0x00,0x00,0x4D,0x89
	.byte 0x1E,0x48,0x8D,0x05,0x06,0x00,0x00,0x00,0xE9,0xCB,0xC5,0xFE,0xFF,0x90,0x48,0x89
	.byte 0xF8,0x49,0x8B,0x7D,0xD8,0x49,0x8B,0x75,0xF8,0x48,0x29,0xF7,0x48,0x83,0xFF,0x10
	.byte 0x0F,0x83,0x22,0x00,0x00,0x00,0xBF,0x10,0x00,0x00,0x00,0x49,0x89,0x46,0x38,0x41
	.byte 0xBB,0xBE,0x07,0x00,0x00,0x4D,0x89,0x1E,0x48,0x8D,0x05,0x05,0x00,0x00,0x00,0xE9
	.byte 0xC4,0x88,0xFE,0xFF,0x49,0x8B,0x46,0x38,0x49,0x8B,0x7D,0xF8,0x48,0xBE,0x93,0x00
	.byte 0x00,0x00,0x01,0x00,0x00,0x00,0x48,0x89,0x37,0x48,0x89,0x47,0x08,0x48,0x89,0xF8
	.byte 0x4C,0x29,0xE7,0x48,0xC1,0xE7,0x09,0x48,0x81,0xCF,0x23,0x01,0x00,0x00,0x48,0x83
	.byte 0xC0,0x10,0x49,0x89,0x45,0xF8,0xE9,0x21,0x8C,0xFE,0xFF,0x90,0x48,0xC1,0xE8,0x09
	.byte 0x4C,0x01,0xE0,0x48,0x8B,0x70,0x08,0x48,0xF7,0xC6,0x01,0x00,0x00,0x00,0x0F,0x84
	.byte 0x1A,0x00,0x00,0x00,0x48,0x89,0xF0,0x48,0xC1,0xE8,0x09,0x4C,0x01,0xE0,0x48,0x8B
	.byte 0x38,0x48,0xC1,0xEF,0x20,0x48,0xC1,0xE7,0x02,0xE9,0x02,0x00,0x00,0x00,0x31,0xFF
	.byte 0x49,0x8B,0x46,0x30,0x4D,0x8B,0x46,0x28,0x49,0x83,0xEE,0x08,0x4D,0x39,0xEE,0x0F
	.byte 0x82,0x37,0x88,0xFE,0xFF,0xE9,0xD0,0xDE,0xFF,0xFF,0xBE,0xF8,0x01,0x00,0x00,0x48
	.byte 0x89,0xC7,0x4D,0x8B,0x5E,0x28,0x4D,0x89,0x5E,0x38,0x41,0xBB,0xBF,0x07,0x00,0x00
	.byte 0x4D,0x89,0x1E,0x48,0x8D,0x05,0x06,0x00,0x00,0x00,0xE9,0x11,0xC8,0xFF,0xFF,0x90
	.byte 0x48,0x89,0xF9,0x49,0x8B,0x45,0xD8,0x49,0x8B,0x7D,0xF8,0x48,0x29,0xF8,0x48,0x83
	.byte 0xF8,0x68,0x0F,0x83,0x32,0x00,0x00,0x00,0xBF,0x68,0x00,0x00,0x00,0x4D,0x8B,0x5E
	.byte 0x38,0x4D,0x89,0x5E,0x28,0x49,0x89,0x4E,0x38,0x41,0xBB,0xC0,0x07,0x00,0x00,0x4D
	.byte 0x89,0x1E,0x48,0x8D,0x05,0x05,0x00,0x00,0x00,0xE9,0xDA,0x87,0xFE,0xFF,0x49,0x8B
	.byte 0x4E,0x38,0x4D,0x8B,0x5E,0x28,0x4D,0x89,0x5E,0x38,0x49,0x8B,0x75,0xF8,0x48,0x89
	.byte 0xF2,0x4C,0x29,0xE2,0x48,0xC1,0xE2,0x09,0xBF,0xC0,0x07,0x00,0x00,0x48,0x8D,0x05
	.byte 0x06,0x00,0x00,0x00,0xE9,0x65,0x8B,0xFE,0xFF,0x90,0x48,0x83,0xC2,0x01,0xB8,0x02
	.byte 0x00,0x00,0x00,0x48,0xBF,0x03,0x00,0x00,0x00,0x02,0x00,0x00,0x00,0x48,0x89,0x3E
	.byte 0x48,0x89,0x4E,0x08,0x48,0x89,0x46,0x10,0x48,0x89,0xF0,0x4C,0x29,0xE0,0x48,0xC1
	.byte 0xE0,0x09,0x48,0x83,0xC8,0x05,0x48,0x83,0xC6,0x18,0x48,0xBF,0x03,0x00,0x00,0x00
	.byte 0x02,0x00,0x00,0x00,0x48,0x89,0x3E,0x48,0x89,0x56,0x08,0x48,0x89,0x46,0x10,0x48
	.byte 0x89,0xF7,0x4C,0x29,0xE7,0x48,0xC1,0xE7,0x09,0x48,0x83,0xCF,0x05,0x48,0x83,0xC6
	.byte 0x18,0x49,0x89,0x75,0xF8,0x31,0xF6,0x49,0x89,0x76,0x10,0x49,0x89,0x7E,0x28,0x49
	.byte 0x89,0x76,0x20,0x41,0xBB,0xC6,0x07,0x00,0x00,0x4D,0x89,0x1E,0x48,0x8D,0x05,0x05
	.byte 0x00,0x00,0x00,0xE9,0x30,0xC3,0xFE,0xFF,0x31,0xD2,0x48,0x89,0xD6,0x49,0x89,0x7E
	.byte 0x20,0x49,0x89,0x56,0x18,0x41,0xBB,0xC7,0x07,0x00,0x00,0x4D,0x89,0x1E,0x48,0x8D
	.byte 0x05,0x05,0x00,0x00,0x00,0xE9,0x16,0x8D,0xFE,0xFF,0x48,0x89,0xFA,0x49,0x8B,0x7E
	.byte 0x28,0x31,0xF6,0x41,0xBB,0xC8,0x07,0x00,0x00,0x4D,0x89,0x1E,0x48,0x8D,0x05,0x05
	.byte 0x00,0x00,0x00,0xE9,0xC0,0xC3,0xFE,0xFF,0x48,0x89,0xF8,0x49,0x8B,0x7D,0xD8,0x49
	.byte 0x8B,0x75,0xF8,0x48,0x29,0xF7,0x48,0x83,0xFF,0x20,0x0F,0x82,0x0E,0x00,0x00,0x00
	.byte 0x49,0x8B,0x4E,0x38,0x49,0x89,0x46,0x28,0xE9,0x23,0x00,0x00,0x00,0x90,0xBF,0x20
	.byte 0x00,0x00,0x00,0x49,0x89,0x46,0x28,0x41,0xBB,0xC9,0x07,0x00,0x00,0x4D,0x89,0x1E
	.byte 0x48,0x8D,0x05,0x05,0x00,0x00,0x00,0xE9,0xAC,0x86,0xFE,0xFF,0x49,0x8B,0x4E,0x38
	.byte 0x49,0x8B,0x75,0xF8,0x48,0x89,0xF2,0x4C,0x29,0xE2,0x48,0xC1,0xE2,0x09,0xBF,0xC9
	.byte 0x07,0x00,0x00,0x48,0x8D,0x05,0x06,0x00,0x00,0x00,0xE9,0x3F,0x8A,0xFE,0xFF,0x90
	.byte 0x49,0x89,0x75,0xF8,0x48,0x83,0xC2,0x01,0xBE,0xF8,0x01,0x00,0x00,0x48,0x89,0xCF
	.byte 0x49,0x89,0x56,0x20,0x41,0xBB,0xCE,0x07,0x00,0x00,0x4D,0x89,0x1E,0x48,0x8D,0x05
	.byte 0x06,0x00,0x00,0x00,0xE9,0x57,0xC6,0xFF,0xFF,0x90,0x48,0x89,0xF9,0x49,0x8B,0x45
	.byte 0xD8,0x49,0x8B,0x7D,0xF8,0x48,0x29,0xF8,0x48,0x83,0xF8,0x70,0x0F,0x83,0x22,0x00
	.byte 0x00,0x00,0xBF,0x70,0x00,0x00,0x00,0x49,0x89,0x4E,0x38,0x41,0xBB,0xCF,0x07,0x00
	.byte 0x00,0x4D,0x89,0x1E,0x48,0x8D,0x05,0x05,0x00,0x00,0x00,0xE9,0x28,0x86,0xFE,0xFF
	.byte 0x49,0x8B,0x4E,0x38,0x49,0x8B,0x75,0xF8,0x48,0x89,0xF2,0x4C,0x29,0xE2,0x48,0xC1
	.byte 0xE2,0x09,0xBF,0xCF,0x07,0x00,0x00,0x48,0x8D,0x05,0x06,0x00,0x00,0x00,0xE9,0xBB
	.byte 0x89,0xFE,0xFF,0x90,0x48,0x83,0xC2,0x01,0xB8,0x02,0x00,0x00,0x00,0x48,0xBF,0x03
	.byte 0x00,0x00,0x00,0x02,0x00,0x00,0x00,0x48,0x89,0x3E,0x48,0x89,0x4E,0x08,0x48,0x89
	.byte 0x46,0x10,0x48,0x89,0xF0,0x4C,0x29,0xE0,0x48,0xC1,0xE0,0x09,0x48,0x83,0xC8,0x05
	.byte 0x48,0x83,0xC6,0x18,0x48,0xBF,0x03,0x00,0x00,0x00,0x02,0x00,0x00,0x00,0x48,0x89
	.byte 0x3E,0x48,0x89,0x56,0x08,0x48,0x89,0x46,0x10,0x48,0x89,0xF7,0x4C,0x29,0xE7,0x48
	.byte 0xC1,0xE7,0x09,0x48,0x83,0xCF,0x05,0x48,0x83,0xC6,0x18,0x49,0x89,0x75,0xF8,0x31
	.byte 0xF6,0x49,0x89,0x76,0x18,0x49,0x89,0x7E,0x38,0x49,0x89,0x76,0x08,0x41,0xBB,0xD6
	.byte 0x07,0x00,0x00,0x4D,0x89,0x1E,0x48,0x8D,0x05,0x05,0x00,0x00,0x00,0xE9,0x86,0xC1
	.byte 0xFE,0xFF,0x31,0xD2,0x48,0x89,0xD6,0x49,0x89,0x56,0x18,0x49,0x89,0x7E,0x10,0x41
	.byte 0xBB,0xD7,0x07,0x00,0x00,0x4D,0x89,0x1E,0x48,0x8D,0x05,0x05,0x00,0x00,0x00,0xE9
	.byte 0x6C,0x8B,0xFE,0xFF,0x48,0x89,0xFA,0x49,0x8B,0x7E,0x38,0x31,0xF6,0x41,0xBB,0xD8
	.byte 0x07,0x00,0x00,0x4D,0x89,0x1E,0x48,0x8D,0x05,0x05,0x00,0x00,0x00,0xE9,0x16,0xC2
	.byte 0xFE,0xFF,0x49,0x8B,0x45,0xD8,0x49,0x8B,0x75,0xF8,0x48,0x29,0xF0,0x48,0x83,0xF8
	.byte 0x30,0x0F,0x82,0x09,0x00,0x00,0x00,0x49,0x8B,0x56,0x20,0xE9,0x2A,0x00,0x00,0x00
	.byte 0xB8,0x30,0x00,0x00,0x00,0x49,0x89,0x7E,0x38,0x48,0x89,0xC7,0x41,0xBB,0xD9,0x07
	.byte 0x00,0x00,0x4D,0x89,0x1E,0x48,0x8D,0x05,0x06,0x00,0x00,0x00,0xE9,0x07,0x85,0xFE
	.byte 0xFF,0x90,0x49,0x8B,0x7E,0x38,0x49,0x8B,0x56,0x20,0xBE,0x02,0x00,0x00,0x00,0x49
	.byte 0x8B,0x45,0xF8,0x48,0xB9,0x03,0x00,0x00,0x00,0x02,0x00,0x00,0x00,0x48,0x89,0x08
	.byte 0x48,0x89,0x50,0x08,0x48,0x89,0x70,0x10,0x48,0x89,0xC6,0x4C,0x29,0xE6,0x48,0xC1
	.byte 0xE6,0x09,0x48,0x83,0xCE,0x05,0x48,0x83,0xC0,0x18,0x48,0xBA,0x03,0x00,0x00,0x00
	.byte 0x02,0x00,0x00,0x00,0x48,0x89,0x10,0x48,0x89,0x78,0x08,0x48,0x89,0x70,0x10,0x48
	.byte 0x89,0xC7,0x4C,0x29,0xE7,0x48,0xC1,0xE7,0x09,0x48,0x83,0xCF,0x05,0x48,0x83,0xC0
	.byte 0x18,0x49,0x89,0x45,0xF8,0x31,0xF6,0x49,0x89,0x76,0x10,0x49,0x89,0x76,0x20,0x49
	.byte 0x89,0x7E,0x38,0x41,0xBB,0xDA,0x07,0x00,0x00,0x4D,0x89,0x1E,0x48,0x8D,0x05,0x05
	.byte 0x00,0x00,0x00,0xE9,0x80,0xC0,0xFE,0xFF,0x31,0xD2,0x48,0x89,0xD6,0x49,0x89,0x56
	.byte 0x18,0x49,0x89,0x7E,0x20,0x41,0xBB,0xDB,0x07,0x00,0x00,0x4D,0x89,0x1E,0x48,0x8D
	.byte 0x05,0x05,0x00,0x00,0x00,0xE9,0x66,0x8A,0xFE,0xFF,0x48,0x89,0xFA,0x49,0x8B,0x7E
	.byte 0x38,0x31,0xF6,0x41,0xBB,0xDC,0x07,0x00,0x00,0x4D,0x89,0x1E,0x48,0x8D,0x05,0x05
	.byte 0x00,0x00,0x00,0xE9,0x10,0xC1,0xFE,0xFF,0x49,0x8B,0x45,0xD8,0x49,0x8B,0x75,0xF8
	.byte 0x48,0x29,0xF0,0x48,0x83,0xF8,0x30,0x0F,0x82,0x09,0x00,0x00,0x00,0x49,0x8B,0x56
	.byte 0x28,0xE9,0x2A,0x00,0x00,0x00,0xB8,0x30,0x00,0x00,0x00,0x49,0x89,0x7E,0x38,0x48
	.byte 0x89,0xC7,0x41,0xBB,0xDD,0x07,0x00,0x00,0x4D,0x89,0x1E,0x48,0x8D,0x05,0x06,0x00
	.byte 0x00,0x00,0xE9,0x01,0x84,0xFE,0xFF,0x90,0x49,0x8B,0x7E,0x38,0x49,0x8B,0x56,0x28
	.byte 0xBE,0x02,0x00,0x00,0x00,0x49,0x8B,0x45,0xF8,0x48,0xB9,0x03,0x00,0x00,0x00,0x02
	.byte 0x00,0x00,0x00,0x48,0x89,0x08,0x48,0x89,0x50,0x08,0x48,0x89,0x70,0x10,0x48,0x89
	.byte 0xC6,0x4C,0x29,0xE6,0x48,0xC1,0xE6,0x09,0x48,0x83,0xCE,0x05,0x48,0x83,0xC0,0x18
	.byte 0x48,0xBA,0x03,0x00,0x00,0x00,0x02,0x00,0x00,0x00,0x48,0x89,0x10,0x48,0x89,0x78
	.byte 0x08,0x48,0x89,0x70,0x10,0x48,0x89,0xC7,0x4C,0x29,0xE7,0x48,0xC1,0xE7,0x09,0x48
	.byte 0x83,0xCF,0x05,0x48,0x83,0xC0,0x18,0x49,0x89,0x45,0xF8,0x31,0xF6,0x49,0x89,0x7E
	.byte 0x38,0x49,0x89,0x76,0x20,0x49,0x89,0x76,0x28,0x41,0xBB,0xDE,0x07,0x00,0x00,0x4D
	.byte 0x89,0x1E,0x48,0x8D,0x05,0x05,0x00,0x00,0x00,0xE9,0x7A,0xBF,0xFE,0xFF,0x31,0xD2
	.byte 0x48,0x89,0xD6,0x49,0x89,0x7E,0x20,0x49,0x89,0x56,0x18,0x41,0xBB,0xDF,0x07,0x00
	.byte 0x00,0x4D,0x89,0x1E,0x48,0x8D,0x05,0x05,0x00,0x00,0x00,0xE9,0x60,0x89,0xFE,0xFF
	.byte 0x48,0x89,0xFA,0x49,0x8B,0x7E,0x38,0x31,0xF6,0x41,0xBB,0xE0,0x07,0x00,0x00,0x4D
	.byte 0x89,0x1E,0x48,0x8D,0x05,0x05,0x00,0x00,0x00,0xE9,0x0A,0xC0,0xFE,0xFF,0x48,0x89
	.byte 0xFE,0x49,0x8B,0x45,0xD8,0x49,0x8B,0x7D,0xF8,0x48,0x29,0xF8,0x48,0x83,0xF8,0x10
	.byte 0x0F,0x83,0x22,0x00,0x00,0x00,0xBF,0x10,0x00,0x00,0x00,0x49,0x89,0x76,0x38,0x41
	.byte 0xBB,0xE1,0x07,0x00,0x00,0x4D,0x89,0x1E,0x48,0x8D,0x05,0x05,0x00,0x00,0x00,0xE9
	.byte 0x04,0x83,0xFE,0xFF,0x49,0x8B,0x76,0x38,0x49,0x8B,0x45,0xF8,0x48,0xBF,0x93,0x00
	.byte 0x00,0x00,0x01,0x00,0x00,0x00,0x48,0x89,0x38,0x48,0x89,0x70,0x08,0x48,0x89,0xC7
	.byte 0x4C,0x29,0xE7,0x48,0xC1,0xE7,0x09,0x48,0x81,0xCF,0x23,0x01,0x00,0x00,0x48,0x83
	.byte 0xC0,0x10,0x49,0x89,0x45,0xF8,0xE9,0x61,0x86,0xFE,0xFF,0x90,0xE9,0x01,0x00,0x00
	.byte 0x00,0x90,0x49,0x83,0xEE,0x38,0x4D,0x39,0xEE,0x0F,0x82,0xAD,0x82,0xFE,0xFF,0x90
	.byte 0x48,0x83,0xFF,0x02,0x0F,0x85,0x0C,0x00,0x00,0x00,0xBF,0x02,0x00,0x00,0x00,0x49
	.byte 0x83,0xC6,0x38,0xFF,0xE0,0x90,0x48,0xC1,0xEF,0x09,0x49,0x89,0xF9,0x4D,0x01,0xE1
	.byte 0x49,0x8B,0x79,0x08,0x4D,0x8B,0x49,0x10,0x49,0x89,0x46,0x30,0x49,0x89,0x4E,0x28
	.byte 0x49,0x89,0x76,0x20,0x4D,0x89,0x4E,0x18,0x4D,0x89,0x46,0x10,0x49,0x89,0x56,0x08
	.byte 0x41,0xBB,0xE2,0x07,0x00,0x00,0x4D,0x89,0x1E,0x48,0x8D,0x05,0x06,0x00,0x00,0x00
	.byte 0xE9,0x93,0xF3,0xFF,0xFF,0x90,0x49,0x89,0xF9,0x49,0x8B,0x46,0x30,0x49,0x8B,0x4E
	.byte 0x28,0x49,0x8B,0x76,0x20,0x49,0x8B,0x7E,0x18,0x4D,0x8B,0x46,0x10,0x49,0x8B,0x56
	.byte 0x08,0x49,0x83,0xF9,0x12,0x0F,0x85,0x0B,0x00,0x00,0x00,0xBF,0x12,0x00,0x00,0x00
	.byte 0x49,0x83,0xC6,0x38,0xFF,0xE0,0xE9,0x75,0xFF,0xFF,0xFF,0x90,0xE9,0x01,0x00,0x00
	.byte 0x00,0x90,0x49,0x83,0xEE,0x40,0x4D,0x39,0xEE,0x0F,0x82,0x0D,0x82,0xFE,0xFF,0x90
	.byte 0x49,0x89,0x7E,0x28,0x48,0x89,0xF7,0x48,0x89,0xD6,0x48,0x89,0xCA,0x49,0x89,0x46
	.byte 0x38,0x4D,0x89,0x4E,0x30,0x4D,0x89,0x46,0x20,0x41,0xBB,0xE3,0x07,0x00,0x00,0x4D
	.byte 0x89,0x1E,0x48,0x8D,0x05,0x05,0x00,0x00,0x00,0xE9,0x9E,0xF1,0xFF,0xFF,0x48,0x89
	.byte 0xFE,0x4D,0x8B,0x46,0x30,0x49,0x8B,0x7E,0x28,0x49,0x8B,0x4E,0x20,0x48,0x89,0xF0
	.byte 0x48,0xC1,0xEE,0x09,0x4C,0x01,0xE6,0x48,0x8B,0x56,0x08,0x49,0x89,0x46,0x28,0x48
	.byte 0xC1,0xE8,0x09,0x4C,0x01,0xE0,0x48,0x8B,0x70,0x10,0x4D,0x89,0x46,0x30,0x41,0xBB
	.byte 0xE4,0x07,0x00,0x00,0x4D,0x89,0x1E,0x48,0x8D,0x05,0x06,0x00,0x00,0x00,0xE9,0xDF
	.byte 0xFE,0xFF,0xFF,0x90,0x49,0x8B,0x46,0x28,0x48,0x83,0xFF,0x12,0x0F,0x85,0x0E,0x00
	.byte 0x00,0x00,0x48,0x89,0xC7,0x4D,0x8B,0x5E,0x38,0x49,0x83,0xC6,0x40,0x41,0xFF,0xE3
	.byte 0x49,0x8B,0x45,0xD8,0x49,0x8B,0x7D,0xF8,0x48,0x29,0xF8,0x48,0x83,0xF8,0x70,0x0F
	.byte 0x82,0x09,0x00,0x00,0x00,0x4D,0x8B,0x46,0x30,0xE9,0x1E,0x00,0x00,0x00,0xBF,0x70
	.byte 0x00,0x00,0x00,0x41,0xBB,0xE5,0x07,0x00,0x00,0x4D,0x89,0x1E,0x48,0x8D,0x05,0x05
	.byte 0x00,0x00,0x00,0xE9,0x50,0x81,0xFE,0xFF,0x4D,0x8B,0x46,0x30,0x49,0x8B,0x55,0xF8
	.byte 0x48,0x89,0xD6,0x4C,0x29,0xE2,0x48,0xC1,0xE2,0x09,0xBF,0xE5,0x07,0x00,0x00,0x48
	.byte 0x8D,0x05,0x06,0x00,0x00,0x00,0xE9,0xE3,0x84,0xFE,0xFF,0x90,0x48,0x89,0xD1,0x48
	.byte 0x83,0xC1,0x01,0x48,0x89,0xF2,0x4C,0x29,0xE2,0x48,0xC1,0xE2,0x09,0xBF,0xEC,0x07
	.byte 0x00,0x00,0x48,0x8D,0x05,0x05,0x00,0x00,0x00,0xE9,0xC0,0x84,0xFE,0xFF,0x49,0x89
	.byte 0x75,0xF8,0x48,0x83,0xC2,0x01,0xBE,0xF8,0x01,0x00,0x00,0x4C,0x89,0xC7,0x4D,0x8B
	.byte 0x5E,0x38,0x4D,0x89,0x5E,0x30,0x49,0x89,0x56,0x38,0x49,0x89,0x4E,0x20,0x41,0xBB
	.byte 0xF1,0x07,0x00,0x00,0x4D,0x89,0x1E,0x48,0x8D,0x05,0x06,0x00,0x00,0x00,0xE9,0xCD
	.byte 0xC0,0xFF,0xFF,0x90,0x48,0x89,0xF9,0x49,0x8B,0x45,0xD8,0x49,0x8B,0x7D,0xF8,0x48
	.byte 0x29,0xF8,0x48,0x83,0xF8,0x70,0x0F,0x83,0x22,0x00,0x00,0x00,0xBF,0x70,0x00,0x00
	.byte 0x00,0x49,0x89,0x4E,0x28,0x41,0xBB,0xF2,0x07,0x00,0x00,0x4D,0x89,0x1E,0x48,0x8D
	.byte 0x05,0x05,0x00,0x00,0x00,0xE9,0x9E,0x80,0xFE,0xFF,0x49,0x8B,0x4E,0x28,0x49,0x8B
	.byte 0x55,0xF8,0x48,0x89,0xD6,0x4C,0x29,0xE2,0x48,0xC1,0xE2,0x09,0xBF,0xF2,0x07,0x00
	.byte 0x00,0x48,0x8D,0x05,0x06,0x00,0x00,0x00,0xE9,0x31,0x84,0xFE,0xFF,0x90,0x48,0x83
	.byte 0xC2,0x01,0xB8,0x02,0x00,0x00,0x00,0x48,0xBF,0x03,0x00,0x00,0x00,0x02,0x00,0x00
	.byte 0x00,0x48,0x89,0x3E,0x48,0x89,0x4E,0x08,0x48,0x89,0x46,0x10,0x48,0x89,0xF7,0x4C
	.byte 0x29,0xE6,0x48,0xC1,0xE6,0x09,0x48,0x83,0xCE,0x05,0x48,0x83,0xC7,0x18,0x48,0xB8
	.byte 0x03,0x00,0x00,0x00,0x02,0x00,0x00,0x00,0x48,0x89,0x07,0x48,0x89,0x57,0x08,0x48
	.byte 0x89,0x77,0x10,0x48,0x89,0xF8,0x4C,0x29,0xE7,0x48,0xC1,0xE7,0x09,0x48,0x83,0xCF
	.byte 0x05,0x48,0x83,0xC0,0x18,0x49,0x89,0x45,0xF8,0x31,0xF6,0x49,0x89,0x76,0x10,0x49
	.byte 0x89,0x7E,0x28,0x49,0x89,0x76,0x18,0x41,0xBB,0xF9,0x07,0x00,0x00,0x4D,0x89,0x1E
	.byte 0x48,0x8D,0x05,0x05,0x00,0x00,0x00,0xE9,0xFC,0xBB,0xFE,0xFF,0x31,0xF6,0x48,0x89
	.byte 0xF2,0x49,0x89,0x7E,0x08,0x49,0x89,0x76,0x18,0x41,0xBB,0xFA,0x07,0x00,0x00,0x4D
	.byte 0x89,0x1E,0x48,0x8D,0x05,0x05,0x00,0x00,0x00,0xE9,0xE2,0x85,0xFE,0xFF,0x48,0x89
	.byte 0xFA,0x49,0x8B,0x7E,0x28,0x4D,0x8B,0x5E,0x20,0x4D,0x89,0x5E,0x28,0x31,0xF6,0x41
	.byte 0xBB,0xFB,0x07,0x00,0x00,0x4D,0x89,0x1E,0x48,0x8D,0x05,0x05,0x00,0x00,0x00,0xE9
	.byte 0x84,0xBC,0xFE,0xFF,0x49,0x8B,0x45,0xD8,0x49,0x8B,0x75,0xF8,0x48,0x29,0xF0,0x48
	.byte 0x83,0xF8,0x30,0x0F,0x82,0x09,0x00,0x00,0x00,0x49,0x8B,0x56,0x38,0xE9,0x2A,0x00
	.byte 0x00,0x00,0xB8,0x30,0x00,0x00,0x00,0x49,0x89,0x7E,0x20,0x48,0x89,0xC7,0x41,0xBB
	.byte 0xFC,0x07,0x00,0x00,0x4D,0x89,0x1E,0x48,0x8D,0x05,0x06,0x00,0x00,0x00,0xE9,0x75
	.byte 0x7F,0xFE,0xFF,0x90,0x49,0x8B,0x56,0x38,0x49,0x8B,0x7E,0x20,0xBE,0x02,0x00,0x00
	.byte 0x00,0x49,0x8B,0x45,0xF8,0x48,0xB9,0x03,0x00,0x00,0x00,0x02,0x00,0x00,0x00,0x48
	.byte 0x89,0x08,0x48,0x89,0x50,0x08,0x48,0x89,0x70,0x10,0x48,0x89,0xC6,0x4C,0x29,0xE6
	.byte 0x48,0xC1,0xE6,0x09,0x48,0x83,0xCE,0x05,0x48,0x83,0xC0,0x18,0x48,0xBA,0x03,0x00
	.byte 0x00,0x00,0x02,0x00,0x00,0x00,0x48,0x89,0x10,0x48,0x89,0x78,0x08,0x48,0x89,0x70
	.byte 0x10,0x48,0x89,0xC7,0x4C,0x29,0xE7,0x48,0xC1,0xE7,0x09,0x48,0x83,0xCF,0x05,0x48
	.byte 0x83,0xC0,0x18,0x49,0x89,0x45,0xF8,0x31,0xF6,0x49,0x89,0x76,0x20,0x49,0x89,0x7E
	.byte 0x38,0x49,0x89,0x76,0x10,0x41,0xBB,0xFD,0x07,0x00,0x00,0x4D,0x89,0x1E,0x48,0x8D
	.byte 0x05,0x05,0x00,0x00,0x00,0xE9,0xEE,0xBA,0xFE,0xFF,0x31,0xD2,0x48,0x89,0xD6,0x49
	.byte 0x89,0x56,0x20,0x49,0x89,0x7E,0x18,0x41,0xBB,0xFE,0x07,0x00,0x00,0x4D,0x89,0x1E
	.byte 0x48,0x8D,0x05,0x05,0x00,0x00,0x00,0xE9,0xD4,0x84,0xFE,0xFF,0x48,0x89,0xFA,0x49
	.byte 0x8B,0x7E,0x38,0x31,0xF6,0x41,0xBB,0xFF,0x07,0x00,0x00,0x4D,0x89,0x1E,0x48,0x8D
	.byte 0x05,0x05,0x00,0x00,0x00,0xE9,0x7E,0xBB,0xFE,0xFF,0x49,0x8B,0x45,0xD8,0x49,0x8B
	.byte 0x75,0xF8,0x48,0x29,0xF0,0x48,0x83,0xF8,0x30,0x0F,0x82,0x09,0x00,0x00,0x00,0x49
	.byte 0x8B,0x56,0x28,0xE9,0x2A,0x00,0x00,0x00,0xB8,0x30,0x00,0x00,0x00,0x49,0x89,0x7E
	.byte 0x38,0x48,0x89,0xC7,0x41,0xBB,0x00,0x08,0x00,0x00,0x4D,0x89,0x1E,0x48,0x8D,0x05
	.byte 0x06,0x00,0x00,0x00,0xE9,0x6F,0x7E,0xFE,0xFF,0x90,0x49,0x8B,0x7E,0x38,0x49,0x8B
	.byte 0x56,0x28,0xBE,0x02,0x00,0x00,0x00,0x49,0x8B,0x45,0xF8,0x48,0xB9,0x03,0x00,0x00
	.byte 0x00,0x02,0x00,0x00,0x00,0x48,0x89,0x08,0x48,0x89,0x50,0x08,0x48,0x89,0x70,0x10
	.byte 0x48,0x89,0xC6,0x4C,0x29,0xE6,0x48,0xC1,0xE6,0x09,0x48,0x83,0xCE,0x05,0x48,0x83
	.byte 0xC0,0x18,0x48,0xBA,0x03,0x00,0x00,0x00,0x02,0x00,0x00,0x00,0x48,0x89,0x10,0x48
	.byte 0x89,0x78,0x08,0x48,0x89,0x70,0x10,0x48,0x89,0xC7,0x4C,0x29,0xE7,0x48,0xC1,0xE7
	.byte 0x09,0x48,0x83,0xCF,0x05,0x48,0x83,0xC0,0x18,0x49,0x89,0x45,0xF8,0x31,0xF6,0x49
	.byte 0x89,0x76,0x18,0x49,0x89,0x76,0x28,0x49,0x89,0x7E,0x38,0x41,0xBB,0x01,0x08,0x00
	.byte 0x00,0x4D,0x89,0x1E,0x48,0x8D,0x05,0x05,0x00,0x00,0x00,0xE9,0xE8,0xB9,0xFE,0xFF
	.byte 0x31,0xD2,0x48,0x89,0xD6,0x49,0x89,0x56,0x28,0x49,0x89,0x7E,0x20,0x41,0xBB,0x02
	.byte 0x08,0x00,0x00,0x4D,0x89,0x1E,0x48,0x8D,0x05,0x05,0x00,0x00,0x00,0xE9,0xCE,0x83
	.byte 0xFE,0xFF,0x48,0x89,0xFA,0x49,0x8B,0x7E,0x38,0x31,0xF6,0x41,0xBB,0x03,0x08,0x00
	.byte 0x00,0x4D,0x89,0x1E,0x48,0x8D,0x05,0x05,0x00,0x00,0x00,0xE9,0x78,0xBA,0xFE,0xFF
	.byte 0x48,0x89,0xFE,0x49,0x8B,0x45,0xD8,0x49,0x8B,0x7D,0xF8,0x48,0x29,0xF8,0x48,0x83
	.byte 0xF8,0x10,0x0F,0x83,0x22,0x00,0x00,0x00,0xBF,0x10,0x00,0x00,0x00,0x49,0x89,0x76
	.byte 0x38,0x41,0xBB,0x04,0x08,0x00,0x00,0x4D,0x89,0x1E,0x48,0x8D,0x05,0x05,0x00,0x00
	.byte 0x00,0xE9,0x72,0x7D,0xFE,0xFF,0x49,0x8B,0x76,0x38,0x49,0x8B,0x45,0xF8,0x48,0xBF
	.byte 0x93,0x00,0x00,0x00,0x01,0x00,0x00,0x00,0x48,0x89,0x38,0x48,0x89,0x70,0x08,0x48
	.byte 0x89,0xC7,0x4C,0x29,0xE7,0x48,0xC1,0xE7,0x09,0x48,0x81,0xCF,0x23,0x01,0x00,0x00
	.byte 0x48,0x83,0xC0,0x10,0x49,0x89,0x45,0xF8,0xE9,0xCF,0x80,0xFE,0xFF,0x90,0xE9,0x01
	.byte 0x00,0x00,0x00,0x90,0x49,0x83,0xEE,0x28,0x4D,0x39,0xEE,0x0F,0x82,0x1B,0x7D,0xFE
	.byte 0xFF,0x90,0x48,0x89,0xF2,0x48,0xC1,0xEE,0x09,0x4C,0x01,0xE6,0x48,0x8B,0x36,0x48
	.byte 0xC1,0xEE,0x20,0x48,0xC1,0xE6,0x02,0x48,0x89,0xF9,0x49,0x89,0xF2,0x48,0x89,0xFE
	.byte 0x4C,0x89,0xD7,0x48,0x09,0xF9,0x48,0xF7,0xC1,0x01,0x00,0x00,0x00,0x0F,0x84,0x3B
	.byte 0x00,0x00,0x00,0x49,0x89,0x46,0x20,0x49,0x89,0x56,0x18,0x49,0x89,0x76,0x10,0x49
	.byte 0x89,0x7E,0x08,0x41,0xBB,0x05,0x08,0x00,0x00,0x4D,0x89,0x1E,0x48,0x8D,0x05,0x05
	.byte 0x00,0x00,0x00,0xE9,0xE2,0x89,0xFE,0xFF,0x49,0x8B,0x46,0x20,0x49,0x8B,0x56,0x18
	.byte 0x49,0x8B,0x76,0x10,0xB9,0x01,0x00,0x00,0x00,0xE9,0x04,0x00,0x00,0x00,0x48,0x89
	.byte 0xF1,0x90,0x48,0x39,0xF9,0x0F,0x8C,0x0B,0x00,0x00,0x00,0xBF,0x02,0x00,0x00,0x00
	.byte 0x49,0x83,0xC6,0x28,0xFF,0xE0,0xBF,0x02,0x00,0x00,0x00,0x48,0xD1,0xE6,0x4C,0x01
	.byte 0xE6,0x48,0xC1,0xEA,0x09,0x48,0x01,0xD6,0x48,0x89,0x7E,0x08,0xBF,0x02,0x00,0x00
	.byte 0x00,0x49,0x83,0xC6,0x28,0xFF,0xE0,0x90,0xE9,0x01,0x00,0x00,0x00,0x90,0x49,0x83
	.byte 0xEE,0x30,0x4D,0x39,0xEE,0x0F,0x82,0x61,0x7C,0xFE,0xFF,0x90,0x48,0x83,0xFF,0x02
	.byte 0x0F,0x85,0x0C,0x00,0x00,0x00,0xBF,0x02,0x00,0x00,0x00,0x49,0x83,0xC6,0x30,0xFF
	.byte 0xE0,0x90,0x48,0xC1,0xEF,0x09,0x4C,0x01,0xE7,0x48,0x8B,0x4F,0x08,0x48,0x8B,0x7F
	.byte 0x10,0x49,0x89,0x76,0x28,0x48,0xC1,0xEE,0x09,0x4C,0x01,0xE6,0x4C,0x8B,0x06,0x49
	.byte 0xC1,0xE8,0x20,0x49,0xC1,0xE0,0x02,0x48,0x89,0xCE,0x4C,0x09,0xC6,0x48,0xF7,0xC6
	.byte 0x01,0x00,0x00,0x00,0x0F,0x84,0x52,0x00,0x00,0x00,0x49,0x89,0x7E,0x10,0x4C,0x89
	.byte 0xC7,0x48,0x89,0xCE,0x4D,0x8B,0x5E,0x28,0x4D,0x89,0x5E,0x20,0x49,0x89,0x46,0x28
	.byte 0x4D,0x89,0x46,0x08,0x49,0x89,0x4E,0x18,0x41,0xBB,0x06,0x08,0x00,0x00,0x4D,0x89
	.byte 0x1E,0x48,0x8D,0x05,0x06,0x00,0x00,0x00,0xE9,0xFD,0x88,0xFE,0xFF,0x90,0x49,0x89
	.byte 0xF8,0x49,0x8B,0x46,0x28,0x49,0x8B,0x76,0x20,0x49,0x8B,0x56,0x18,0x49,0x8B,0x7E
	.byte 0x10,0xB9,0x01,0x00,0x00,0x00,0xE9,0x09,0x00,0x00,0x00,0x90,0x49,0x8B,0x76,0x28
	.byte 0x48,0x89,0xCA,0x90,0x4C,0x39,0xC1,0x0F,0x8D,0x1B,0x00,0x00,0x00,0x41,0xB8,0x02
	.byte 0x00,0x00,0x00,0x48,0xD1,0xE2,0x4C,0x01,0xE2,0x48,0x89,0xF1,0x48,0xC1,0xE9,0x09
	.byte 0x48,0x01,0xCA,0x4C,0x89,0x42,0x08,0x90,0xE9,0x2F,0xFF,0xFF,0xFF,0x90,0xE9,0x01
	.byte 0x00,0x00,0x00,0x90,0x48,0xF7,0xC7,0x01,0x00,0x00,0x00,0x0F,0x84,0x17,0x00,0x00
	.byte 0x00,0x48,0xC1,0xEF,0x09,0x4C,0x01,0xE7,0x48,0x8B,0x3F,0x48,0xC1,0xEF,0x20,0x48
	.byte 0xC1,0xE7,0x02,0xE9,0x02,0x00,0x00,0x00,0x31,0xFF,0x48,0x83,0xFF,0x00,0x0F,0x84
	.byte 0x0A,0x00,0x00,0x00,0xBF,0x02,0x00,0x00,0x00,0xE9,0x06,0x00,0x00,0x00,0xBF,0x12
	.byte 0x00,0x00,0x00,0x90,0xFF,0xE0,0xE9,0x01,0x00,0x00,0x00,0x90,0x49,0x83,0xEE,0x28
	.byte 0x4D,0x39,0xEE,0x0F,0x82,0x33,0x7B,0xFE,0xFF,0x90,0x48,0x89,0xC1,0x48,0x83,0xFF
	.byte 0x00,0x0F,0x85,0x0B,0x00,0x00,0x00,0xBF,0x02,0x00,0x00,0x00,0x49,0x83,0xC6,0x28
	.byte 0xFF,0xE1,0x48,0xBA,0xFC,0xFF,0xFF,0xFF,0xFF,0xFF,0xFF,0xFF,0x48,0x01,0xFA,0xB8
	.byte 0x00,0x00,0x00,0x00,0x40,0x0F,0x90,0xC0,0x49,0x89,0xF8,0x48,0x09,0xC7,0x48,0x83
	.byte 0xCF,0xFC,0x48,0xF7,0xC7,0x01,0x00,0x00,0x00,0x0F,0x84,0x3F,0x00,0x00,0x00,0x48
	.byte 0xBF,0xFC,0xFF,0xFF,0xFF,0xFF,0xFF,0xFF,0xFF,0x49,0x89,0x76,0x18,0x4C,0x89,0xC6
	.byte 0x49,0x89,0x4E,0x20,0x4D,0x89,0x46,0x08,0x49,0x89,0x7E,0x10,0x41,0xBB,0x07,0x08
	.byte 0x00,0x00,0x4D,0x89,0x1E,0x48,0x8D,0x05,0x06,0x00,0x00,0x00,0xE9,0x61,0x87,0xFE
	.byte 0xFF,0x90,0x49,0x8B,0x4E,0x20,0x49,0x8B,0x76,0x18,0x48,0x89,0xFA,0x90,0x48,0x89
	.byte 0xD0,0x48,0xD1,0xE0,0x4C,0x01,0xE0,0x48,0x89,0xF7,0x48,0xC1,0xEF,0x09,0x48,0x01
	.byte 0xF8,0x48,0x8B,0x40,0x08,0x48,0x83,0xF8,0x02,0x0F,0x85,0x0B,0x00,0x00,0x00,0x48
	.byte 0x89,0xC8,0x48,0x89,0xD7,0xE9,0x50,0xFF,0xFF,0xFF,0x48,0xC1,0xE8,0x09,0x4C,0x01
	.byte 0xE0,0x48,0x8B,0x40,0x08,0x48,0xA9,0x01,0x00,0x00,0x00,0x0F,0x84,0x17,0x00,0x00
	.byte 0x00,0x48,0xC1,0xE8,0x09,0x4C,0x01,0xE0,0x48,0x8B,0x00,0x48,0xC1,0xE8,0x20,0x48
	.byte 0xC1,0xE0,0x02,0xE9,0x02,0x00,0x00,0x00,0x31,0xC0,0x48,0x83,0xF8,0x00,0x0F,0x85
	.byte 0x0C,0x00,0x00,0x00,0xBF,0x12,0x00,0x00,0x00,0x49,0x83,0xC6,0x28,0xFF,0xE1,0x90
	.byte 0x48,0x89,0xC8,0x48,0x89,0xD7,0xE9,0xFF,0xFE,0xFF,0xFF,0x90,0xE9,0x01,0x00,0x00
	.byte 0x00,0x90,0x48,0x89,0xFE,0x48,0xC1,0xEF,0x09,0x4C,0x01,0xE7,0x48,0x8B,0x3F,0x48
	.byte 0xC1,0xEF,0x20,0x48,0xC1,0xE7,0x02,0xE9,0xD0,0xFE,0xFF,0xFF,0xE9,0x01,0x00,0x00
	.byte 0x00,0x90,0x49,0x83,0xEE,0x70,0x4D,0x39,0xEE,0x0F,0x82,0xFD,0x79,0xFE,0xFF,0x90
	.byte 0x4D,0x89,0xC1,0x49,0x89,0xD0,0x48,0x89,0xFA,0x48,0x89,0xCF,0x48,0x83,0xFF,0x02
	.byte 0x0F,0x85,0x40,0x05,0x00,0x00,0x4C,0x89,0xC7,0x48,0xC1,0xEF,0x09,0x4C,0x01,0xE7
	.byte 0x48,0x8B,0x3F,0x48,0xC1,0xEF,0x20,0x48,0xC1,0xE7,0x02,0x49,0x89,0x76,0x60,0x4C
	.byte 0x89,0xC6,0x49,0x89,0x46,0x68,0x49,0x89,0x56,0x58,0x4D,0x89,0x4E,0x48,0x4D,0x89
	.byte 0x46,0x50,0x41,0xBB,0x08,0x08,0x00,0x00,0x4D,0x89,0x1E,0x48,0x8D,0x05,0x06,0x00
	.byte 0x00,0x00,0xE9,0x65,0xFE,0xFF,0xFF,0x90,0x48,0x83,0xFF,0x12,0x0F,0x85,0x8E,0x00
	.byte 0x00,0x00,0x49,0x8B,0x45,0xD8,0x49,0x8B,0x7D,0xF8,0x48,0x29,0xF8,0x48,0x83,0xF8
	.byte 0x20,0x0F,0x82,0x15,0x00,0x00,0x00,0x49,0x8B,0x76,0x68,0x49,0x8B,0x56,0x60,0x49
	.byte 0x8B,0x46,0x58,0x49,0x8B,0x4E,0x50,0xE9,0x2A,0x00,0x00,0x00,0xBF,0x20,0x00,0x00
	.byte 0x00,0x41,0xBB,0x09,0x08,0x00,0x00,0x4D,0x89,0x1E,0x48,0x8D,0x05,0x05,0x00,0x00
	.byte 0x00,0xE9,0x62,0x79,0xFE,0xFF,0x49,0x8B,0x76,0x68,0x49,0x8B,0x56,0x60,0x49,0x8B
	.byte 0x46,0x58,0x49,0x8B,0x4E,0x50,0x49,0x8B,0x7D,0xF8,0x49,0xB8,0x03,0x00,0x00,0x00
	.byte 0x03,0x00,0x00,0x00,0x4C,0x89,0x07,0x48,0x89,0x4F,0x08,0x48,0x89,0x57,0x10,0x48
	.byte 0x89,0x47,0x18,0x48,0x89,0xF8,0x4C,0x29,0xE7,0x48,0xC1,0xE7,0x09,0x48,0x83,0xCF
	.byte 0x07,0x48,0x83,0xC0,0x20,0x49,0x89,0x45,0xF8,0x49,0x83,0xC6,0x70,0xFF,0xE6,0x90
	.byte 0x49,0x8B,0x45,0xD8,0x49,0x8B,0x7D,0xF8,0x48,0x29,0xF8,0x48,0x3D,0x80,0x00,0x00
	.byte 0x00,0x0F,0x82,0x09,0x00,0x00,0x00,0x4D,0x8B,0x46,0x48,0xE9,0x26,0x00,0x00,0x00
	.byte 0xBF,0x80,0x00,0x00,0x00,0x4D,0x8B,0x5E,0x48,0x4D,0x89,0x5E,0x60,0x41,0xBB,0x0A
	.byte 0x08,0x00,0x00,0x4D,0x89,0x1E,0x48,0x8D,0x05,0x05,0x00,0x00,0x00,0xE9,0xD6,0x78
	.byte 0xFE,0xFF,0x4D,0x8B,0x46,0x60,0x49,0x8B,0x55,0xF8,0x48,0x89,0xD6,0x4C,0x29,0xE2
	.byte 0x48,0xC1,0xE2,0x09,0xBF,0x0A,0x08,0x00,0x00,0x48,0x8D,0x05,0x06,0x00,0x00,0x00
	.byte 0xE9,0x69,0x7C,0xFE,0xFF,0x90,0x48,0x89,0xD1,0x48,0x83,0xC1,0x01,0x48,0x89,0xF2
	.byte 0x4C,0x29,0xE2,0x48,0xC1,0xE2,0x09,0xBF,0x12,0x08,0x00,0x00,0x48,0x8D,0x05,0x05
	.byte 0x00,0x00,0x00,0xE9,0x46,0x7C,0xFE,0xFF,0x49,0x89,0x75,0xF8,0x48,0x83,0xC2,0x01
	.byte 0xBE,0xF8,0x01,0x00,0x00,0x4C,0x89,0xC7,0x4D,0x8B,0x5E,0x68,0x4D,0x89,0x5E,0x60
	.byte 0x49,0x89,0x4E,0x68,0x49,0x89,0x56,0x50,0x41,0xBB,0x17,0x08,0x00,0x00,0x4D,0x89
	.byte 0x1E,0x48,0x8D,0x05,0x06,0x00,0x00,0x00,0xE9,0x53,0xB8,0xFF,0xFF,0x90,0x48,0x89
	.byte 0xF9,0x49,0x8B,0x45,0xD8,0x49,0x8B,0x7D,0xF8,0x48,0x29,0xF8,0x48,0x83,0xF8,0x70
	.byte 0x0F,0x83,0x22,0x00,0x00,0x00,0xBF,0x70,0x00,0x00,0x00,0x49,0x89,0x4E,0x58,0x41
	.byte 0xBB,0x18,0x08,0x00,0x00,0x4D,0x89,0x1E,0x48,0x8D,0x05,0x05,0x00,0x00,0x00,0xE9
	.byte 0x24,0x78,0xFE,0xFF,0x49,0x8B,0x4E,0x58,0x49,0x8B,0x55,0xF8,0x48,0x89,0xD6,0x4C
	.byte 0x29,0xE2,0x48,0xC1,0xE2,0x09,0xBF,0x18,0x08,0x00,0x00,0x48,0x8D,0x05,0x06,0x00
	.byte 0x00,0x00,0xE9,0xB7,0x7B,0xFE,0xFF,0x90,0x48,0x83,0xC2,0x01,0xB8,0x02,0x00,0x00
	.byte 0x00,0x48,0xBF,0x03,0x00,0x00,0x00,0x02,0x00,0x00,0x00,0x48,0x89,0x3E,0x48,0x89
	.byte 0x4E,0x08,0x48,0x89,0x46,0x10,0x48,0x89,0xF7,0x4C,0x29,0xE6,0x48,0xC1,0xE6,0x09
	.byte 0x48,0x83,0xCE,0x05,0x48,0x83,0xC7,0x18,0x48,0xB8,0x03,0x00,0x00,0x00,0x02,0x00
	.byte 0x00,0x00,0x48,0x89,0x07,0x48,0x89,0x57,0x08,0x48,0x89,0x77,0x10,0x48,0x89,0xF8
	.byte 0x4C,0x29,0xE7,0x48,0xC1,0xE7,0x09,0x48,0x83,0xCF,0x05,0x48,0x83,0xC0,0x18,0x49
	.byte 0x89,0x45,0xF8,0x31,0xF6,0x49,0x89,0x76,0x48,0x49,0x89,0x7E,0x58,0x49,0x89,0x76
	.byte 0x40,0x41,0xBB,0x1F,0x08,0x00,0x00,0x4D,0x89,0x1E,0x48,0x8D,0x05,0x05,0x00,0x00
	.byte 0x00,0xE9,0x82,0xB3,0xFE,0xFF,0x31,0xF6,0x48,0x89,0xF2,0x49,0x89,0x76,0x48,0x49
	.byte 0x89,0x7E,0x38,0x41,0xBB,0x20,0x08,0x00,0x00,0x4D,0x89,0x1E,0x48,0x8D,0x05,0x05
	.byte 0x00,0x00,0x00,0xE9,0x68,0x7D,0xFE,0xFF,0x49,0x8B,0x46,0x58,0x31,0xF6,0x48,0x89
	.byte 0xFA,0x48,0x89,0xC7,0x41,0xBB,0x21,0x08,0x00,0x00,0x4D,0x89,0x1E,0x48,0x8D,0x05
	.byte 0x06,0x00,0x00,0x00,0xE9,0x0F,0xB4,0xFE,0xFF,0x90,0x49,0x8B,0x45,0xD8,0x49,0x8B
	.byte 0x75,0xF8,0x48,0x29,0xF0,0x48,0x83,0xF8,0x30,0x0F,0x82,0x09,0x00,0x00,0x00,0x49
	.byte 0x8B,0x56,0x50,0xE9,0x2A,0x00,0x00,0x00,0xB8,0x30,0x00,0x00,0x00,0x49,0x89,0x7E
	.byte 0x58,0x48,0x89,0xC7,0x41,0xBB,0x22,0x08,0x00,0x00,0x4D,0x89,0x1E,0x48,0x8D,0x05
	.byte 0x06,0x00,0x00,0x00,0xE9,0xFF,0x76,0xFE,0xFF,0x90,0x49,0x8B,0x7E,0x58,0x49,0x8B
	.byte 0x56,0x50,0xBE,0x02,0x00,0x00,0x00,0x49,0x8B,0x45,0xF8,0x48,0xB9,0x03,0x00,0x00
	.byte 0x00,0x02,0x00,0x00,0x00,0x48,0x89,0x08,0x48,0x89,0x50,0x08,0x48,0x89,0x70,0x10
	.byte 0x48,0x89,0xC6,0x4C,0x29,0xE0,0x48,0xC1,0xE0,0x09,0x48,0x83,0xC8,0x05,0x48,0x83
	.byte 0xC6,0x18,0x48,0xBA,0x03,0x00,0x00,0x00,0x02,0x00,0x00,0x00,0x48,0x89,0x16,0x48
	.byte 0x89,0x7E,0x08,0x48,0x89,0x46,0x10,0x48,0x89,0xF0,0x4C,0x29,0xE6,0x48,0xC1,0xE6
	.byte 0x09,0x48,0x89,0xF7,0x48,0x83,0xCF,0x05,0x48,0x83,0xC0,0x18,0x49,0x89,0x45,0xF8
	.byte 0x31,0xF6,0x49,0x89,0x76,0x48,0x49,0x89,0x76,0x50,0x49,0x89,0x7E,0x58,0x41,0xBB
	.byte 0x23,0x08,0x00,0x00,0x4D,0x89,0x1E,0x48,0x8D,0x05,0x06,0x00,0x00,0x00,0xE9,0x75
	.byte 0xB2,0xFE,0xFF,0x90,0x31,0xF6,0x48,0x89,0xF2,0x49,0x89,0x76,0x40,0x49,0x89,0x7E
	.byte 0x50,0x41,0xBB,0x24,0x08,0x00,0x00,0x4D,0x89,0x1E,0x48,0x8D,0x05,0x05,0x00,0x00
	.byte 0x00,0xE9,0x5A,0x7C,0xFE,0xFF,0x49,0x8B,0x46,0x58,0x31,0xF6,0x48,0x89,0xFA,0x48
	.byte 0x89,0xC7,0x41,0xBB,0x25,0x08,0x00,0x00,0x4D,0x89,0x1E,0x48,0x8D,0x05,0x06,0x00
	.byte 0x00,0x00,0xE9,0x01,0xB3,0xFE,0xFF,0x90,0x49,0x8B,0x45,0xD8,0x49,0x8B,0x75,0xF8
	.byte 0x48,0x29,0xF0,0x48,0x83,0xF8,0x30,0x0F,0x82,0x09,0x00,0x00,0x00,0x49,0x8B,0x56
	.byte 0x68,0xE9,0x2A,0x00,0x00,0x00,0xB8,0x30,0x00,0x00,0x00,0x49,0x89,0x7E,0x58,0x48
	.byte 0x89,0xC7,0x41,0xBB,0x26,0x08,0x00,0x00,0x4D,0x89,0x1E,0x48,0x8D,0x05,0x06,0x00
	.byte 0x00,0x00,0xE9,0xF1,0x75,0xFE,0xFF,0x90,0x49,0x8B,0x56,0x68,0x49,0x8B,0x7E,0x58
	.byte 0xBE,0x02,0x00,0x00,0x00,0x49,0x8B,0x45,0xF8,0x48,0xB9,0x03,0x00,0x00,0x00,0x02
	.byte 0x00,0x00,0x00,0x48,0x89,0x08,0x48,0x89,0x50,0x08,0x48,0x89,0x70,0x10,0x48,0x89
	.byte 0xC6,0x4C,0x29,0xE0,0x48,0xC1,0xE0,0x09,0x48,0x83,0xC8,0x05,0x48,0x83,0xC6,0x18
	.byte 0x48,0xBA,0x03,0x00,0x00,0x00,0x02,0x00,0x00,0x00,0x48,0x89,0x16,0x48,0x89,0x7E
	.byte 0x08,0x48,0x89,0x46,0x10,0x48,0x89,0xF0,0x4C,0x29,0xE6,0x48,0xC1,0xE6,0x09,0x48
	.byte 0x89,0xF7,0x48,0x83,0xCF,0x05,0x48,0x83,0xC0,0x18,0x49,0x89,0x45,0xF8,0x31,0xF6
	.byte 0x49,0x89,0x7E,0x68,0x49,0x89,0x76,0x50,0x49,0x89,0x76,0x58,0x41,0xBB,0x27,0x08
	.byte 0x00,0x00,0x4D,0x89,0x1E,0x48,0x8D,0x05,0x06,0x00,0x00,0x00,0xE9,0x67,0xB1,0xFE
	.byte 0xFF,0x90,0x31,0xF6,0x48,0x89,0xF2,0x49,0x89,0x7E,0x50,0x49,0x89,0x76,0x48,0x41
	.byte 0xBB,0x28,0x08,0x00,0x00,0x4D,0x89,0x1E,0x48,0x8D,0x05,0x05,0x00,0x00,0x00,0xE9
	.byte 0x4C,0x7B,0xFE,0xFF,0x49,0x8B,0x46,0x68,0x31,0xF6,0x48,0x89,0xFA,0x48,0x89,0xC7
	.byte 0x41,0xBB,0x29,0x08,0x00,0x00,0x4D,0x89,0x1E,0x48,0x8D,0x05,0x06,0x00,0x00,0x00
	.byte 0xE9,0xF3,0xB1,0xFE,0xFF,0x90,0x49,0x8B,0x45,0xD8,0x49,0x8B,0x75,0xF8,0x48,0x29
	.byte 0xF0,0x48,0x83,0xF8,0x10,0x0F,0x83,0x25,0x00,0x00,0x00,0xB8,0x10,0x00,0x00,0x00
	.byte 0x49,0x89,0x7E,0x68,0x48,0x89,0xC7,0x41,0xBB,0x2A,0x08,0x00,0x00,0x4D,0x89,0x1E
	.byte 0x48,0x8D,0x05,0x05,0x00,0x00,0x00,0xE9,0xEC,0x74,0xFE,0xFF,0x49,0x8B,0x7E,0x68
	.byte 0x49,0x8B,0x75,0xF8,0x48,0xB8,0x93,0x00,0x00,0x00,0x01,0x00,0x00,0x00,0x48,0x89
	.byte 0x06,0x48,0x89,0x7E,0x08,0x48,0x89,0xF0,0x4C,0x29,0xE6,0x48,0xC1,0xE6,0x09,0x48
	.byte 0x89,0xF7,0x48,0x81,0xCF,0x23,0x01,0x00,0x00,0x48,0x83,0xC0,0x10,0x49,0x89,0x45
	.byte 0xF8,0xE9,0x46,0x78,0xFE,0xFF,0x49,0x89,0xFF,0x48,0x81,0xE7,0xFF,0x01,0x00,0x00
	.byte 0x48,0x83,0xFF,0x03,0x0F,0x85,0xC2,0x00,0x00,0x00,0x49,0xC1,0xEF,0x09,0x4D,0x01
	.byte 0xE7,0x49,0x8B,0x7F,0x08,0x49,0x89,0x76,0x60,0x4C,0x89,0xC6,0x49,0x89,0x46,0x68
	.byte 0x49,0x89,0x56,0x58,0x4D,0x89,0x46,0x50,0x41,0xBB,0x2B,0x08,0x00,0x00,0x4D,0x89
	.byte 0x1E,0x48,0x8D,0x05,0x06,0x00,0x00,0x00,0xE9,0xF1,0xF7,0xFF,0xFF,0x90,0x49,0x8B
	.byte 0x45,0xD8,0x49,0x8B,0x7D,0xF8,0x48,0x29,0xF8,0x48,0x83,0xF8,0x20,0x0F,0x82,0x15
	.byte 0x00,0x00,0x00,0x49,0x8B,0x76,0x68,0x49,0x8B,0x56,0x60,0x49,0x8B,0x46,0x58,0x49
	.byte 0x8B,0x4E,0x50,0xE9,0x2A,0x00,0x00,0x00,0xBF,0x20,0x00,0x00,0x00,0x41,0xBB,0x2C
	.byte 0x08,0x00,0x00,0x4D,0x89,0x1E,0x48,0x8D,0x05,0x05,0x00,0x00,0x00,0xE9,0x26,0x74
	.byte 0xFE,0xFF,0x49,0x8B,0x76,0x68,0x49,0x8B,0x56,0x60,0x49,0x8B,0x46,0x58,0x49,0x8B
	.byte 0x4E,0x50,0x49,0x8B,0x7D,0xF8,0x49,0xB8,0x03,0x00,0x00,0x00,0x03,0x00,0x00,0x00
	.byte 0x4C,0x89,0x07,0x48,0x89,0x4F,0x08,0x48,0x89,0x57,0x10,0x48,0x89,0x47,0x18,0x48
	.byte 0x89,0xF8,0x4C,0x29,0xE7,0x48,0xC1,0xE7,0x09,0x48,0x83,0xCF,0x07,0x48,0x83,0xC0
	.byte 0x20,0x49,0x89,0x45,0xF8,0x49,0x83,0xC6,0x70,0xFF,0xE6,0x90,0x48,0x83,0xFF,0x07
	.byte 0x0F,0x85,0x2E,0x05,0x00,0x00,0x49,0xC1,0xEF,0x09,0x4D,0x01,0xE7,0x49,0x8B,0x5F
	.byte 0x08,0x49,0x8B,0x4F,0x10,0x49,0x8B,0x7F,0x18,0x49,0x89,0x4E,0x60,0x49,0x89,0xCA
	.byte 0x48,0x89,0xF1,0x4C,0x89,0xD6,0x49,0x89,0x46,0x68,0x4D,0x89,0x46,0x50,0x49,0x89
	.byte 0x5E,0x48,0x41,0xBB,0x2D,0x08,0x00,0x00,0x4D,0x89,0x1E,0x48,0x8D,0x05,0x06,0x00
	.byte 0x00,0x00,0xE9,0x6B,0xF1,0xFF,0xFF,0x90,0x48,0x89,0xF8,0x49,0x8B,0x7D,0xD8,0x49
	.byte 0x8B,0x75,0xF8,0x48,0x29,0xF7,0x48,0x83,0xFF,0x10,0x0F,0x82,0x12,0x00,0x00,0x00
	.byte 0x49,0x8B,0x4E,0x60,0x49,0x8B,0x56,0x50,0x49,0x8B,0x76,0x48,0xE9,0x2F,0x00,0x00
	.byte 0x00,0x90,0xBF,0x10,0x00,0x00,0x00,0x49,0x89,0x46,0x58,0x41,0xBB,0x2E,0x08,0x00
	.byte 0x00,0x4D,0x89,0x1E,0x48,0x8D,0x05,0x05,0x00,0x00,0x00,0xE9,0x48,0x73,0xFE,0xFF
	.byte 0x49,0x8B,0x4E,0x60,0x49,0x8B,0x46,0x58,0x49,0x8B,0x56,0x50,0x49,0x8B,0x76,0x48
	.byte 0x48,0x89,0xC7,0x48,0xC1,0xEF,0x09,0x4C,0x01,0xE7,0x4C,0x8B,0x47,0x08,0x48,0xC1
	.byte 0xE8,0x09,0x4C,0x01,0xE0,0x4C,0x8B,0x48,0x10,0x49,0x8B,0x45,0xF8,0x48,0xBF,0x03
	.byte 0x00,0x00,0x00,0x01,0x00,0x00,0x00,0x48,0x89,0x38,0x48,0x89,0x48,0x08,0x48,0x89
	.byte 0xC7,0x4C,0x29,0xE7,0x48,0xC1,0xE7,0x09,0x48,0x83,0xCF,0x03,0x48,0x83,0xC0,0x10
	.byte 0x49,0x89,0x45,0xF8,0x4D,0x89,0x4E,0x60,0x49,0x89,0x56,0x48,0x49,0x89,0x7E,0x40
	.byte 0x49,0x89,0x76,0x58,0x4D,0x89,0x46,0x50,0x41,0xBB,0x2F,0x08,0x00,0x00,0x4D,0x89
	.byte 0x1E,0x49,0x83,0xEE,0x18,0x4D,0x39,0xEE,0x0F,0x82,0xBE,0x72,0xFE,0xFF,0x41,0xBB
	.byte 0x01,0x00,0x00,0x00,0x4D,0x89,0x1E,0x4C,0x8D,0x1D,0x3C,0x00,0x00,0x00,0x4D,0x89
	.byte 0x5E,0x08,0x4D,0x8B,0x5D,0xC8,0x4D,0x89,0x5E,0x10,0x4D,0x89,0xF3,0x4D,0x29,0xEB
	.byte 0x49,0xC1,0xEB,0x03,0x4D,0x89,0x5D,0xC8,0x48,0x8D,0x05,0x05,0x00,0x00,0x00,0xE9
	.byte 0x66,0x09,0x00,0x00,0x4D,0x8B,0x5E,0x10,0x4D,0x89,0x5D,0xC8,0x49,0x83,0xC6,0x18
	.byte 0x49,0x89,0x7E,0x58,0xE9,0x4D,0x03,0x00,0x00,0x90,0x4D,0x8B,0x5E,0x50,0x4D,0x89
	.byte 0x5E,0x10,0x4D,0x8B,0x5E,0x40,0x4D,0x89,0x5E,0x50,0x4D,0x8B,0x5E,0x68,0x4D,0x89
	.byte 0x5E,0x40,0x4D,0x8B,0x5E,0x60,0x4D,0x89,0x5E,0x68,0x4D,0x8B,0x46,0x58,0x4D,0x8B
	.byte 0x5E,0x48,0x4D,0x89,0x5E,0x58,0xBF,0x08,0x00,0x00,0x00,0x48,0x89,0xF8,0x48,0xD1
	.byte 0xE8,0x4C,0x89,0xC6,0x48,0xF7,0xE6,0x4D,0x89,0x46,0x48,0x49,0x09,0xF8,0x49,0x83
	.byte 0xE0,0x01,0x49,0x09,0xD0,0x48,0x89,0xC6,0x48,0xD1,0xEE,0x49,0x83,0xF8,0x00,0x0F
	.byte 0x84,0x21,0x00,0x00,0x00,0x49,0x8B,0x76,0x48,0x49,0x89,0x7E,0x60,0x41,0xBB,0x30
	.byte 0x08,0x00,0x00,0x4D,0x89,0x1E,0x48,0x8D,0x05,0x05,0x00,0x00,0x00,0xE9,0xB2,0x7E
	.byte 0xFE,0xFF,0x48,0x89,0xFE,0x90,0x41,0xB8,0x04,0x00,0x00,0x00,0x4C,0x89,0xC7,0x48
	.byte 0x01,0xF7,0xB8,0x00,0x00,0x00,0x00,0x40,0x0F,0x90,0xC0,0x48,0x89,0xF2,0x4C,0x09
	.byte 0xC2,0x48,0x09,0xC2,0x48,0xF7,0xC2,0x01,0x00,0x00,0x00,0x0F,0x84,0x21,0x00,0x00
	.byte 0x00,0x4C,0x89,0xC7,0x4D,0x89,0x46,0x38,0x49,0x89,0x76,0x60,0x41,0xBB,0x31,0x08
	.byte 0x00,0x00,0x4D,0x89,0x1E,0x48,0x8D,0x05,0x06,0x00,0x00,0x00,0xE9,0x51,0x7E,0xFE
	.byte 0xFF,0x90,0x31,0xF6,0x48,0x89,0xF0,0x49,0x89,0x76,0x08,0x49,0x89,0x7E,0x60,0x48
	.byte 0x09,0xF8,0x48,0xA9,0x01,0x00,0x00,0x00,0x0F,0x84,0x44,0x00,0x00,0x00,0x4D,0x8B
	.byte 0x5E,0x08,0x4D,0x89,0x5E,0x38,0x41,0xBB,0x32,0x08,0x00,0x00,0x4D,0x89,0x1E,0x48
	.byte 0x8D,0x05,0x06,0x00,0x00,0x00,0xE9,0x8F,0x7E,0xFE,0xFF,0x90,0x49,0x8B,0x46,0x60
	.byte 0x4D,0x8B,0x5E,0x50,0x4D,0x89,0x5E,0x60,0x4D,0x8B,0x5E,0x48,0x4D,0x89,0x5E,0x50
	.byte 0x4D,0x8B,0x5E,0x10,0x4D,0x89,0x5E,0x48,0xBE,0x01,0x00,0x00,0x00,0xE9,0x1C,0x00
	.byte 0x00,0x00,0x49,0x8B,0x46,0x60,0x4D,0x8B,0x5E,0x50,0x4D,0x89,0x5E,0x60,0x4D,0x8B
	.byte 0x5E,0x48,0x4D,0x89,0x5E,0x50,0x4D,0x8B,0x5E,0x10,0x4D,0x89,0x5E,0x48,0x48,0x39
	.byte 0xF7,0x0F,0x8D,0x0B,0x00,0x00,0x00,0xBF,0x32,0x00,0x00,0x00,0xE9,0xBB,0x74,0xFE
	.byte 0xFF,0x90,0xBF,0x02,0x00,0x00,0x00,0x48,0xA9,0x01,0x00,0x00,0x00,0x0F,0x84,0x59
	.byte 0x00,0x00,0x00,0x48,0xBF,0xFF,0xFF,0xFF,0xFF,0xFF,0xFF,0xFF,0xFF,0x4D,0x8B,0x5E
	.byte 0x40,0x4D,0x89,0x5E,0x38,0x41,0xBB,0x33,0x08,0x00,0x00,0x4D,0x89,0x1E,0x48,0x8D
	.byte 0x05,0x05,0x00,0x00,0x00,0xE9,0xEE,0x70,0xFE,0xFF,0x45,0x31,0xDB,0x4D,0x89,0x5E
	.byte 0x18,0x45,0x31,0xDB,0x4D,0x89,0x5E,0x20,0x45,0x31,0xDB,0x4D,0x89,0x5E,0x28,0x45
	.byte 0x31,0xDB,0x4D,0x89,0x5E,0x58,0x31,0xC0,0x45,0x31,0xDB,0x4D,0x89,0x5E,0x68,0x45
	.byte 0x31,0xDB,0x4D,0x89,0x5E,0x30,0xE9,0x2D,0x00,0x00,0x00,0x90,0x4D,0x8B,0x5E,0x68
	.byte 0x4D,0x89,0x5E,0x30,0x49,0x89,0x7E,0x68,0x4D,0x8B,0x5E,0x60,0x4D,0x89,0x5E,0x28
	.byte 0x4D,0x8B,0x5E,0x50,0x4D,0x89,0x5E,0x20,0x4D,0x8B,0x5E,0x48,0x4D,0x89,0x5E,0x18
	.byte 0x4D,0x8B,0x5E,0x40,0x4D,0x89,0x5E,0x38,0x48,0x89,0xC7,0x49,0x89,0x46,0x60,0x48
	.byte 0xC1,0xEF,0x02,0x49,0xBA,0x00,0x00,0x00,0x00,0x01,0x00,0x00,0x00,0x4C,0x39,0xD7
	.byte 0x0F,0x82,0x10,0x00,0x00,0x00,0x48,0xBF,0xFF,0xFF,0xFF,0xFF,0xFF,0xFF,0xFF,0xFF
	.byte 0xE9,0x09,0x00,0x00,0x00,0x90,0x48,0x83,0xC7,0x01,0x48,0xC1,0xE7,0x03,0x49,0x8B
	.byte 0x45,0xD8,0x49,0x8B,0x75,0xF8,0x48,0x29,0xF0,0x48,0x39,0xF8,0x0F,0x82,0x16,0x00
	.byte 0x00,0x00,0x49,0x8B,0x76,0x68,0x49,0x8B,0x7E,0x60,0x4D,0x8B,0x5E,0x58,0x4D,0x89
	.byte 0x5E,0x68,0xE9,0x27,0x00,0x00,0x00,0x90,0x41,0xBB,0x34,0x08,0x00,0x00,0x4D,0x89
	.byte 0x1E,0x48,0x8D,0x05,0x06,0x00,0x00,0x00,0xE9,0x1B,0x70,0xFE,0xFF,0x90,0x49,0x8B
	.byte 0x76,0x68,0x49,0x8B,0x7E,0x60,0x4D,0x8B,0x5E,0x58,0x4D,0x89,0x5E,0x68,0x49,0x89
	.byte 0x76,0x60,0x49,0x89,0x7E,0x58,0x41,0xBB,0x35,0x08,0x00,0x00,0x4D,0x89,0x1E,0x48
	.byte 0x8D,0x05,0x06,0x00,0x00,0x00,0xE9,0xFB,0x77,0xFE,0xFF,0x90,0x49,0x89,0xF9,0x49
	.byte 0x8B,0x4E,0x68,0x49,0x89,0xC8,0x48,0xC1,0xE9,0x09,0x4C,0x01,0xE1,0x48,0x8B,0x31
	.byte 0x48,0xC1,0xEE,0x20,0x48,0xC1,0xE6,0x02,0x31,0xFF,0x31,0xD2,0x4C,0x89,0xC9,0x4D
	.byte 0x8B,0x5E,0x38,0x4D,0x89,0x5E,0x68,0x4D,0x8B,0x5E,0x30,0x4D,0x89,0x5E,0x60,0x4D
	.byte 0x8B,0x5E,0x28,0x4D,0x89,0x5E,0x50,0x4D,0x89,0x4E,0x48,0x4D,0x8B,0x5E,0x20,0x4D
	.byte 0x89,0x5E,0x40,0x4D,0x8B,0x5E,0x18,0x4D,0x89,0x5E,0x38,0x41,0xBB,0x36,0x08,0x00
	.byte 0x00,0x4D,0x89,0x1E,0x48,0x8D,0x05,0x05,0x00,0x00,0x00,0xE9,0x1C,0xB8,0xFF,0xFF
	.byte 0x49,0x8B,0x4E,0x50,0x49,0x8B,0x56,0x48,0x49,0x8B,0x46,0x40,0x4D,0x8B,0x5E,0x38
	.byte 0x4D,0x89,0x5E,0x50,0x48,0x89,0xD7,0x48,0xC1,0xEF,0x09,0x4C,0x01,0xE7,0x48,0x8B
	.byte 0x37,0x48,0xC1,0xEE,0x20,0x48,0x89,0xC7,0x48,0xC1,0xCF,0x02,0x48,0x39,0xF7,0x0F
	.byte 0x82,0x0B,0x00,0x00,0x00,0xBF,0x32,0x00,0x00,0x00,0xE9,0xDD,0x72,0xFE,0xFF,0x90
	.byte 0x48,0xD1,0xE0,0x4C,0x01,0xE0,0x49,0x89,0x56,0x58,0x48,0xC1,0xEA,0x09,0x48,0x01
	.byte 0xD0,0x48,0x89,0x48,0x08,0x90,0x49,0x8B,0x45,0xD8,0x49,0x8B,0x7D,0xF8,0x48,0x29
	.byte 0xF8,0x48,0x83,0xF8,0x20,0x0F,0x82,0x15,0x00,0x00,0x00,0x49,0x8B,0x76,0x68,0x49
	.byte 0x8B,0x7E,0x60,0x49,0x8B,0x4E,0x58,0x49,0x8B,0x56,0x50,0xE9,0x2A,0x00,0x00,0x00
	.byte 0xBF,0x20,0x00,0x00,0x00,0x41,0xBB,0x37,0x08,0x00,0x00,0x4D,0x89,0x1E,0x48,0x8D
	.byte 0x05,0x05,0x00,0x00,0x00,0xE9,0xEE,0x6E,0xFE,0xFF,0x49,0x8B,0x76,0x68,0x49,0x8B
	.byte 0x7E,0x60,0x49,0x8B,0x4E,0x58,0x49,0x8B,0x56,0x50,0x49,0x8B,0x45,0xF8,0x49,0xB8
	.byte 0x03,0x00,0x00,0x00,0x03,0x00,0x00,0x00,0x4C,0x89,0x00,0x48,0x89,0x48,0x08,0x48
	.byte 0x89,0x50,0x10,0x48,0x89,0x78,0x18,0x48,0x89,0xC7,0x4C,0x29,0xE7,0x48,0xC1,0xE7
	.byte 0x09,0x48,0x83,0xCF,0x07,0x48,0x83,0xC0,0x20,0x49,0x89,0x45,0xF8,0x49,0x83,0xC6
	.byte 0x70,0xFF,0xE6,0x90,0x49,0xC1,0xEF,0x09,0x4D,0x01,0xE7,0x49,0x8B,0x5F,0x08,0x4D
	.byte 0x8B,0x4F,0x10,0x49,0xF7,0xC1,0x01,0x00,0x00,0x00,0x0F,0x84,0x1A,0x00,0x00,0x00
	.byte 0x4C,0x89,0xCF,0x48,0xC1,0xEF,0x09,0x4C,0x01,0xE7,0x48,0x8B,0x0F,0x48,0xC1,0xE9
	.byte 0x20,0x48,0xC1,0xE1,0x02,0xE9,0x02,0x00,0x00,0x00,0x31,0xC9,0x31,0xFF,0x49,0x89
	.byte 0x76,0x58,0x4C,0x89,0xCE,0x49,0x89,0x56,0x50,0x48,0x89,0xCA,0x49,0x89,0x46,0x68
	.byte 0x4D,0x89,0x4E,0x60,0x4D,0x89,0x46,0x48,0x49,0x89,0x5E,0x40,0x41,0xBB,0x38,0x08
	.byte 0x00,0x00,0x4D,0x89,0x1E,0x48,0x8D,0x05,0x06,0x00,0x00,0x00,0xE9,0xAB,0xD5,0xFF
	.byte 0xFF,0x90,0x49,0x8B,0x56,0x58,0x49,0x8B,0x76,0x50,0x4D,0x8B,0x5E,0x48,0x4D,0x89
	.byte 0x5E,0x50,0x4D,0x8B,0x5E,0x40,0x4D,0x89,0x5E,0x48,0x41,0xBB,0x39,0x08,0x00,0x00
	.byte 0x4D,0x89,0x1E,0x48,0x8D,0x05,0x06,0x00,0x00,0x00,0xE9,0x75,0xD1,0xFF,0xFF,0x90
	.byte 0x48,0x89,0xF8,0x49,0x8B,0x7D,0xD8,0x49,0x8B,0x75,0xF8,0x48,0x29,0xF7,0x48,0x83
	.byte 0xFF,0x10,0x0F,0x82,0x12,0x00,0x00,0x00,0x49,0x8B,0x4E,0x60,0x49,0x8B,0x56,0x50
	.byte 0x49,0x8B,0x76,0x48,0xE9,0x2F,0x00,0x00,0x00,0x90,0xBF,0x10,0x00,0x00,0x00,0x49
	.byte 0x89,0x46,0x58,0x41,0xBB,0x3A,0x08,0x00,0x00,0x4D,0x89,0x1E,0x48,0x8D,0x05,0x05
	.byte 0x00,0x00,0x00,0xE9,0xC0,0x6D,0xFE,0xFF,0x49,0x8B,0x4E,0x60,0x49,0x8B,0x46,0x58
	.byte 0x49,0x8B,0x56,0x50,0x49,0x8B,0x76,0x48,0x48,0x89,0xC7,0x48,0xC1,0xEF,0x09,0x4C
	.byte 0x01,0xE7,0x4C,0x8B,0x47,0x08,0x48,0xC1,0xE8,0x09,0x4C,0x01,0xE0,0x4C,0x8B,0x48
	.byte 0x10,0x49,0x8B,0x45,0xF8,0x48,0xBF,0x03,0x00,0x00,0x00,0x01,0x00,0x00,0x00,0x48
	.byte 0x89,0x38,0x48,0x89,0x48,0x08,0x48,0x89,0xC7,0x4C,0x29,0xE7,0x48,0xC1,0xE7,0x09
	.byte 0x48,0x83,0xCF,0x03,0x48,0x83,0xC0,0x10,0x49,0x89,0x45,0xF8,0x4D,0x89,0x4E,0x60
	.byte 0x49,0x89,0x56,0x58,0x49,0x89,0x76,0x40,0x49,0x89,0x7E,0x48,0x4D,0x89,0x46,0x50
	.byte 0x41,0xBB,0x3B,0x08,0x00,0x00,0x4D,0x89,0x1E,0x49,0x83,0xEE,0x18,0x4D,0x39,0xEE
	.byte 0x0F,0x82,0x36,0x6D,0xFE,0xFF,0x41,0xBB,0x01,0x00,0x00,0x00,0x4D,0x89,0x1E,0x4C
	.byte 0x8D,0x1D,0x3C,0x00,0x00,0x00,0x4D,0x89,0x5E,0x08,0x4D,0x8B,0x5D,0xC8,0x4D,0x89
	.byte 0x5E,0x10,0x4D,0x89,0xF3,0x4D,0x29,0xEB,0x49,0xC1,0xEB,0x03,0x4D,0x89,0x5D,0xC8
	.byte 0x48,0x8D,0x05,0x05,0x00,0x00,0x00,0xE9,0x22,0x04,0x00,0x00,0x4D,0x8B,0x5E,0x10
	.byte 0x4D,0x89,0x5D,0xC8,0x49,0x83,0xC6,0x18,0x49,0x89,0x7E,0x58,0xE9,0x3B,0x03,0x00
	.byte 0x00,0x90,0x4D,0x8B,0x4E,0x40,0x4D,0x8B,0x5E,0x68,0x4D,0x89,0x5E,0x40,0x4D,0x8B
	.byte 0x5E,0x60,0x4D,0x89,0x5E,0x68,0x4D,0x8B,0x5E,0x50,0x4D,0x89,0x5E,0x10,0xBF,0x08
	.byte 0x00,0x00,0x00,0x48,0x89,0xF8,0x48,0xD1,0xE8,0x4C,0x89,0xCE,0x48,0xF7,0xE6,0x4D
	.byte 0x89,0x4E,0x50,0x49,0x09,0xF9,0x49,0x83,0xE1,0x01,0x49,0x09,0xD1,0x48,0x89,0xC2
	.byte 0x48,0xD1,0xEA,0x49,0x83,0xF9,0x00,0x0F,0x84,0x21,0x00,0x00,0x00,0x49,0x8B,0x76
	.byte 0x50,0x49,0x89,0x7E,0x60,0x41,0xBB,0x3C,0x08,0x00,0x00,0x4D,0x89,0x1E,0x48,0x8D
	.byte 0x05,0x05,0x00,0x00,0x00,0xE9,0x3A,0x79,0xFE,0xFF,0x48,0x89,0xFA,0x90,0x41,0xB9
	.byte 0x04,0x00,0x00,0x00,0x4C,0x89,0xCF,0x48,0x01,0xD7,0xB8,0x00,0x00,0x00,0x00,0x40
	.byte 0x0F,0x90,0xC0,0x48,0x89,0xD6,0x4C,0x09,0xCA,0x48,0x09,0xC2,0x48,0xF7,0xC2,0x01
	.byte 0x00,0x00,0x00,0x0F,0x84,0x21,0x00,0x00,0x00,0x4C,0x89,0xCF,0x4D,0x89,0x4E,0x60
	.byte 0x49,0x89,0x76,0x38,0x41,0xBB,0x3D,0x08,0x00,0x00,0x4D,0x89,0x1E,0x48,0x8D,0x05
	.byte 0x06,0x00,0x00,0x00,0xE9,0xD9,0x78,0xFE,0xFF,0x90,0x31,0xF6,0x48,0x89,0xF0,0x49
	.byte 0x89,0x76,0x08,0x49,0x89,0x7E,0x60,0x48,0x09,0xF8,0x48,0xA9,0x01,0x00,0x00,0x00
	.byte 0x0F,0x84,0x44,0x00,0x00,0x00,0x4D,0x8B,0x5E,0x08,0x4D,0x89,0x5E,0x38,0x41,0xBB
	.byte 0x3E,0x08,0x00,0x00,0x4D,0x89,0x1E,0x48,0x8D,0x05,0x06,0x00,0x00,0x00,0xE9,0x17
	.byte 0x79,0xFE,0xFF,0x90,0x49,0x8B,0x46,0x60,0x4D,0x8B,0x5E,0x50,0x4D,0x89,0x5E,0x60
	.byte 0x4D,0x8B,0x5E,0x48,0x4D,0x89,0x5E,0x50,0x4D,0x8B,0x5E,0x10,0x4D,0x89,0x5E,0x48
	.byte 0xBE,0x01,0x00,0x00,0x00,0xE9,0x1C,0x00,0x00,0x00,0x49,0x8B,0x46,0x60,0x4D,0x8B
	.byte 0x5E,0x50,0x4D,0x89,0x5E,0x60,0x4D,0x8B,0x5E,0x48,0x4D,0x89,0x5E,0x50,0x4D,0x8B
	.byte 0x5E,0x10,0x4D,0x89,0x5E,0x48,0x48,0x39,0xF7,0x0F,0x8D,0x0B,0x00,0x00,0x00,0xBF
	.byte 0x32,0x00,0x00,0x00,0xE9,0x43,0x6F,0xFE,0xFF,0x90,0xBF,0x02,0x00,0x00,0x00,0x48
	.byte 0xA9,0x01,0x00,0x00,0x00,0x0F,0x84,0x59,0x00,0x00,0x00,0x48,0xBF,0xFF,0xFF,0xFF
	.byte 0xFF,0xFF,0xFF,0xFF,0xFF,0x4D,0x8B,0x5E,0x40,0x4D,0x89,0x5E,0x38,0x41,0xBB,0x3F
	.byte 0x08,0x00,0x00,0x4D,0x89,0x1E,0x48,0x8D,0x05,0x05,0x00,0x00,0x00,0xE9,0x76,0x6B
	.byte 0xFE,0xFF,0x45,0x31,0xDB,0x4D,0x89,0x5E,0x18,0x45,0x31,0xDB,0x4D,0x89,0x5E,0x20
	.byte 0x45,0x31,0xDB,0x4D,0x89,0x5E,0x28,0x45,0x31,0xDB,0x4D,0x89,0x5E,0x58,0x45,0x31
	.byte 0xDB,0x4D,0x89,0x5E,0x60,0x31,0xC0,0x45,0x31,0xDB,0x4D,0x89,0x5E,0x30,0xE9,0x2D
	.byte 0x00,0x00,0x00,0x90,0x4D,0x8B,0x5E,0x68,0x4D,0x89,0x5E,0x30,0x4D,0x8B,0x5E,0x60
	.byte 0x4D,0x89,0x5E,0x28,0x49,0x89,0x7E,0x60,0x4D,0x8B,0x5E,0x50,0x4D,0x89,0x5E,0x20
	.byte 0x4D,0x8B,0x5E,0x48,0x4D,0x89,0x5E,0x18,0x4D,0x8B,0x5E,0x40,0x4D,0x89,0x5E,0x38
	.byte 0x48,0x89,0xC7,0x49,0x89,0x46,0x68,0x48,0xC1,0xEF,0x02,0x49,0xBA,0x00,0x00,0x00
	.byte 0x00,0x01,0x00,0x00,0x00,0x4C,0x39,0xD7,0x0F,0x82,0x10,0x00,0x00,0x00,0x48,0xBF
	.byte 0xFF,0xFF,0xFF,0xFF,0xFF,0xFF,0xFF,0xFF,0xE9,0x09,0x00,0x00,0x00,0x90,0x48,0x83
	.byte 0xC7,0x01,0x48,0xC1,0xE7,0x03,0x49,0x8B,0x45,0xD8,0x49,0x8B,0x75,0xF8,0x48,0x29
	.byte 0xF0,0x48,0x39,0xF8,0x0F,0x82,0x16,0x00,0x00,0x00,0x49,0x8B,0x7E,0x68,0x49,0x8B
	.byte 0x76,0x60,0x4D,0x8B,0x5E,0x58,0x4D,0x89,0x5E,0x68,0xE9,0x27,0x00,0x00,0x00,0x90
	.byte 0x41,0xBB,0x40,0x08,0x00,0x00,0x4D,0x89,0x1E,0x48,0x8D,0x05,0x06,0x00,0x00,0x00
	.byte 0xE9,0xA3,0x6A,0xFE,0xFF,0x90,0x49,0x8B,0x7E,0x68,0x49,0x8B,0x76,0x60,0x4D,0x8B
	.byte 0x5E,0x58,0x4D,0x89,0x5E,0x68,0x49,0x89,0x7E,0x60,0x49,0x89,0x76,0x58,0x41,0xBB
	.byte 0x41,0x08,0x00,0x00,0x4D,0x89,0x1E,0x48,0x8D,0x05,0x06,0x00,0x00,0x00,0xE9,0x83
	.byte 0x72,0xFE,0xFF,0x90,0x48,0x89,0xF9,0x4D,0x8B,0x46,0x68,0x4C,0x89,0xC0,0x48,0xC1
	.byte 0xE8,0x09,0x4C,0x01,0xE0,0x48,0x8B,0x30,0x48,0xC1,0xEE,0x20,0x48,0xC1,0xE6,0x02
	.byte 0x31,0xFF,0x31,0xD2,0x4D,0x8B,0x5E,0x38,0x4D,0x89,0x5E,0x68,0x4D,0x8B,0x5E,0x30
	.byte 0x4D,0x89,0x5E,0x60,0x4D,0x8B,0x5E,0x28,0x4D,0x89,0x5E,0x50,0x4D,0x8B,0x5E,0x20
	.byte 0x4D,0x89,0x5E,0x48,0x4D,0x8B,0x5E,0x18,0x4D,0x89,0x5E,0x40,0x49,0x89,0x4E,0x38
	.byte 0x41,0xBB,0x42,0x08,0x00,0x00,0x4D,0x89,0x1E,0x48,0x8D,0x05,0x06,0x00,0x00,0x00
	.byte 0xE9,0xA7,0xB2,0xFF,0xFF,0x90,0x49,0x8B,0x46,0x50,0x49,0x8B,0x4E,0x48,0x4D,0x8B
	.byte 0x5E,0x40,0x4D,0x89,0x5E,0x50,0x49,0x8B,0x56,0x38,0x48,0x89,0xD7,0x48,0xC1,0xEF
	.byte 0x09,0x4C,0x01,0xE7,0x48,0x8B,0x37,0x48,0xC1,0xEE,0x20,0x48,0x89,0xC7,0x48,0xC1
	.byte 0xCF,0x02,0x48,0x39,0xF7,0x0F,0x82,0x0B,0x00,0x00,0x00,0xBF,0x32,0x00,0x00,0x00
	.byte 0xE9,0x67,0x6D,0xFE,0xFF,0x90,0x48,0xD1,0xE0,0x4C,0x01,0xE0,0x49,0x89,0x56,0x58
	.byte 0x48,0xC1,0xEA,0x09,0x48,0x01,0xD0,0x48,0x89,0x48,0x08,0x90,0x49,0x8B,0x45,0xD8
	.byte 0x49,0x8B,0x7D,0xF8,0x48,0x29,0xF8,0x48,0x83,0xF8,0x20,0x0F,0x82,0x15,0x00,0x00
	.byte 0x00,0x49,0x8B,0x76,0x68,0x49,0x8B,0x7E,0x60,0x49,0x8B,0x4E,0x58,0x49,0x8B,0x56
	.byte 0x50,0xE9,0x2A,0x00,0x00,0x00,0xBF,0x20,0x00,0x00,0x00,0x41,0xBB,0x43,0x08,0x00
	.byte 0x00,0x4D,0x89,0x1E,0x48,0x8D,0x05,0x05,0x00,0x00,0x00,0xE9,0x78,0x69,0xFE,0xFF
	.byte 0x49,0x8B,0x76,0x68,0x49,0x8B,0x7E,0x60,0x49,0x8B,0x4E,0x58,0x49,0x8B,0x56,0x50
	.byte 0x49,0x8B,0x45,0xF8,0x49,0xB8,0x03,0x00,0x00,0x00,0x03,0x00,0x00,0x00,0x4C,0x89
	.byte 0x00,0x48,0x89,0x48,0x08,0x48,0x89,0x50,0x10,0x48,0x89,0x78,0x18,0x48,0x89,0xC7
	.byte 0x4C,0x29,0xE7,0x48,0xC1,0xE7,0x09,0x48,0x83,0xCF,0x07,0x48,0x83,0xC0,0x20,0x49
	.byte 0x89,0x45,0xF8,0x49,0x83,0xC6,0x70,0xFF,0xE6,0x90,0x48,0x89,0xD1,0x49,0x89,0xF8
	.byte 0x48,0xC1,0xEA,0x09,0x4C,0x01,0xE2,0x48,0x8B,0x3A,0x48,0xC1,0xEF,0x20,0x48,0x89
	.byte 0xF2,0x48,0xC1,0xCE,0x02,0x48,0x39,0xFE,0x0F,0x82,0x0A,0x00,0x00,0x00,0xBF,0x32
	.byte 0x00,0x00,0x00,0xE9,0x94,0x6C,0xFE,0xFF,0x48,0xD1,0xE2,0x4C,0x01,0xE2,0x48,0x89
	.byte 0xCF,0x48,0xC1,0xE9,0x09,0x48,0x01,0xCA,0x4C,0x89,0x42,0x08,0xFF,0xE0,0x48,0x89
	.byte 0xD1,0x49,0x89,0xF8,0x48,0xC1,0xEA,0x09,0x4C,0x01,0xE2,0x48,0x8B,0x3A,0x48,0xC1
	.byte 0xEF,0x20,0x48,0x89,0xF2,0x48,0xC1,0xCE,0x02,0x48,0x39,0xFE,0x0F,0x82,0x0A,0x00
	.byte 0x00,0x00,0xBF,0x32,0x00,0x00,0x00,0xE9,0x50,0x6C,0xFE,0xFF,0x48,0xD1,0xE2,0x4C
	.byte 0x01,0xE2,0x48,0x89,0xCF,0x48,0xC1,0xE9,0x09,0x48,0x01,0xCA,0x4C,0x89,0x42,0x08
	.byte 0xFF,0xE0,0xE9,0x01,0x00,0x00,0x00,0x90,0x49,0x83,0xEE,0x38,0x4D,0x39,0xEE,0x0F
	.byte 0x82,0x87,0x68,0xFE,0xFF,0x90,0x48,0x89,0xC1,0x48,0x89,0xF8,0x48,0xC1,0xEF,0x09
	.byte 0x4C,0x01,0xE7,0x48,0x8B,0x3F,0x48,0xC1,0xEF,0x1D,0x48,0x83,0xC7,0xF8,0x31,0xF6
	.byte 0x48,0x39,0xFE,0x0F,0x82,0x0B,0x00,0x00,0x00,0xBF,0x32,0x00,0x00,0x00,0xE9,0xF9
	.byte 0x6B,0xFE,0xFF,0x90,0x48,0x89,0xC7,0x48,0xC1,0xE8,0x09,0x4C,0x01,0xE0,0x48,0x83
	.byte 0xC0,0x08,0x48,0x0F,0xB6,0x00,0x48,0xC1,0xE0,0x02,0x49,0x89,0x46,0x20,0x48,0x89
	.byte 0xF8,0x48,0xC1,0xEF,0x09,0x4C,0x01,0xE7,0x48,0x8B,0x3F,0x48,0xC1,0xEF,0x1D,0x48
	.byte 0x83,0xC7,0xF8,0xBE,0x01,0x00,0x00,0x00,0x48,0x39,0xFE,0x0F,0x82,0x0B,0x00,0x00
	.byte 0x00,0xBF,0x32,0x00,0x00,0x00,0xE9,0xB1,0x6B,0xFE,0xFF,0x90,0x48,0x89,0xC7,0x48
	.byte 0xC1,0xE8,0x09,0x4C,0x01,0xE0,0x48,0x83,0xC0,0x09,0x48,0x0F,0xB6,0x00,0x48,0xC1
	.byte 0xE0,0x02,0x49,0x89,0x46,0x28,0x48,0x89,0xF8,0x48,0xC1,0xEF,0x09,0x4C,0x01,0xE7
	.byte 0x48,0x8B,0x3F,0x48,0xC1,0xEF,0x1D,0x48,0x83,0xC7,0xF8,0xBE,0x02,0x00,0x00,0x00
	.byte 0x48,0x39,0xFE,0x0F,0x82,0x0B,0x00,0x00,0x00,0xBF,0x32,0x00,0x00,0x00,0xE9,0x69
	.byte 0x6B,0xFE,0xFF,0x90,0x48,0x89,0xC6,0x48,0xC1,0xE8,0x09,0x4C,0x01,0xE0,0x48,0x83
	.byte 0xC0,0x0A,0x48,0x0F,0xB6,0x00,0x48,0xC1,0xE0,0x02,0x49,0x89,0x46,0x30,0x48,0x89
	.byte 0xF0,0x48,0xC1,0xE8,0x09,0x4C,0x01,0xE0,0x48,0x8B,0x00,0x48,0xC1,0xE8,0x1D,0x48
	.byte 0x83,0xC0,0xF8,0xBF,0x03,0x00,0x00,0x00,0x48,0x39,0xC7,0x0F,0x82,0x0B,0x00,0x00
	.byte 0x00,0xBF,0x32,0x00,0x00,0x00,0xE9,0x21,0x6B,0xFE,0xFF,0x90,0x48,0xC1,0xEE,0x09
	.byte 0x4C,0x01,0xE6,0x48,0x83,0xC6,0x0B,0x48,0x0F,0xB6,0x3E,0x48,0xC1,0xE7,0x02,0xB8
	.byte 0x00,0x00,0x00,0x02,0x48,0x89,0xFE,0x48,0xF7,0xE6,0x48,0x89,0xFE,0x48,0x81,0xCF
	.byte 0x00,0x00,0x00,0x04,0x48,0x83,0xE7,0x01,0x48,0x09,0xD7,0x48,0xD1,0xE8,0x48,0x83
	.byte 0xFF,0x00,0x0F,0x84,0x3C,0x00,0x00,0x00,0xBF,0x00,0x00,0x00,0x04,0x4D,0x8B,0x5E
	.byte 0x30,0x4D,0x89,0x5E,0x18,0x49,0x89,0x4E,0x30,0x49,0x89,0x7E,0x10,0x49,0x89,0x76
	.byte 0x08,0x41,0xBB,0x44,0x08,0x00,0x00,0x4D,0x89,0x1E,0x48,0x8D,0x05,0x05,0x00,0x00
	.byte 0x00,0xE9,0xCE,0x73,0xFE,0xFF,0x49,0x8B,0x4E,0x18,0x49,0x89,0x7E,0x18,0xE9,0x11
	.byte 0x00,0x00,0x00,0x90,0x49,0x89,0x46,0x18,0x49,0x89,0xCA,0x49,0x8B,0x4E,0x30,0x4D
	.byte 0x89,0x56,0x30,0x90,0xB8,0x00,0x00,0x02,0x00,0x48,0x89,0xCE,0x48,0xF7,0xE6,0x48
	.byte 0x89,0xCE,0x48,0x81,0xC9,0x00,0x00,0x04,0x00,0x48,0x83,0xE1,0x01,0x48,0x09,0xD1
	.byte 0x48,0xD1,0xE8,0x48,0x83,0xF9,0x00,0x0F,0x84,0x39,0x00,0x00,0x00,0xBF,0x00,0x00
	.byte 0x04,0x00,0x49,0x89,0x7E,0x10,0x49,0x89,0x76,0x08,0x41,0xBB,0x45,0x08,0x00,0x00
	.byte 0x4D,0x89,0x1E,0x48,0x8D,0x05,0x06,0x00,0x00,0x00,0xE9,0x65,0x73,0xFE,0xFF,0x90
	.byte 0x4D,0x8B,0x46,0x28,0x4D,0x8B,0x5E,0x20,0x4D,0x89,0x5E,0x28,0x49,0x89,0x7E,0x20
	.byte 0xE9,0x11,0x00,0x00,0x00,0x90,0x4D,0x8B,0x46,0x28,0x4D,0x8B,0x5E,0x20,0x4D,0x89
	.byte 0x5E,0x28,0x49,0x89,0x46,0x20,0xB8,0x00,0x02,0x00,0x00,0x4C,0x89,0xC6,0x48,0xF7
	.byte 0xE6,0x4C,0x89,0xC1,0x49,0x81,0xC8,0x00,0x04,0x00,0x00,0x49,0x83,0xE0,0x01,0x49
	.byte 0x09,0xD0,0x48,0x89,0xC6,0x48,0xD1,0xEE,0x49,0x83,0xF8,0x00,0x0F,0x84,0x42,0x00
	.byte 0x00,0x00,0xBF,0x00,0x04,0x00,0x00,0x48,0x89,0xCE,0x49,0x89,0x7E,0x10,0x49,0x89
	.byte 0x4E,0x08,0x41,0xBB,0x46,0x08,0x00,0x00,0x4D,0x89,0x1E,0x48,0x8D,0x05,0x06,0x00
	.byte 0x00,0x00,0xE9,0xED,0x72,0xFE,0xFF,0x90,0x48,0x89,0xFE,0x49,0x8B,0x7E,0x28,0x4D
	.byte 0x8B,0x5E,0x20,0x4D,0x89,0x5E,0x28,0x4D,0x8B,0x5E,0x18,0x4D,0x89,0x5E,0x20,0xE9
	.byte 0x14,0x00,0x00,0x00,0x49,0x8B,0x7E,0x28,0x4D,0x8B,0x5E,0x20,0x4D,0x89,0x5E,0x28
	.byte 0x4D,0x8B,0x5E,0x18,0x4D,0x89,0x5E,0x20,0x48,0x89,0xFA,0x48,0x01,0xF2,0xB8,0x00
	.byte 0x00,0x00,0x00,0x40,0x0F,0x90,0xC0,0x48,0x89,0xF1,0x48,0x09,0xF9,0x48,0x09,0xC1
	.byte 0x48,0xF7,0xC1,0x01,0x00,0x00,0x00,0x0F,0x84,0x31,0x00,0x00,0x00,0x49,0x89,0x7E
	.byte 0x10,0x49,0x89,0x76,0x18,0x41,0xBB,0x47,0x08,0x00,0x00,0x4D,0x89,0x1E,0x48,0x8D
	.byte 0x05,0x05,0x00,0x00,0x00,0xE9,0x68,0x72,0xFE,0xFF,0x48,0x89,0xFA,0x49,0x8B,0x76
	.byte 0x28,0x4D,0x8B,0x5E,0x20,0x4D,0x89,0x5E,0x28,0xE9,0x0C,0x00,0x00,0x00,0x49,0x8B
	.byte 0x76,0x28,0x4D,0x8B,0x5E,0x20,0x4D,0x89,0x5E,0x28,0x48,0x89,0xD7,0x48,0x01,0xF2
	.byte 0xB8,0x00,0x00,0x00,0x00,0x40,0x0F,0x90,0xC0,0x48,0x89,0xF1,0x48,0x09,0xF9,0x48
	.byte 0x09,0xC1,0x48,0xF7,0xC1,0x01,0x00,0x00,0x00,0x0F,0x84,0x29,0x00,0x00,0x00,0x49
	.byte 0x89,0x7E,0x18,0x49,0x89,0x76,0x20,0x41,0xBB,0x48,0x08,0x00,0x00,0x4D,0x89,0x1E
	.byte 0x48,0x8D,0x05,0x05,0x00,0x00,0x00,0xE9,0x06,0x72,0xFE,0xFF,0x48,0x89,0xFA,0x49
	.byte 0x8B,0x76,0x28,0xE9,0x04,0x00,0x00,0x00,0x49,0x8B,0x76,0x28,0x48,0x89,0xD7,0x48
	.byte 0x01,0xF7,0xB8,0x00,0x00,0x00,0x00,0x40,0x0F,0x90,0xC0,0x48,0x89,0xF1,0x48,0x09
	.byte 0xD1,0x48,0x09,0xC1,0x48,0xF7,0xC1,0x01,0x00,0x00,0x00,0x0F,0x84,0x2B,0x00,0x00
	.byte 0x00,0x48,0x89,0xD7,0x49,0x89,0x56,0x28,0x49,0x89,0x76,0x20,0x41,0xBB,0x49,0x08
	.byte 0x00,0x00,0x4D,0x89,0x1E,0x48,0x8D,0x05,0x06,0x00,0x00,0x00,0xE9,0xB1,0x71,0xFE
	.byte 0xFF,0x90,0x49,0x8B,0x46,0x30,0xE9,0x05,0x00,0x00,0x00,0x90,0x49,0x8B,0x46,0x30
	.byte 0x49,0x83,0xC6,0x38,0xFF,0xE0,0xE9,0x01,0x00,0x00,0x00,0x90,0x48,0xC1,0xEF,0x02
	.byte 0x4C,0x01,0xE7,0x48,0xC1,0xEE,0x09,0x48,0x01,0xF7,0x48,0x83,0xC7,0x08,0x48,0x0F
	.byte 0xB6,0x3F,0x48,0xC1,0xE7,0x02,0xFF,0xE0,0xE9,0x01,0x00,0x00,0x00,0x90,0x49,0x83
	.byte 0xEE,0x48,0x4D,0x39,0xEE,0x0F,0x82,0xC1,0x64,0xFE,0xFF,0x90,0x48,0x89,0xC1,0xBA
	.byte 0x0C,0x00,0x00,0x00,0x48,0x01,0xFA,0xB8,0x00,0x00,0x00,0x00,0x40,0x0F,0x90,0xC0
	.byte 0x49,0x89,0x7E,0x30,0x48,0x09,0xC7,0x48,0x83,0xCF,0x0C,0x48,0xF7,0xC7,0x01,0x00
	.byte 0x00,0x00,0x0F,0x84,0x36,0x00,0x00,0x00,0xBF,0x0C,0x00,0x00,0x00,0x49,0x89,0x76
	.byte 0x40,0x49,0x8B,0x76,0x30,0x49,0x89,0x4E,0x38,0x49,0x89,0x7E,0x28,0x41,0xBB,0x4A
	.byte 0x08,0x00,0x00,0x4D,0x89,0x1E,0x48,0x8D,0x05,0x05,0x00,0x00,0x00,0xE9,0x10,0x71
	.byte 0xFE,0xFF,0x49,0x8B,0x76,0x40,0x48,0x89,0xFA,0xE9,0x04,0x00,0x00,0x00,0x49,0x89
	.byte 0x4E,0x38,0x48,0xC1,0xEA,0x02,0x4C,0x01,0xE2,0x49,0x89,0x76,0x40,0x48,0xC1,0xEE
	.byte 0x09,0x48,0x01,0xF2,0x48,0x83,0xC2,0x08,0x48,0x0F,0xB6,0x3A,0x48,0xC1,0xE7,0x02
	.byte 0xB8,0x00,0x00,0x00,0x02,0x48,0x89,0xFE,0x48,0xF7,0xE6,0x49,0x89,0x7E,0x18,0x48
	.byte 0x81,0xCF,0x00,0x00,0x00,0x04,0x48,0x83,0xE7,0x01,0x48,0x09,0xD7,0x48,0xD1,0xE8
	.byte 0x48,0x83,0xFF,0x00,0x0F,0x84,0x30,0x00,0x00,0x00,0xBF,0x00,0x00,0x00,0x04,0x49
	.byte 0x8B,0x76,0x18,0x49,0x89,0x7E,0x28,0x41,0xBB,0x4B,0x08,0x00,0x00,0x4D,0x89,0x1E
	.byte 0x48,0x8D,0x05,0x05,0x00,0x00,0x00,0xE9,0xA8,0x70,0xFE,0xFF,0x49,0x8B,0x76,0x30
	.byte 0x49,0x89,0x7E,0x28,0xE9,0x09,0x00,0x00,0x00,0x90,0x49,0x89,0x46,0x28,0x49,0x8B
	.byte 0x76,0x30,0xBF,0x08,0x00,0x00,0x00,0x48,0x01,0xF7,0xB8,0x00,0x00,0x00,0x00,0x40
	.byte 0x0F,0x90,0xC0,0x49,0x89,0x76,0x30,0x48,0x09,0xC6,0x48,0x83,0xCE,0x08,0x48,0xF7
	.byte 0xC6,0x01,0x00,0x00,0x00,0x0F,0x84,0x2D,0x00,0x00,0x00,0xBF,0x08,0x00,0x00,0x00
	.byte 0x49,0x8B,0x76,0x30,0x49,0x89,0x7E,0x20,0x41,0xBB,0x4C,0x08,0x00,0x00,0x4D,0x89
	.byte 0x1E,0x48,0x8D,0x05,0x06,0x00,0x00,0x00,0xE9,0x35,0x70,0xFE,0xFF,0x90,0x49,0x8B
	.byte 0x46,0x40,0xE9,0x05,0x00,0x00,0x00,0x90,0x49,0x8B,0x46,0x40,0x48,0xC1,0xEF,0x02
	.byte 0x4C,0x01,0xE7,0x49,0x89,0x46,0x40,0x48,0xC1,0xE8,0x09,0x48,0x01,0xC7,0x48,0x83
	.byte 0xC7,0x08,0x48,0x0F,0xB6,0x3F,0x48,0xC1,0xE7,0x02,0xB8,0x00,0x00,0x02,0x00,0x48
	.byte 0x89,0xFE,0x48,0xF7,0xE6,0x48,0x89,0xFE,0x48,0x81,0xCF,0x00,0x00,0x04,0x00,0x48
	.byte 0x83,0xE7,0x01,0x48,0x09,0xD7,0x48,0xD1,0xE8,0x48,0x83,0xFF,0x00,0x0F,0x84,0x31
	.byte 0x00,0x00,0x00,0xBF,0x00,0x00,0x04,0x00,0x49,0x89,0x7E,0x10,0x49,0x89,0x76,0x20
	.byte 0x41,0xBB,0x4D,0x08,0x00,0x00,0x4D,0x89,0x1E,0x48,0x8D,0x05,0x06,0x00,0x00,0x00
	.byte 0xE9,0xCF,0x6F,0xFE,0xFF,0x90,0x49,0x8B,0x76,0x30,0x49,0x89,0x7E,0x30,0xE9,0x09
	.byte 0x00,0x00,0x00,0x90,0x49,0x8B,0x76,0x30,0x49,0x89,0x46,0x30,0xBF,0x04,0x00,0x00
	.byte 0x00,0x48,0x01,0xF7,0xB8,0x00,0x00,0x00,0x00,0x40,0x0F,0x90,0xC0,0x49,0x89,0x76
	.byte 0x20,0x48,0x09,0xC6,0x48,0x83,0xCE,0x04,0x48,0xF7,0xC6,0x01,0x00,0x00,0x00,0x0F
	.byte 0x84,0x2D,0x00,0x00,0x00,0xBF,0x04,0x00,0x00,0x00,0x49,0x8B,0x76,0x20,0x49,0x89
	.byte 0x7E,0x10,0x41,0xBB,0x4E,0x08,0x00,0x00,0x4D,0x89,0x1E,0x48,0x8D,0x05,0x06,0x00
	.byte 0x00,0x00,0xE9,0x5B,0x6F,0xFE,0xFF,0x90,0x49,0x8B,0x46,0x40,0xE9,0x05,0x00,0x00
	.byte 0x00,0x90,0x49,0x8B,0x46,0x40,0x48,0xC1,0xEF,0x02,0x4C,0x01,0xE7,0x49,0x89,0x46
	.byte 0x40,0x48,0xC1,0xE8,0x09,0x48,0x01,0xC7,0x48,0x83,0xC7,0x08,0x48,0x0F,0xB6,0x3F
	.byte 0x48,0xC1,0xE7,0x02,0xB8,0x00,0x02,0x00,0x00,0x48,0x89,0xFE,0x48,0xF7,0xE6,0x48
	.byte 0x89,0xF9,0x48,0x81,0xCF,0x00,0x04,0x00,0x00,0x48,0x83,0xE7,0x01,0x48,0x09,0xD7
	.byte 0x48,0x89,0xC6,0x48,0xD1,0xEE,0x48,0x83,0xFF,0x00,0x0F,0x84,0x4E,0x00,0x00,0x00
	.byte 0xBF,0x00,0x04,0x00,0x00,0x48,0x89,0xCE,0x49,0x89,0x7E,0x08,0x49,0x89,0x4E,0x10
	.byte 0x41,0xBB,0x4F,0x08,0x00,0x00,0x4D,0x89,0x1E,0x48,0x8D,0x05,0x06,0x00,0x00,0x00
	.byte 0xE9,0xEF,0x6E,0xFE,0xFF,0x90,0x48,0x89,0xFE,0x49,0x8B,0x7E,0x40,0x4D,0x8B,0x5E
	.byte 0x30,0x4D,0x89,0x5E,0x40,0x4D,0x8B,0x5E,0x28,0x4D,0x89,0x5E,0x30,0x49,0x8B,0x46
	.byte 0x20,0x4D,0x8B,0x5E,0x18,0x4D,0x89,0x5E,0x28,0xE9,0x20,0x00,0x00,0x00,0x49,0x8B
	.byte 0x7E,0x40,0x4D,0x8B,0x5E,0x30,0x4D,0x89,0x5E,0x40,0x4D,0x8B,0x5E,0x28,0x4D,0x89
	.byte 0x5E,0x30,0x49,0x8B,0x46,0x20,0x4D,0x8B,0x5E,0x18,0x4D,0x89,0x5E,0x28,0x48,0xC1
	.byte 0xE8,0x02,0x4C,0x01,0xE0,0x48,0xC1,0xEF,0x09,0x48,0x01,0xF8,0x48,0x83,0xC0,0x08
	.byte 0x48,0x0F,0xB6,0x38,0x48,0xC1,0xE7,0x02,0x48,0x89,0xF9,0x48,0x01,0xF1,0xB8,0x00
	.byte 0x00,0x00,0x00,0x40,0x0F,0x90,0xC0,0x48,0x89,0xF2,0x48,0x09,0xFA,0x48,0x09,0xC2
	.byte 0x48,0xF7,0xC2,0x01,0x00,0x00,0x00,0x0F,0x84,0x39,0x00,0x00,0x00,0x49,0x89,0x76
	.byte 0x18,0x49,0x89,0x7E,0x20,0x41,0xBB,0x50,0x08,0x00,0x00,0x4D,0x89,0x1E,0x48,0x8D
	.byte 0x05,0x05,0x00,0x00,0x00,0xE9,0x38,0x6E,0xFE,0xFF,0x48,0x89,0xF9,0x49,0x8B,0x76
	.byte 0x40,0x4D,0x8B,0x5E,0x30,0x4D,0x89,0x5E,0x40,0x4D,0x8B,0x5E,0x28,0x4D,0x89,0x5E
	.byte 0x30,0xE9,0x14,0x00,0x00,0x00,0x49,0x8B,0x76,0x40,0x4D,0x8B,0x5E,0x30,0x4D,0x89
	.byte 0x5E,0x40,0x4D,0x8B,0x5E,0x28,0x4D,0x89,0x5E,0x30,0x48,0x89,0xCF,0x48,0x01,0xF7
	.byte 0xB8,0x00,0x00,0x00,0x00,0x40,0x0F,0x90,0xC0,0x48,0x89,0xF2,0x48,0x09,0xCA,0x48
	.byte 0x09,0xC2,0x48,0xF7,0xC2,0x01,0x00,0x00,0x00,0x0F,0x84,0x33,0x00,0x00,0x00,0x48
	.byte 0x89,0xCF,0x49,0x89,0x76,0x28,0x49,0x89,0x4E,0x20,0x41,0xBB,0x51,0x08,0x00,0x00
	.byte 0x4D,0x89,0x1E,0x48,0x8D,0x05,0x06,0x00,0x00,0x00,0xE9,0xC3,0x6D,0xFE,0xFF,0x90
	.byte 0x49,0x8B,0x76,0x40,0x4D,0x8B,0x5E,0x30,0x4D,0x89,0x5E,0x40,0xE9,0x0D,0x00,0x00
	.byte 0x00,0x90,0x49,0x8B,0x76,0x40,0x4D,0x8B,0x5E,0x30,0x4D,0x89,0x5E,0x40,0x48,0x89
	.byte 0xF9,0x48,0x01,0xF1,0xB8,0x00,0x00,0x00,0x00,0x40,0x0F,0x90,0xC0,0x48,0x89,0xF2
	.byte 0x48,0x09,0xFA,0x48,0x09,0xC2,0x48,0xF7,0xC2,0x01,0x00,0x00,0x00,0x0F,0x84,0x2B
	.byte 0x00,0x00,0x00,0x49,0x89,0x7E,0x30,0x49,0x89,0x76,0x28,0x41,0xBB,0x52,0x08,0x00
	.byte 0x00,0x4D,0x89,0x1E,0x48,0x8D,0x05,0x05,0x00,0x00,0x00,0xE9,0x62,0x6D,0xFE,0xFF
	.byte 0x49,0x8B,0x76,0x40,0x49,0x89,0x7E,0x30,0xE9,0x09,0x00,0x00,0x00,0x90,0x49,0x89
	.byte 0x4E,0x30,0x49,0x8B,0x76,0x40,0xB8,0x00,0x02,0x00,0x00,0x49,0x89,0x46,0x40,0x48
	.byte 0x89,0xF0,0x48,0x0D,0x00,0x02,0x00,0x00,0x48,0xA9,0x01,0x00,0x00,0x00,0x0F,0x84
	.byte 0x40,0x00,0x00,0x00,0xBF,0x00,0x02,0x00,0x00,0x4D,0x8B,0x5E,0x40,0x4D,0x89,0x5E
	.byte 0x28,0x4D,0x8B,0x5E,0x38,0x4D,0x89,0x5E,0x40,0x4D,0x8B,0x5E,0x30,0x4D,0x89,0x5E
	.byte 0x38,0x49,0x89,0x76,0x30,0x41,0xBB,0x53,0x08,0x00,0x00,0x4D,0x89,0x1E,0x48,0x8D
	.byte 0x05,0x05,0x00,0x00,0x00,0xE9,0x70,0x6D,0xFE,0xFF,0xBE,0x01,0x00,0x00,0x00,0xE9
	.byte 0x14,0x00,0x00,0x00,0x49,0x8B,0x7E,0x40,0x4D,0x8B,0x5E,0x38,0x4D,0x89,0x5E,0x40
	.byte 0x4D,0x8B,0x5E,0x30,0x4D,0x89,0x5E,0x38,0x48,0x39,0xFE,0x0F,0x8C,0xB7,0x00,0x00
	.byte 0x00,0x49,0x8B,0x45,0xD8,0x49,0x8B,0x7D,0xF8,0x48,0x29,0xF8,0x48,0x83,0xF8,0x18
	.byte 0x0F,0x82,0x0A,0x00,0x00,0x00,0x49,0x8B,0x76,0x38,0xE9,0x1F,0x00,0x00,0x00,0x90
	.byte 0xBF,0x18,0x00,0x00,0x00,0x41,0xBB,0x54,0x08,0x00,0x00,0x4D,0x89,0x1E,0x48,0x8D
	.byte 0x05,0x05,0x00,0x00,0x00,0xE9,0xFE,0x5F,0xFE,0xFF,0x49,0x8B,0x76,0x38,0x49,0x8B
	.byte 0x45,0xF8,0x49,0x89,0x45,0xF8,0x48,0xBF,0x00,0x00,0x00,0x00,0xFC,0xFF,0xFF,0xFF
	.byte 0x48,0x01,0xF7,0xB8,0x00,0x00,0x00,0x00,0x40,0x0F,0x90,0xC0,0x48,0x89,0xF2,0x48
	.byte 0x09,0xC2,0x48,0xB8,0x00,0x00,0x00,0x00,0xFC,0xFF,0xFF,0xFF,0x48,0x09,0xC2,0x48
	.byte 0xF7,0xC2,0x01,0x00,0x00,0x00,0x0F,0x84,0x32,0x00,0x00,0x00,0x48,0xBF,0x00,0x00
	.byte 0x00,0x00,0xFC,0xFF,0xFF,0xFF,0x49,0x89,0x7E,0x30,0x49,0x89,0x76,0x38,0x41,0xBB
	.byte 0x55,0x08,0x00,0x00,0x4D,0x89,0x1E,0x48,0x8D,0x05,0x06,0x00,0x00,0x00,0xE9,0x2F
	.byte 0x6C,0xFE,0xFF,0x90,0x49,0x8B,0x46,0x40,0xE9,0x05,0x00,0x00,0x00,0x90,0x49,0x8B
	.byte 0x46,0x40,0x49,0x83,0xC6,0x48,0xFF,0xE0,0x49,0x8B,0x7E,0x38,0x4D,0x8B,0x5E,0x40
	.byte 0x49,0x83,0xC6,0x48,0x41,0xFF,0xE3,0x90,0xE9,0x01,0x00,0x00,0x00,0x90,0x49,0x83
	.byte 0xEE,0x30,0x4D,0x39,0xEE,0x0F,0x82,0x51,0x5F,0xFE,0xFF,0x90,0x48,0x89,0xF9,0x48
	.byte 0x09,0xF7,0x48,0xF7,0xC7,0x01,0x00,0x00,0x00,0x0F,0x84,0x3D,0x00,0x00,0x00,0x48
	.byte 0x89,0xF7,0x49,0x89,0x76,0x20,0x48,0x89,0xCE,0x49,0x89,0x46,0x28,0x49,0x89,0x4E
	.byte 0x18,0x49,0x89,0x56,0x10,0x41,0xBB,0x56,0x08,0x00,0x00,0x4D,0x89,0x1E,0x48,0x8D
	.byte 0x05,0x05,0x00,0x00,0x00,0xE9,0x30,0x6C,0xFE,0xFF,0x49,0x8B,0x56,0x18,0xB9,0x01
	.byte 0x00,0x00,0x00,0x48,0x89,0xFE,0xE9,0x11,0x00,0x00,0x00,0x90,0x49,0x89,0x46,0x28
	.byte 0x49,0x89,0x76,0x20,0x49,0x89,0x56,0x10,0x48,0x89,0xCA,0x90,0x48,0x39,0xF1,0x0F
	.byte 0x8C,0x11,0x00,0x00,0x00,0xBF,0x02,0x00,0x00,0x00,0x4D,0x8B,0x5E,0x28,0x49,0x83
	.byte 0xC6,0x30,0x41,0xFF,0xE3,0x90,0xBF,0x04,0x00,0x00,0x00,0x48,0x01,0xD7,0xB8,0x00
	.byte 0x00,0x00,0x00,0x40,0x0F,0x90,0xC0,0x49,0x89,0x56,0x18,0x48,0x09,0xC2,0x48,0x83
	.byte 0xCA,0x04,0x48,0xF7,0xC2,0x01,0x00,0x00,0x00,0x0F,0x84,0x39,0x00,0x00,0x00,0xBF
	.byte 0x04,0x00,0x00,0x00,0x49,0x8B,0x76,0x18,0x49,0x89,0x7E,0x08,0x41,0xBB,0x57,0x08
	.byte 0x00,0x00,0x4D,0x89,0x1E,0x48,0x8D,0x05,0x06,0x00,0x00,0x00,0xE9,0x31,0x6B,0xFE
	.byte 0xFF,0x90,0x49,0x8B,0x76,0x20,0x4D,0x8B,0x5E,0x18,0x4D,0x89,0x5E,0x20,0x49,0x8B
	.byte 0x56,0x10,0xE9,0x11,0x00,0x00,0x00,0x90,0x49,0x8B,0x76,0x20,0x4D,0x8B,0x5E,0x18
	.byte 0x4D,0x89,0x5E,0x20,0x49,0x8B,0x56,0x10,0x49,0x89,0x56,0x18,0x41,0xBB,0x58,0x08
	.byte 0x00,0x00,0x4D,0x89,0x1E,0x48,0x8D,0x05,0x06,0x00,0x00,0x00,0xE9,0xED,0xFE,0xFF
	.byte 0xFF,0x90,0x49,0x89,0xF8,0x49,0x8B,0x4E,0x20,0x4D,0x8B,0x5E,0x18,0x4D,0x89,0x5E
	.byte 0x20,0xB8,0x08,0x00,0x00,0x00,0x48,0x89,0xCE,0x48,0xF7,0xE6,0x48,0x89,0xCE,0x48
	.byte 0x83,0xC9,0x10,0x48,0x83,0xE1,0x01,0x48,0x09,0xD1,0x48,0x89,0xC7,0x48,0xD1,0xEF
	.byte 0x48,0x83,0xF9,0x00,0x0F,0x84,0x38,0x00,0x00,0x00,0xBF,0x10,0x00,0x00,0x00,0x4D
	.byte 0x8B,0x5E,0x20,0x4D,0x89,0x5E,0x18,0x4D,0x89,0x46,0x20,0x49,0x89,0x76,0x10,0x49
	.byte 0x89,0x7E,0x08,0x41,0xBB,0x59,0x08,0x00,0x00,0x4D,0x89,0x1E,0x48,0x8D,0x05,0x05
	.byte 0x00,0x00,0x00,0xE9,0x9C,0x6A,0xFE,0xFF,0x49,0x8B,0x76,0x18,0xE9,0x09,0x00,0x00
	.byte 0x00,0x90,0x49,0x8B,0x76,0x20,0x4D,0x89,0x46,0x20,0x41,0xBB,0x5A,0x08,0x00,0x00
	.byte 0x4D,0x89,0x1E,0x48,0x8D,0x05,0x06,0x00,0x00,0x00,0xE9,0xEF,0xF8,0xFF,0xFF,0x90
	.byte 0x48,0x89,0xFE,0x49,0x8B,0x45,0xD8,0x49,0x8B,0x7D,0xF8,0x48,0x29,0xF8,0x48,0x83
	.byte 0xF8,0x18,0x0F,0x82,0x0E,0x00,0x00,0x00,0x49,0x8B,0x56,0x28,0x49,0x8B,0x7E,0x20
	.byte 0xE9,0x2B,0x00,0x00,0x00,0x90,0xBF,0x18,0x00,0x00,0x00,0x49,0x89,0x76,0x18,0x41
	.byte 0xBB,0x5B,0x08,0x00,0x00,0x4D,0x89,0x1E,0x48,0x8D,0x05,0x05,0x00,0x00,0x00,0xE9
	.byte 0x84,0x5D,0xFE,0xFF,0x49,0x8B,0x56,0x28,0x49,0x8B,0x7E,0x20,0x49,0x8B,0x76,0x18
	.byte 0x49,0x8B,0x45,0xF8,0x48,0xB9,0x03,0x00,0x00,0x00,0x02,0x00,0x00,0x00,0x48,0x89
	.byte 0x08,0x48,0x89,0x70,0x08,0x48,0x89,0x78,0x10,0x48,0x89,0xC7,0x4C,0x29,0xE7,0x48
	.byte 0xC1,0xE7,0x09,0x48,0x83,0xCF,0x05,0x48,0x83,0xC0,0x18,0x49,0x89,0x45,0xF8,0x49
	.byte 0x83,0xC6,0x30,0xFF,0xE2,0x90,0xE9,0x01,0x00,0x00,0x00,0x90,0x49,0x83,0xEE,0x60
	.byte 0x4D,0x39,0xEE,0x0F,0x82,0x23,0x5D,0xFE,0xFF,0x90,0x48,0x89,0xC1,0xBA,0x1C,0x00
	.byte 0x00,0x00,0x48,0x01,0xFA,0xB8,0x00,0x00,0x00,0x00,0x40,0x0F,0x90,0xC0,0x49,0x89
	.byte 0x7E,0x40,0x48,0x09,0xC7,0x48,0x83,0xCF,0x1C,0x48,0xF7,0xC7,0x01,0x00,0x00,0x00
	.byte 0x0F,0x84,0x34,0x00,0x00,0x00,0xBF,0x1C,0x00,0x00,0x00,0x49,0x89,0x76,0x48,0x49
	.byte 0x8B,0x76,0x40,0x49,0x89,0x4E,0x58,0x49,0x89,0x7E,0x50,0x41,0xBB,0x5C,0x08,0x00
	.byte 0x00,0x4D,0x89,0x1E,0x48,0x8D,0x05,0x05,0x00,0x00,0x00,0xE9,0x72,0x69,0xFE,0xFF
	.byte 0x49,0x89,0x7E,0x50,0xE9,0x0D,0x00,0x00,0x00,0x90,0x49,0x89,0x56,0x50,0x49,0x89
	.byte 0x4E,0x58,0x49,0x89,0x76,0x48,0x49,0x8B,0x45,0xD8,0x49,0x8B,0x7D,0xF8,0x48,0x29
	.byte 0xF8,0x48,0x83,0xF8,0x18,0x0F,0x82,0x15,0x00,0x00,0x00,0x49,0x8B,0x46,0x50,0x49
	.byte 0x8B,0x7E,0x48,0x4D,0x8B,0x5E,0x40,0x4D,0x89,0x5E,0x50,0xE9,0x2A,0x00,0x00,0x00
	.byte 0xBF,0x18,0x00,0x00,0x00,0x41,0xBB,0x5D,0x08,0x00,0x00,0x4D,0x89,0x1E,0x48,0x8D
	.byte 0x05,0x05,0x00,0x00,0x00,0xE9,0x7E,0x5C,0xFE,0xFF,0x49,0x8B,0x46,0x50,0x49,0x8B
	.byte 0x7E,0x48,0x4D,0x8B,0x5E,0x40,0x4D,0x89,0x5E,0x50,0x48,0xC1,0xE8,0x02,0x4C,0x01
	.byte 0xE0,0x49,0x89,0x7E,0x48,0x48,0xC1,0xEF,0x09,0x48,0x01,0xF8,0x48,0x83,0xC0,0x08
	.byte 0x48,0x0F,0xB6,0x08,0x48,0xC1,0xE1,0x02,0x49,0x8B,0x45,0xF8,0x49,0x89,0x45,0xF8
	.byte 0x48,0xB8,0x00,0x00,0x00,0x00,0x00,0x00,0x00,0x02,0x48,0x89,0xCE,0x48,0xF7,0xE6
	.byte 0x48,0xBE,0x00,0x00,0x00,0x00,0x00,0x00,0x00,0x04,0x48,0x89,0xCF,0x48,0x09,0xF7
	.byte 0x48,0x83,0xE7,0x01,0x48,0x09,0xD7,0x48,0xD1,0xE8,0x48,0x83,0xFF,0x00,0x0F,0x84
	.byte 0x38,0x00,0x00,0x00,0x48,0xBF,0x00,0x00,0x00,0x00,0x00,0x00,0x00,0x04,0x48,0x89
	.byte 0xCE,0x49,0x89,0x7E,0x38,0x49,0x89,0x4E,0x40,0x41,0xBB,0x5E,0x08,0x00,0x00,0x4D
	.byte 0x89,0x1E,0x48,0x8D,0x05,0x05,0x00,0x00,0x00,0xE9,0x96,0x68,0xFE,0xFF,0x49,0x8B
	.byte 0x76,0x50,0x49,0x89,0x7E,0x30,0xE9,0x09,0x00,0x00,0x00,0x90,0x49,0x89,0x46,0x30
	.byte 0x49,0x8B,0x76,0x50,0xBF,0x18,0x00,0x00,0x00,0x48,0x01,0xF7,0xB8,0x00,0x00,0x00
	.byte 0x00,0x40,0x0F,0x90,0xC0,0x49,0x89,0x76,0x40,0x48,0x09,0xC6,0x48,0x83,0xCE,0x18
	.byte 0x48,0xF7,0xC6,0x01,0x00,0x00,0x00,0x0F,0x84,0x2D,0x00,0x00,0x00,0xBF,0x18,0x00
	.byte 0x00,0x00,0x49,0x8B,0x76,0x40,0x49,0x89,0x7E,0x50,0x41,0xBB,0x5F,0x08,0x00,0x00
	.byte 0x4D,0x89,0x1E,0x48,0x8D,0x05,0x06,0x00,0x00,0x00,0xE9,0x23,0x68,0xFE,0xFF,0x90
	.byte 0x49,0x89,0x7E,0x50,0xE9,0x05,0x00,0x00,0x00,0x90,0x49,0x89,0x7E,0x50,0x49,0x8B
	.byte 0x45,0xD8,0x49,0x8B,0x7D,0xF8,0x48,0x29,0xF8,0x48,0x83,0xF8,0x18,0x0F,0x82,0x15
	.byte 0x00,0x00,0x00,0x49,0x8B,0x46,0x50,0x49,0x8B,0x7E,0x48,0x4D,0x8B,0x5E,0x40,0x4D
	.byte 0x89,0x5E,0x50,0xE9,0x2A,0x00,0x00,0x00,0xBF,0x18,0x00,0x00,0x00,0x41,0xBB,0x60
	.byte 0x08,0x00,0x00,0x4D,0x89,0x1E,0x48,0x8D,0x05,0x05,0x00,0x00,0x00,0xE9,0x36,0x5B
	.byte 0xFE,0xFF,0x49,0x8B,0x46,0x50,0x49,0x8B,0x7E,0x48,0x4D,0x8B,0x5E,0x40,0x4D,0x89
	.byte 0x5E,0x50,0x48,0xC1,0xE8,0x02,0x4C,0x01,0xE0,0x49,0x89,0x7E,0x48,0x48,0xC1,0xEF
	.byte 0x09,0x48,0x01,0xF8,0x48,0x83,0xC0,0x08,0x48,0x0F,0xB6,0x08,0x48,0xC1,0xE1,0x02
	.byte 0x49,0x8B,0x45,0xF8,0x49,0x89,0x45,0xF8,0x48,0xB8,0x00,0x00,0x00,0x00,0x00,0x00
	.byte 0x02,0x00,0x48,0x89,0xCE,0x48,0xF7,0xE6,0x48,0xBE,0x00,0x00,0x00,0x00,0x00,0x00
	.byte 0x04,0x00,0x48,0x89,0xCF,0x48,0x09,0xF7,0x48,0x83,0xE7,0x01,0x48,0x09,0xD7,0x48
	.byte 0xD1,0xE8,0x48,0x83,0xFF,0x00,0x0F,0x84,0x38,0x00,0x00,0x00,0x48,0xBF,0x00,0x00
	.byte 0x00,0x00,0x00,0x00,0x04,0x00,0x48,0x89,0xCE,0x49,0x89,0x7E,0x40,0x49,0x89,0x4E
	.byte 0x38,0x41,0xBB,0x61,0x08,0x00,0x00,0x4D,0x89,0x1E,0x48,0x8D,0x05,0x05,0x00,0x00
	.byte 0x00,0xE9,0x4E,0x67,0xFE,0xFF,0x49,0x8B,0x76,0x50,0x49,0x89,0x7E,0x40,0xE9,0x09
	.byte 0x00,0x00,0x00,0x90,0x49,0x89,0x46,0x40,0x49,0x8B,0x76,0x50,0xBF,0x14,0x00,0x00
	.byte 0x00,0x48,0x01,0xF7,0xB8,0x00,0x00,0x00,0x00,0x40,0x0F,0x90,0xC0,0x49,0x89,0x76
	.byte 0x38,0x48,0x09,0xC6,0x48,0x83,0xCE,0x14,0x48,0xF7,0xC6,0x01,0x00,0x00,0x00,0x0F
	.byte 0x84,0x2D,0x00,0x00,0x00,0xBF,0x14,0x00,0x00,0x00,0x49,0x8B,0x76,0x38,0x49,0x89
	.byte 0x7E,0x50,0x41,0xBB,0x62,0x08,0x00,0x00,0x4D,0x89,0x1E,0x48,0x8D,0x05,0x06,0x00
	.byte 0x00,0x00,0xE9,0xDB,0x66,0xFE,0xFF,0x90,0x49,0x89,0x7E,0x50,0xE9,0x05,0x00,0x00
	.byte 0x00,0x90,0x49,0x89,0x7E,0x50,0x49,0x8B,0x45,0xD8,0x49,0x8B,0x7D,0xF8,0x48,0x29
	.byte 0xF8,0x48,0x83,0xF8,0x18,0x0F,0x82,0x15,0x00,0x00,0x00,0x49,0x8B,0x46,0x50,0x49
	.byte 0x8B,0x7E,0x48,0x4D,0x8B,0x5E,0x38,0x4D,0x89,0x5E,0x50,0xE9,0x2A,0x00,0x00,0x00
	.byte 0xBF,0x18,0x00,0x00,0x00,0x41,0xBB,0x63,0x08,0x00,0x00,0x4D,0x89,0x1E,0x48,0x8D
	.byte 0x05,0x05,0x00,0x00,0x00,0xE9,0xEE,0x59,0xFE,0xFF,0x49,0x8B,0x46,0x50,0x49,0x8B
	.byte 0x7E,0x48,0x4D,0x8B,0x5E,0x38,0x4D,0x89,0x5E,0x50,0x48,0xC1,0xE8,0x02,0x4C,0x01
	.byte 0xE0,0x49,0x89,0x7E,0x48,0x48,0xC1,0xEF,0x09,0x48,0x01,0xF8,0x48,0x83,0xC0,0x08
	.byte 0x48,0x0F,0xB6,0x08,0x48,0xC1,0xE1,0x02,0x49,0x8B,0x45,0xF8,0x49,0x89,0x45,0xF8
	.byte 0x48,0xB8,0x00,0x00,0x00,0x00,0x00,0x02,0x00,0x00,0x48,0x89,0xCE,0x48,0xF7,0xE6
	.byte 0x48,0xBE,0x00,0x00,0x00,0x00,0x00,0x04,0x00,0x00,0x48,0x89,0xCF,0x48,0x09,0xF7
	.byte 0x48,0x83,0xE7,0x01,0x48,0x09,0xD7,0x48,0xD1,0xE8,0x48,0x83,0xFF,0x00,0x0F,0x84
	.byte 0x38,0x00,0x00,0x00,0x48,0xBF,0x00,0x00,0x00,0x00,0x00,0x04,0x00,0x00,0x48,0x89
	.byte 0xCE,0x49,0x89,0x7E,0x38,0x49,0x89,0x4E,0x28,0x41,0xBB,0x64,0x08,0x00,0x00,0x4D
	.byte 0x89,0x1E,0x48,0x8D,0x05,0x05,0x00,0x00,0x00,0xE9,0x06,0x66,0xFE,0xFF,0x49,0x8B
	.byte 0x76,0x50,0x49,0x89,0x7E,0x20,0xE9,0x09,0x00,0x00,0x00,0x90,0x49,0x89,0x46,0x20
	.byte 0x49,0x8B,0x76,0x50,0xBF,0x10,0x00,0x00,0x00,0x48,0x01,0xF7,0xB8,0x00,0x00,0x00
	.byte 0x00,0x40,0x0F,0x90,0xC0,0x49,0x89,0x76,0x38,0x48,0x09,0xC6,0x48,0x83,0xCE,0x10
	.byte 0x48,0xF7,0xC6,0x01,0x00,0x00,0x00,0x0F,0x84,0x2D,0x00,0x00,0x00,0xBF,0x10,0x00
	.byte 0x00,0x00,0x49,0x8B,0x76,0x38,0x49,0x89,0x7E,0x50,0x41,0xBB,0x65,0x08,0x00,0x00
	.byte 0x4D,0x89,0x1E,0x48,0x8D,0x05,0x06,0x00,0x00,0x00,0xE9,0x93,0x65,0xFE,0xFF,0x90
	.byte 0x49,0x89,0x7E,0x50,0xE9,0x05,0x00,0x00,0x00,0x90,0x49,0x89,0x7E,0x50,0x49,0x8B
	.byte 0x45,0xD8,0x49,0x8B,0x7D,0xF8,0x48,0x29,0xF8,0x48,0x83,0xF8,0x18,0x0F,0x82,0x15
	.byte 0x00,0x00,0x00,0x49,0x8B,0x46,0x50,0x49,0x8B,0x7E,0x48,0x4D,0x8B,0x5E,0x38,0x4D
	.byte 0x89,0x5E,0x48,0xE9,0x2A,0x00,0x00,0x00,0xBF,0x18,0x00,0x00,0x00,0x41,0xBB,0x66
	.byte 0x08,0x00,0x00,0x4D,0x89,0x1E,0x48,0x8D,0x05,0x05,0x00,0x00,0x00,0xE9,0xA6,0x58
	.byte 0xFE,0xFF,0x49,0x8B,0x46,0x50,0x49,0x8B,0x7E,0x48,0x4D,0x8B,0x5E,0x38,0x4D,0x89
	.byte 0x5E,0x48,0x48,0xC1,0xE8,0x02,0x4C,0x01,0xE0,0x49,0x89,0x7E,0x50,0x48,0xC1,0xEF
	.byte 0x09,0x48,0x01,0xF8,0x48,0x83,0xC0,0x08,0x48,0x0F,0xB6,0x08,0x48,0xC1,0xE1,0x02
	.byte 0x49,0x8B,0x45,0xF8,0x49,0x89,0x45,0xF8,0x48,0xB8,0x00,0x00,0x00,0x00,0x02,0x00
	.byte 0x00,0x00,0x48,0x89,0xCE,0x48,0xF7,0xE6,0x48,0xBE,0x00,0x00,0x00,0x00,0x04,0x00
	.byte 0x00,0x00,0x48,0x89,0xCF,0x48,0x09,0xF7,0x48,0x83,0xE7,0x01,0x48,0x09,0xD7,0x48
	.byte 0xD1,0xE8,0x48,0x83,0xFF,0x00,0x0F,0x84,0x38,0x00,0x00,0x00,0x48,0xBF,0x00,0x00
	.byte 0x00,0x00,0x04,0x00,0x00,0x00,0x48,0x89,0xCE,0x49,0x89,0x7E,0x28,0x49,0x89,0x4E
	.byte 0x38,0x41,0xBB,0x67,0x08,0x00,0x00,0x4D,0x89,0x1E,0x48,0x8D,0x05,0x05,0x00,0x00
	.byte 0x00,0xE9,0xBE,0x64,0xFE,0xFF,0x49,0x8B,0x76,0x48,0x49,0x89,0x7E,0x48,0xE9,0x09
	.byte 0x00,0x00,0x00,0x90,0x49,0x8B,0x76,0x48,0x49,0x89,0x46,0x48,0xBF,0x0C,0x00,0x00
	.byte 0x00,0x48,0x01,0xF7,0xB8,0x00,0x00,0x00,0x00,0x40,0x0F,0x90,0xC0,0x49,0x89,0x76
	.byte 0x38,0x48,0x09,0xC6,0x48,0x83,0xCE,0x0C,0x48,0xF7,0xC6,0x01,0x00,0x00,0x00,0x0F
	.byte 0x84,0x2D,0x00,0x00,0x00,0xBF,0x0C,0x00,0x00,0x00,0x49,0x8B,0x76,0x38,0x49,0x89
	.byte 0x7E,0x28,0x41,0xBB,0x68,0x08,0x00,0x00,0x4D,0x89,0x1E,0x48,0x8D,0x05,0x06,0x00
	.byte 0x00,0x00,0xE9,0x4B,0x64,0xFE,0xFF,0x90,0x49,0x8B,0x46,0x50,0xE9,0x05,0x00,0x00
	.byte 0x00,0x90,0x49,0x8B,0x46,0x50,0x48,0xC1,0xEF,0x02,0x4C,0x01,0xE7,0x49,0x89,0x46
	.byte 0x50,0x48,0xC1,0xE8,0x09,0x48,0x01,0xC7,0x48,0x83,0xC7,0x08,0x48,0x0F,0xB6,0x3F
	.byte 0x48,0xC1,0xE7,0x02,0xB8,0x00,0x00,0x00,0x02,0x48,0x89,0xFE,0x48,0xF7,0xE6,0x48
	.byte 0x89,0xFE,0x48,0x81,0xCF,0x00,0x00,0x00,0x04,0x48,0x83,0xE7,0x01,0x48,0x09,0xD7
	.byte 0x48,0xD1,0xE8,0x48,0x83,0xFF,0x00,0x0F,0x84,0x31,0x00,0x00,0x00,0xBF,0x00,0x00
	.byte 0x00,0x04,0x49,0x89,0x7E,0x28,0x49,0x89,0x76,0x18,0x41,0xBB,0x69,0x08,0x00,0x00
	.byte 0x4D,0x89,0x1E,0x48,0x8D,0x05,0x06,0x00,0x00,0x00,0xE9,0xE5,0x63,0xFE,0xFF,0x90
	.byte 0x49,0x8B,0x76,0x38,0x49,0x89,0x7E,0x28,0xE9,0x09,0x00,0x00,0x00,0x90,0x49,0x89
	.byte 0x46,0x28,0x49,0x8B,0x76,0x38,0xBF,0x08,0x00,0x00,0x00,0x48,0x01,0xF7,0xB8,0x00
	.byte 0x00,0x00,0x00,0x40,0x0F,0x90,0xC0,0x49,0x89,0x76,0x38,0x48,0x09,0xC6,0x48,0x83
	.byte 0xCE,0x08,0x48,0xF7,0xC6,0x01,0x00,0x00,0x00,0x0F,0x84,0x2D,0x00,0x00,0x00,0xBF
	.byte 0x08,0x00,0x00,0x00,0x49,0x8B,0x76,0x38,0x49,0x89,0x7E,0x18,0x41,0xBB,0x6A,0x08
	.byte 0x00,0x00,0x4D,0x89,0x1E,0x48,0x8D,0x05,0x06,0x00,0x00,0x00,0xE9,0x71,0x63,0xFE
	.byte 0xFF,0x90,0x49,0x8B,0x46,0x50,0xE9,0x05,0x00,0x00,0x00,0x90,0x49,0x8B,0x46,0x50
	.byte 0x48,0xC1,0xEF,0x02,0x4C,0x01,0xE7,0x49,0x89,0x46,0x50,0x48,0xC1,0xE8,0x09,0x48
	.byte 0x01,0xC7,0x48,0x83,0xC7,0x08,0x48,0x0F,0xB6,0x3F,0x48,0xC1,0xE7,0x02,0xB8,0x00
	.byte 0x00,0x02,0x00,0x48,0x89,0xFE,0x48,0xF7,0xE6,0x48,0x89,0xFE,0x48,0x81,0xCF,0x00
	.byte 0x00,0x04,0x00,0x48,0x83,0xE7,0x01,0x48,0x09,0xD7,0x48,0xD1,0xE8,0x48,0x83,0xFF
	.byte 0x00,0x0F,0x84,0x31,0x00,0x00,0x00,0xBF,0x00,0x00,0x04,0x00,0x49,0x89,0x7E,0x10
	.byte 0x49,0x89,0x76,0x18,0x41,0xBB,0x6B,0x08,0x00,0x00,0x4D,0x89,0x1E,0x48,0x8D,0x05
	.byte 0x06,0x00,0x00,0x00,0xE9,0x0B,0x63,0xFE,0xFF,0x90,0x49,0x8B,0x76,0x38,0x49,0x89
	.byte 0x7E,0x38,0xE9,0x09,0x00,0x00,0x00,0x90,0x49,0x8B,0x76,0x38,0x49,0x89,0x46,0x38
	.byte 0xBF,0x04,0x00,0x00,0x00,0x48,0x01,0xF7,0xB8,0x00,0x00,0x00,0x00,0x40,0x0F,0x90
	.byte 0xC0,0x49,0x89,0x76,0x18,0x48,0x09,0xC6,0x48,0x83,0xCE,0x04,0x48,0xF7,0xC6,0x01
	.byte 0x00,0x00,0x00,0x0F,0x84,0x2D,0x00,0x00,0x00,0xBF,0x04,0x00,0x00,0x00,0x49,0x8B
	.byte 0x76,0x18,0x49,0x89,0x7E,0x10,0x41,0xBB,0x6C,0x08,0x00,0x00,0x4D,0x89,0x1E,0x48
	.byte 0x8D,0x05,0x06,0x00,0x00,0x00,0xE9,0x97,0x62,0xFE,0xFF,0x90,0x49,0x8B,0x46,0x50
	.byte 0xE9,0x05,0x00,0x00,0x00,0x90,0x49,0x8B,0x46,0x50,0x48,0xC1,0xEF,0x02,0x4C,0x01
	.byte 0xE7,0x49,0x89,0x46,0x50,0x48,0xC1,0xE8,0x09,0x48,0x01,0xC7,0x48,0x83,0xC7,0x08
	.byte 0x48,0x0F,0xB6,0x0F,0x48,0xC1,0xE1,0x02,0xB8,0x00,0x02,0x00,0x00,0x48,0x89,0xCE
	.byte 0x48,0xF7,0xE6,0x48,0x89,0xCF,0x48,0x81,0xCF,0x00,0x04,0x00,0x00,0x48,0x83,0xE7
	.byte 0x01,0x48,0x09,0xD7,0x48,0x89,0xC6,0x48,0xD1,0xEE,0x48,0x83,0xFF,0x00,0x0F,0x84
	.byte 0x66,0x00,0x00,0x00,0xBF,0x00,0x04,0x00,0x00,0x48,0x89,0xCE,0x49,0x89,0x7E,0x10
	.byte 0x49,0x89,0x4E,0x08,0x41,0xBB,0x6D,0x08,0x00,0x00,0x4D,0x89,0x1E,0x48,0x8D,0x05
	.byte 0x06,0x00,0x00,0x00,0xE9,0x2B,0x62,0xFE,0xFF,0x90,0x48,0x89,0xFE,0x49,0x8B,0x7E
	.byte 0x50,0x4D,0x8B,0x5E,0x48,0x4D,0x89,0x5E,0x50,0x4D,0x8B,0x5E,0x40,0x4D,0x89,0x5E
	.byte 0x48,0x4D,0x8B,0x5E,0x38,0x4D,0x89,0x5E,0x40,0x4D,0x8B,0x5E,0x30,0x4D,0x89,0x5E
	.byte 0x38,0x4D,0x8B,0x5E,0x28,0x4D,0x89,0x5E,0x30,0x4D,0x8B,0x5E,0x20,0x4D,0x89,0x5E
	.byte 0x28,0x49,0x8B,0x46,0x18,0xE9,0x38,0x00,0x00,0x00,0x49,0x8B,0x7E,0x50,0x4D,0x8B
	.byte 0x5E,0x48,0x4D,0x89,0x5E,0x50,0x4D,0x8B,0x5E,0x40,0x4D,0x89,0x5E,0x48,0x4D,0x8B
	.byte 0x5E,0x38,0x4D,0x89,0x5E,0x40,0x4D,0x8B,0x5E,0x30,0x4D,0x89,0x5E,0x38,0x4D,0x8B
	.byte 0x5E,0x28,0x4D,0x89,0x5E,0x30,0x4D,0x8B,0x5E,0x20,0x4D,0x89,0x5E,0x28,0x49,0x8B
	.byte 0x46,0x18,0x48,0xC1,0xE8,0x02,0x4C,0x01,0xE0,0x48,0xC1,0xEF,0x09,0x48,0x01,0xF8
	.byte 0x48,0x83,0xC0,0x08,0x48,0x0F,0xB6,0x38,0x48,0xC1,0xE7,0x02,0x48,0x89,0xFA,0x48
	.byte 0x01,0xF2,0xB8,0x00,0x00,0x00,0x00,0x40,0x0F,0x90,0xC0,0x48,0x89,0xF1,0x48,0x09
	.byte 0xF9,0x48,0x09,0xC1,0x48,0xF7,0xC1,0x01,0x00,0x00,0x00,0x0F,0x84,0x41,0x00,0x00
	.byte 0x00,0x49,0x89,0x76,0x18,0x49,0x89,0x7E,0x20,0x41,0xBB,0x6E,0x08,0x00,0x00,0x4D
	.byte 0x89,0x1E,0x48,0x8D,0x05,0x05,0x00,0x00,0x00,0xE9,0x44,0x61,0xFE,0xFF,0x48,0x89
	.byte 0xFA,0x49,0x8B,0x76,0x40,0x4D,0x8B,0x5E,0x38,0x4D,0x89,0x5E,0x40,0x4D,0x8B,0x5E
	.byte 0x30,0x4D,0x89,0x5E,0x38,0x4D,0x8B,0x5E,0x28,0x4D,0x89,0x5E,0x30,0xE9,0x1C,0x00
	.byte 0x00,0x00,0x49,0x8B,0x76,0x40,0x4D,0x8B,0x5E,0x38,0x4D,0x89,0x5E,0x40,0x4D,0x8B
	.byte 0x5E,0x30,0x4D,0x89,0x5E,0x38,0x4D,0x8B,0x5E,0x28,0x4D,0x89,0x5E,0x30,0x48,0x89
	.byte 0xD7,0x48,0x01,0xF2,0xB8,0x00,0x00,0x00,0x00,0x40,0x0F,0x90,0xC0,0x48,0x89,0xF1
	.byte 0x48,0x09,0xF9,0x48,0x09,0xC1,0x48,0xF7,0xC1,0x01,0x00,0x00,0x00,0x0F,0x84,0x31
	.byte 0x00,0x00,0x00,0x49,0x89,0x76,0x20,0x49,0x89,0x7E,0x28,0x41,0xBB,0x6F,0x08,0x00
	.byte 0x00,0x4D,0x89,0x1E,0x48,0x8D,0x05,0x05,0x00,0x00,0x00,0xE9,0xC2,0x60,0xFE,0xFF
	.byte 0x48,0x89,0xFA,0x49,0x8B,0x76,0x38,0x4D,0x8B,0x5E,0x30,0x4D,0x89,0x5E,0x38,0xE9
	.byte 0x0C,0x00,0x00,0x00,0x49,0x8B,0x76,0x38,0x4D,0x8B,0x5E,0x30,0x4D,0x89,0x5E,0x38
	.byte 0x48,0x89,0xD7,0x48,0x01,0xF7,0xB8,0x00,0x00,0x00,0x00,0x40,0x0F,0x90,0xC0,0x48
	.byte 0x89,0xF1,0x48,0x09,0xD1,0x48,0x09,0xC1,0x48,0xF7,0xC1,0x01,0x00,0x00,0x00,0x0F
	.byte 0x84,0x43,0x00,0x00,0x00,0x48,0x89,0xD7,0x49,0x89,0x56,0x30,0x49,0x89,0x76,0x28
	.byte 0x41,0xBB,0x70,0x08,0x00,0x00,0x4D,0x89,0x1E,0x48,0x8D,0x05,0x06,0x00,0x00,0x00
	.byte 0xE9,0x5D,0x60,0xFE,0xFF,0x90,0x49,0x8B,0x76,0x50,0x4D,0x8B,0x5E,0x48,0x4D,0x89
	.byte 0x5E,0x50,0x4D,0x8B,0x5E,0x40,0x4D,0x89,0x5E,0x48,0x4D,0x8B,0x5E,0x38,0x4D,0x89
	.byte 0x5E,0x40,0xE9,0x1D,0x00,0x00,0x00,0x90,0x49,0x8B,0x76,0x50,0x4D,0x8B,0x5E,0x48
	.byte 0x4D,0x89,0x5E,0x50,0x4D,0x8B,0x5E,0x40,0x4D,0x89,0x5E,0x48,0x4D,0x8B,0x5E,0x38
	.byte 0x4D,0x89,0x5E,0x40,0x48,0x89,0xF9,0x48,0x01,0xF1,0xB8,0x00,0x00,0x00,0x00,0x40
	.byte 0x0F,0x90,0xC0,0x48,0x89,0xF2,0x48,0x09,0xFA,0x48,0x09,0xC2,0x48,0xF7,0xC2,0x01
	.byte 0x00,0x00,0x00,0x0F,0x84,0x29,0x00,0x00,0x00,0x49,0x89,0x76,0x30,0x49,0x89,0x7E
	.byte 0x38,0x41,0xBB,0x71,0x08,0x00,0x00,0x4D,0x89,0x1E,0x48,0x8D,0x05,0x05,0x00,0x00
	.byte 0x00,0xE9,0xDC,0x5F,0xFE,0xFF,0x48,0x89,0xF9,0x49,0x8B,0x76,0x40,0xE9,0x04,0x00
	.byte 0x00,0x00,0x49,0x8B,0x76,0x40,0x48,0x89,0xCF,0x48,0x01,0xF7,0xB8,0x00,0x00,0x00
	.byte 0x00,0x40,0x0F,0x90,0xC0,0x48,0x89,0xF2,0x48,0x09,0xCA,0x48,0x09,0xC2,0x48,0xF7
	.byte 0xC2,0x01,0x00,0x00,0x00,0x0F,0x84,0x33,0x00,0x00,0x00,0x48,0x89,0xCF,0x49,0x89
	.byte 0x4E,0x38,0x49,0x89,0x76,0x40,0x41,0xBB,0x72,0x08,0x00,0x00,0x4D,0x89,0x1E,0x48
	.byte 0x8D,0x05,0x06,0x00,0x00,0x00,0xE9,0x87,0x5F,0xFE,0xFF,0x90,0x49,0x8B,0x76,0x50
	.byte 0x4D,0x8B,0x5E,0x48,0x4D,0x89,0x5E,0x50,0xE9,0x0D,0x00,0x00,0x00,0x90,0x49,0x8B
	.byte 0x76,0x50,0x4D,0x8B,0x5E,0x48,0x4D,0x89,0x5E,0x50,0x48,0x89,0xF9,0x48,0x01,0xF1
	.byte 0xB8,0x00,0x00,0x00,0x00,0x40,0x0F,0x90,0xC0,0x48,0x89,0xF2,0x48,0x09,0xFA,0x48
	.byte 0x09,0xC2,0x48,0xF7,0xC2,0x01,0x00,0x00,0x00,0x0F,0x84,0x29,0x00,0x00,0x00,0x49
	.byte 0x89,0x76,0x40,0x49,0x89,0x7E,0x48,0x41,0xBB,0x73,0x08,0x00,0x00,0x4D,0x89,0x1E
	.byte 0x48,0x8D,0x05,0x05,0x00,0x00,0x00,0xE9,0x26,0x5F,0xFE,0xFF,0x48,0x89,0xF9,0x49
	.byte 0x8B,0x76,0x50,0xE9,0x04,0x00,0x00,0x00,0x49,0x8B,0x76,0x50,0x48,0x89,0xCF,0x48
	.byte 0x01,0xF7,0xB8,0x00,0x00,0x00,0x00,0x40,0x0F,0x90,0xC0,0x48,0x89,0xF2,0x48,0x09
	.byte 0xCA,0x48,0x09,0xC2,0x48,0xF7,0xC2,0x01,0x00,0x00,0x00,0x0F,0x84,0x2B,0x00,0x00
	.byte 0x00,0x48,0x89,0xCF,0x49,0x89,0x4E,0x50,0x49,0x89,0x76,0x48,0x41,0xBB,0x74,0x08
	.byte 0x00,0x00,0x4D,0x89,0x1E,0x48,0x8D,0x05,0x06,0x00,0x00,0x00,0xE9,0xD1,0x5E,0xFE
	.byte 0xFF,0x90,0x49,0x8B,0x46,0x58,0xE9,0x05,0x00,0x00,0x00,0x90,0x49,0x8B,0x46,0x58
	.byte 0x49,0x83,0xC6,0x60,0xFF,0xE0,0xE9,0x01,0x00,0x00,0x00,0x90,0x49,0x83,0xEE,0x30
	.byte 0x4D,0x39,0xEE,0x0F,0x82,0x03,0x52,0xFE,0xFF,0x90,0x48,0x89,0xF9,0x48,0x09,0xF7
	.byte 0x48,0xF7,0xC7,0x01,0x00,0x00,0x00,0x0F,0x84,0x3D,0x00,0x00,0x00,0x48,0x89,0xF7
	.byte 0x49,0x89,0x76,0x20,0x48,0x89,0xCE,0x49,0x89,0x46,0x28,0x49,0x89,0x4E,0x18,0x49
	.byte 0x89,0x56,0x10,0x41,0xBB,0x75,0x08,0x00,0x00,0x4D,0x89,0x1E,0x48,0x8D,0x05,0x05
	.byte 0x00,0x00,0x00,0xE9,0xE2,0x5E,0xFE,0xFF,0x49,0x8B,0x56,0x18,0xB9,0x01,0x00,0x00
	.byte 0x00,0x48,0x89,0xFE,0xE9,0x11,0x00,0x00,0x00,0x90,0x49,0x89,0x46,0x28,0x49,0x89
	.byte 0x76,0x20,0x49,0x89,0x56,0x10,0x48,0x89,0xCA,0x90,0x48,0x39,0xF1,0x0F,0x8C,0x11
	.byte 0x00,0x00,0x00,0xBF,0x02,0x00,0x00,0x00,0x4D,0x8B,0x5E,0x28,0x49,0x83,0xC6,0x30
	.byte 0x41,0xFF,0xE3,0x90,0xBF,0x04,0x00,0x00,0x00,0x48,0x01,0xD7,0xB8,0x00,0x00,0x00
	.byte 0x00,0x40,0x0F,0x90,0xC0,0x49,0x89,0x56,0x18,0x48,0x09,0xC2,0x48,0x83,0xCA,0x04
	.byte 0x48,0xF7,0xC2,0x01,0x00,0x00,0x00,0x0F,0x84,0x39,0x00,0x00,0x00,0xBF,0x04,0x00
	.byte 0x00,0x00,0x49,0x8B,0x76,0x18,0x49,0x89,0x7E,0x08,0x41,0xBB,0x76,0x08,0x00,0x00
	.byte 0x4D,0x89,0x1E,0x48,0x8D,0x05,0x06,0x00,0x00,0x00,0xE9,0xE3,0x5D,0xFE,0xFF,0x90
	.byte 0x49,0x8B,0x76,0x20,0x4D,0x8B,0x5E,0x18,0x4D,0x89,0x5E,0x20,0x49,0x8B,0x56,0x10
	.byte 0xE9,0x11,0x00,0x00,0x00,0x90,0x49,0x8B,0x76,0x20,0x4D,0x8B,0x5E,0x18,0x4D,0x89
	.byte 0x5E,0x20,0x49,0x8B,0x56,0x10,0x49,0x89,0x56,0x18,0x41,0xBB,0x77,0x08,0x00,0x00
	.byte 0x4D,0x89,0x1E,0x48,0x8D,0x05,0x06,0x00,0x00,0x00,0xE9,0xED,0xFE,0xFF,0xFF,0x90
	.byte 0x49,0x89,0xF8,0x49,0x8B,0x4E,0x20,0x4D,0x8B,0x5E,0x18,0x4D,0x89,0x5E,0x20,0xB8
	.byte 0x10,0x00,0x00,0x00,0x48,0x89,0xCE,0x48,0xF7,0xE6,0x48,0x89,0xCE,0x48,0x83,0xC9
	.byte 0x20,0x48,0x83,0xE1,0x01,0x48,0x09,0xD1,0x48,0x89,0xC7,0x48,0xD1,0xEF,0x48,0x83
	.byte 0xF9,0x00,0x0F,0x84,0x38,0x00,0x00,0x00,0xBF,0x20,0x00,0x00,0x00,0x4D,0x8B,0x5E
	.byte 0x20,0x4D,0x89,0x5E,0x18,0x4D,0x89,0x46,0x20,0x49,0x89,0x76,0x10,0x49,0x89,0x7E
	.byte 0x08,0x41,0xBB,0x78,0x08,0x00,0x00,0x4D,0x89,0x1E,0x48,0x8D,0x05,0x05,0x00,0x00
	.byte 0x00,0xE9,0x4E,0x5D,0xFE,0xFF,0x49,0x8B,0x76,0x18,0xE9,0x09,0x00,0x00,0x00,0x90
	.byte 0x49,0x8B,0x76,0x20,0x4D,0x89,0x46,0x20,0x41,0xBB,0x79,0x08,0x00,0x00,0x4D,0x89
	.byte 0x1E,0x48,0x8D,0x05,0x06,0x00,0x00,0x00,0xE9,0x3F,0xF3,0xFF,0xFF,0x90,0x48,0x89
	.byte 0xFE,0x49,0x8B,0x45,0xD8,0x49,0x8B,0x7D,0xF8,0x48,0x29,0xF8,0x48,0x83,0xF8,0x18
	.byte 0x0F,0x82,0x0E,0x00,0x00,0x00,0x49,0x8B,0x56,0x28,0x49,0x8B,0x7E,0x20,0xE9,0x2B
	.byte 0x00,0x00,0x00,0x90,0xBF,0x18,0x00,0x00,0x00,0x49,0x89,0x76,0x18,0x41,0xBB,0x7A
	.byte 0x08,0x00,0x00,0x4D,0x89,0x1E,0x48,0x8D,0x05,0x05,0x00,0x00,0x00,0xE9,0x36,0x50
	.byte 0xFE,0xFF,0x49,0x8B,0x56,0x28,0x49,0x8B,0x7E,0x20,0x49,0x8B,0x76,0x18,0x49,0x8B
	.byte 0x45,0xF8,0x48,0xB9,0x03,0x00,0x00,0x00,0x02,0x00,0x00,0x00,0x48,0x89,0x08,0x48
	.byte 0x89,0x70,0x08,0x48,0x89,0x78,0x10,0x48,0x89,0xC7,0x4C,0x29,0xE7,0x48,0xC1,0xE7
	.byte 0x09,0x48,0x83,0xCF,0x05,0x48,0x83,0xC0,0x18,0x49,0x89,0x45,0xF8,0x49,0x83,0xC6
	.byte 0x30,0xFF,0xE2,0x90,0xE9,0x01,0x00,0x00,0x00,0x90,0x49,0x83,0xEE,0x28,0x4D,0x39
	.byte 0xEE,0x0F,0x82,0xD5,0x4F,0xFE,0xFF,0x90,0x48,0x89,0xF2,0x48,0xC1,0xEE,0x09,0x4C
	.byte 0x01,0xE6,0x48,0x8B,0x36,0x48,0xC1,0xEE,0x1D,0x48,0x83,0xC6,0xF8,0x48,0xC1,0xE6
	.byte 0x02,0x48,0x89,0xF9,0x49,0x89,0xF2,0x48,0x89,0xFE,0x4C,0x89,0xD7,0x48,0x09,0xF9
	.byte 0x48,0xF7,0xC1,0x01,0x00,0x00,0x00,0x0F,0x84,0x37,0x00,0x00,0x00,0x49,0x89,0x46
	.byte 0x20,0x49,0x89,0x56,0x18,0x49,0x89,0x76,0x10,0x49,0x89,0x7E,0x08,0x41,0xBB,0x7B
	.byte 0x08,0x00,0x00,0x4D,0x89,0x1E,0x48,0x8D,0x05,0x05,0x00,0x00,0x00,0xE9,0x98,0x5C
	.byte 0xFE,0xFF,0x49,0x8B,0x56,0x18,0x49,0x8B,0x46,0x10,0xBE,0x01,0x00,0x00,0x00,0xE9
	.byte 0x08,0x00,0x00,0x00,0x49,0x89,0x46,0x20,0x48,0x89,0xF0,0x90,0x48,0x39,0xF7,0x0F
	.byte 0x8D,0x93,0x00,0x00,0x00,0x31,0xFF,0x49,0x89,0x7E,0x08,0x48,0x89,0xC7,0x31,0xF6
	.byte 0x48,0xF7,0xC7,0x01,0x00,0x00,0x00,0x0F,0x84,0x35,0x00,0x00,0x00,0x31,0xF6,0x4D
	.byte 0x8B,0x5E,0x08,0x4D,0x89,0x5E,0x10,0x49,0x89,0x7E,0x18,0x41,0xBB,0x7C,0x08,0x00
	.byte 0x00,0x4D,0x89,0x1E,0x48,0x8D,0x05,0x05,0x00,0x00,0x00,0xE9,0x3A,0x5C,0xFE,0xFF
	.byte 0x48,0x89,0xF8,0x49,0x8B,0x7E,0x18,0xBE,0x01,0x00,0x00,0x00,0xE9,0x05,0x00,0x00
	.byte 0x00,0x90,0x48,0x89,0xF8,0x90,0x48,0x39,0xF0,0x0F,0x8D,0x0B,0x00,0x00,0x00,0xBF
	.byte 0x32,0x00,0x00,0x00,0xE9,0x93,0x52,0xFE,0xFF,0x90,0xBA,0x10,0x00,0x00,0x00,0x31
	.byte 0xF6,0x49,0x89,0x76,0x18,0x49,0x89,0x7E,0x10,0x41,0xBB,0x7D,0x08,0x00,0x00,0x4D
	.byte 0x89,0x1E,0x48,0x8D,0x05,0x05,0x00,0x00,0x00,0xE9,0xE2,0x54,0xFE,0xFF,0x49,0x8B
	.byte 0x46,0x20,0x49,0x83,0xC6,0x28,0xFF,0xE0,0x48,0x89,0xD7,0x4D,0x8B,0x5E,0x20,0x49
	.byte 0x83,0xC6,0x28,0x41,0xFF,0xE3,0xE9,0x01,0x00,0x00,0x00,0x90,0x49,0x83,0xEE,0x38
	.byte 0x4D,0x39,0xEE,0x0F,0x82,0xA3,0x4E,0xFE,0xFF,0x90,0x48,0x83,0xFE,0x12,0x0F,0x85
	.byte 0xFA,0x01,0x00,0x00,0x49,0x8B,0x75,0xD8,0x49,0x8B,0x55,0xF8,0x48,0x29,0xD6,0x48
	.byte 0x83,0xFE,0x18,0x0F,0x82,0x0D,0x00,0x00,0x00,0x49,0x89,0x46,0x30,0x49,0x89,0x7E
	.byte 0x28,0xE9,0x26,0x00,0x00,0x00,0xBE,0x18,0x00,0x00,0x00,0x49,0x89,0x7E,0x28,0x48
	.byte 0x89,0xF7,0x49,0x89,0x46,0x30,0x41,0xBB,0x7E,0x08,0x00,0x00,0x4D,0x89,0x1E,0x48
	.byte 0x8D,0x05,0x06,0x00,0x00,0x00,0xE9,0x5D,0x4E,0xFE,0xFF,0x90,0xB8,0x02,0x00,0x00
	.byte 0x00,0xBE,0x04,0x00,0x00,0x00,0x49,0x8B,0x7D,0xF8,0x48,0xBA,0x03,0x00,0x00,0x00
	.byte 0x02,0x00,0x00,0x00,0x48,0x89,0x17,0x48,0x89,0x77,0x08,0x48,0x89,0x47,0x10,0x48
	.byte 0x89,0xF8,0x4C,0x29,0xE7,0x48,0xC1,0xE7,0x09,0x48,0x83,0xCF,0x05,0x48,0x83,0xC0
	.byte 0x18,0x49,0x89,0x45,0xF8,0x31,0xF6,0x49,0x89,0x76,0x08,0x49,0x89,0x76,0x18,0x49
	.byte 0x89,0x7E,0x20,0x41,0xBB,0x7F,0x08,0x00,0x00,0x4D,0x89,0x1E,0x48,0x8D,0x05,0x05
	.byte 0x00,0x00,0x00,0xE9,0x1E,0x87,0xFE,0xFF,0x31,0xF6,0x48,0x89,0xF2,0x49,0x89,0x76
	.byte 0x10,0x49,0x89,0x7E,0x18,0x41,0xBB,0x80,0x08,0x00,0x00,0x4D,0x89,0x1E,0x48,0x8D
	.byte 0x05,0x05,0x00,0x00,0x00,0xE9,0xE6,0x53,0xFE,0xFF,0x49,0x8B,0x46,0x20,0x31,0xF6
	.byte 0x48,0x89,0xFA,0x48,0x89,0xC7,0x41,0xBB,0x81,0x08,0x00,0x00,0x4D,0x89,0x1E,0x48
	.byte 0x8D,0x05,0x06,0x00,0x00,0x00,0xE9,0x89,0x87,0xFE,0xFF,0x90,0x49,0x8B,0x45,0xD8
	.byte 0x49,0x8B,0x75,0xF8,0x48,0x29,0xF0,0x48,0x83,0xF8,0x30,0x0F,0x82,0x09,0x00,0x00
	.byte 0x00,0x49,0x8B,0x56,0x28,0xE9,0x2A,0x00,0x00,0x00,0xB8,0x30,0x00,0x00,0x00,0x49
	.byte 0x89,0x7E,0x20,0x48,0x89,0xC7,0x41,0xBB,0x82,0x08,0x00,0x00,0x4D,0x89,0x1E,0x48
	.byte 0x8D,0x05,0x06,0x00,0x00,0x00,0xE9,0x7D,0x4D,0xFE,0xFF,0x90,0x49,0x8B,0x56,0x28
	.byte 0x49,0x8B,0x7E,0x20,0xBE,0x02,0x00,0x00,0x00,0x49,0x8B,0x45,0xF8,0x48,0xB9,0x03
	.byte 0x00,0x00,0x00,0x02,0x00,0x00,0x00,0x48,0x89,0x08,0x48,0x89,0x50,0x08,0x48,0x89
	.byte 0x70,0x10,0x48,0x89,0xC6,0x4C,0x29,0xE0,0x48,0xC1,0xE0,0x09,0x48,0x83,0xC8,0x05
	.byte 0x48,0x83,0xC6,0x18,0x48,0xBA,0x03,0x00,0x00,0x00,0x02,0x00,0x00,0x00,0x48,0x89
	.byte 0x16,0x48,0x89,0x7E,0x08,0x48,0x89,0x46,0x10,0x48,0x89,0xF0,0x4C,0x29,0xE6,0x48
	.byte 0xC1,0xE6,0x09,0x48,0x89,0xF7,0x48,0x83,0xCF,0x05,0x48,0x83,0xC0,0x18,0x49,0x89
	.byte 0x45,0xF8,0x31,0xF6,0x49,0x89,0x7E,0x28,0x49,0x89,0x76,0x20,0x49,0x89,0x76,0x18
	.byte 0x41,0xBB,0x83,0x08,0x00,0x00,0x4D,0x89,0x1E,0x48,0x8D,0x05,0x06,0x00,0x00,0x00
	.byte 0xE9,0xF3,0x88,0xFE,0xFF,0x90,0x31,0xF6,0x48,0x89,0xF2,0x49,0x89,0x7E,0x10,0x49
	.byte 0x89,0x76,0x20,0x41,0xBB,0x84,0x08,0x00,0x00,0x4D,0x89,0x1E,0x48,0x8D,0x05,0x05
	.byte 0x00,0x00,0x00,0xE9,0xD8,0x52,0xFE,0xFF,0x49,0x8B,0x46,0x30,0x49,0x8B,0x56,0x28
	.byte 0x31,0xF6,0x49,0x89,0xD2,0x48,0x89,0xFA,0x4C,0x89,0xD7,0x49,0x83,0xEE,0x08,0x4D
	.byte 0x39,0xEE,0x0F,0x82,0xA4,0x4C,0xFE,0xFF,0xE9,0x89,0x89,0xFE,0xFF,0x90,0x49,0x8B
	.byte 0x75,0xD8,0x49,0x8B,0x55,0xF8,0x48,0x29,0xD6,0x48,0x83,0xFE,0x18,0x0F,0x82,0x0D
	.byte 0x00,0x00,0x00,0x49,0x89,0x46,0x30,0x49,0x89,0x7E,0x28,0xE9,0x26,0x00,0x00,0x00
	.byte 0xBE,0x18,0x00,0x00,0x00,0x49,0x89,0x7E,0x28,0x48,0x89,0xF7,0x49,0x89,0x46,0x30
	.byte 0x41,0xBB,0x85,0x08,0x00,0x00,0x4D,0x89,0x1E,0x48,0x8D,0x05,0x06,0x00,0x00,0x00
	.byte 0xE9,0x63,0x4C,0xFE,0xFF,0x90,0xBF,0x02,0x00,0x00,0x00,0x31,0xF6,0x49,0x8B,0x45
	.byte 0xF8,0x48,0xBA,0x03,0x00,0x00,0x00,0x02,0x00,0x00,0x00,0x48,0x89,0x10,0x48,0x89
	.byte 0x70,0x08,0x48,0x89,0x78,0x10,0x48,0x89,0xC7,0x4C,0x29,0xE7,0x48,0xC1,0xE7,0x09
	.byte 0x48,0x83,0xCF,0x05,0x48,0x83,0xC0,0x18,0x49,0x89,0x45,0xF8,0x31,0xF6,0x49,0x89
	.byte 0x76,0x08,0x49,0x89,0x76,0x18,0x49,0x89,0x7E,0x20,0x41,0xBB,0x86,0x08,0x00,0x00
	.byte 0x4D,0x89,0x1E,0x48,0x8D,0x05,0x06,0x00,0x00,0x00,0xE9,0x27,0x85,0xFE,0xFF,0x90
	.byte 0x31,0xD2,0x48,0x89,0xD6,0x49,0x89,0x56,0x18,0x49,0x89,0x7E,0x10,0x41,0xBB,0x87
	.byte 0x08,0x00,0x00,0x4D,0x89,0x1E,0x48,0x8D,0x05,0x05,0x00,0x00,0x00,0xE9,0xEE,0x51
	.byte 0xFE,0xFF,0x48,0x89,0xFA,0x49,0x8B,0x7E,0x20,0x31,0xF6,0x41,0xBB,0x88,0x08,0x00
	.byte 0x00,0x4D,0x89,0x1E,0x48,0x8D,0x05,0x05,0x00,0x00,0x00,0xE9,0x94,0x85,0xFE,0xFF
	.byte 0x48,0x89,0xFE,0x49,0x8B,0x45,0xD8,0x49,0x8B,0x7D,0xF8,0x48,0x29,0xF8,0x48,0x83
	.byte 0xF8,0x30,0x0F,0x82,0x0A,0x00,0x00,0x00,0x49,0x8B,0x56,0x28,0xE9,0x27,0x00,0x00
	.byte 0x00,0x90,0xBF,0x30,0x00,0x00,0x00,0x49,0x89,0x76,0x20,0x41,0xBB,0x89,0x08,0x00
	.byte 0x00,0x4D,0x89,0x1E,0x48,0x8D,0x05,0x05,0x00,0x00,0x00,0xE9,0x88,0x4B,0xFE,0xFF
	.byte 0x49,0x8B,0x56,0x28,0x49,0x8B,0x76,0x20,0xBF,0x02,0x00,0x00,0x00,0x49,0x8B,0x45
	.byte 0xF8,0x48,0xB9,0x03,0x00,0x00,0x00,0x02,0x00,0x00,0x00,0x48,0x89,0x08,0x48,0x89
	.byte 0x50,0x08,0x48,0x89,0x78,0x10,0x48,0x89,0xC7,0x4C,0x29,0xE7,0x48,0xC1,0xE7,0x09
	.byte 0x48,0x83,0xCF,0x05,0x48,0x83,0xC0,0x18,0x48,0xBA,0x03,0x00,0x00,0x00,0x02,0x00
	.byte 0x00,0x00,0x48,0x89,0x10,0x48,0x89,0x70,0x08,0x48,0x89,0x78,0x10,0x48,0x89,0xC7
	.byte 0x4C,0x29,0xE7,0x48,0xC1,0xE7,0x09,0x48,0x83,0xCF,0x05,0x48,0x83,0xC0,0x18,0x49
	.byte 0x89,0x45,0xF8,0x31,0xF6,0x49,0x89,0x7E,0x28,0x49,0x89,0x76,0x20,0x49,0x89,0x76
	.byte 0x10,0x41,0xBB,0x8A,0x08,0x00,0x00,0x4D,0x89,0x1E,0x48,0x8D,0x05,0x05,0x00,0x00
	.byte 0x00,0xE9,0x02,0x87,0xFE,0xFF,0x31,0xD2,0x48,0x89,0xD6,0x49,0x89,0x7E,0x18,0x49
	.byte 0x89,0x56,0x20,0x41,0xBB,0x8B,0x08,0x00,0x00,0x4D,0x89,0x1E,0x48,0x8D,0x05,0x05
	.byte 0x00,0x00,0x00,0xE9,0xE8,0x50,0xFE,0xFF,0x48,0x89,0xFA,0x49,0x8B,0x46,0x30,0x49
	.byte 0x8B,0x7E,0x28,0x31,0xF6,0x49,0x83,0xEE,0x08,0x4D,0x39,0xEE,0x0F,0x82,0xBA,0x4A
	.byte 0xFE,0xFF,0xE9,0x9F,0x87,0xFE,0xFF,0x90,0xE9,0x01,0x00,0x00,0x00,0x90,0x49,0x83
	.byte 0xEE,0x48,0x4D,0x39,0xEE,0x0F,0x82,0xA1,0x4A,0xFE,0xFF,0x90,0x49,0x89,0x46,0x40
	.byte 0x49,0x89,0x76,0x30,0x49,0x89,0x7E,0x28,0x49,0x89,0x56,0x20,0x41,0xBB,0x8C,0x08
	.byte 0x00,0x00,0x4D,0x89,0x1E,0x48,0x8D,0x05,0x06,0x00,0x00,0x00,0xE9,0xE7,0xE1,0xFF
	.byte 0xFF,0x90,0xB8,0x08,0x00,0x00,0x00,0x48,0x89,0xFE,0x48,0xF7,0xE6,0x49,0x89,0x7E
	.byte 0x38,0x48,0x83,0xCF,0x10,0x48,0x83,0xE7,0x01,0x48,0x89,0xFE,0x48,0x09,0xD6,0x48
	.byte 0x89,0xC7,0x48,0xD1,0xEF,0x48,0x83,0xFE,0x00,0x0F,0x84,0x2D,0x00,0x00,0x00,0xBF
	.byte 0x10,0x00,0x00,0x00,0x49,0x8B,0x76,0x38,0x49,0x89,0x7E,0x18,0x41,0xBB,0x8D,0x08
	.byte 0x00,0x00,0x4D,0x89,0x1E,0x48,0x8D,0x05,0x06,0x00,0x00,0x00,0xE9,0xE3,0x56,0xFE
	.byte 0xFF,0x90,0x49,0x8B,0x76,0x20,0xE9,0x05,0x00,0x00,0x00,0x90,0x49,0x8B,0x76,0x20
	.byte 0x41,0xBB,0x8E,0x08,0x00,0x00,0x4D,0x89,0x1E,0x48,0x8D,0x05,0x06,0x00,0x00,0x00
	.byte 0xE9,0x25,0xFA,0xFF,0xFF,0x90,0x49,0x8B,0x46,0x30,0x48,0x83,0xF8,0x12,0x0F,0x84
	.byte 0x12,0x02,0x00,0x00,0x49,0x8B,0x45,0xD8,0x49,0x8B,0x75,0xF8,0x48,0x29,0xF0,0x48
	.byte 0x83,0xF8,0x18,0x0F,0x82,0x09,0x00,0x00,0x00,0x49,0x89,0x7E,0x20,0xE9,0x22,0x00
	.byte 0x00,0x00,0xB8,0x18,0x00,0x00,0x00,0x49,0x89,0x7E,0x20,0x48,0x89,0xC7,0x41,0xBB
	.byte 0x97,0x08,0x00,0x00,0x4D,0x89,0x1E,0x48,0x8D,0x05,0x06,0x00,0x00,0x00,0xE9,0xC5
	.byte 0x49,0xFE,0xFF,0x90,0xB8,0x02,0x00,0x00,0x00,0x31,0xF6,0x49,0x8B,0x7D,0xF8,0x48
	.byte 0xBA,0x03,0x00,0x00,0x00,0x02,0x00,0x00,0x00,0x48,0x89,0x17,0x48,0x89,0x77,0x08
	.byte 0x48,0x89,0x47,0x10,0x48,0x89,0xF8,0x4C,0x29,0xE7,0x48,0xC1,0xE7,0x09,0x48,0x83
	.byte 0xCF,0x05,0x48,0x83,0xC0,0x18,0x49,0x89,0x45,0xF8,0x31,0xF6,0x49,0x89,0x76,0x10
	.byte 0x49,0x89,0x7E,0x30,0x49,0x89,0x76,0x18,0x41,0xBB,0x98,0x08,0x00,0x00,0x4D,0x89
	.byte 0x1E,0x48,0x8D,0x05,0x06,0x00,0x00,0x00,0xE9,0x89,0x82,0xFE,0xFF,0x90,0x31,0xD2
	.byte 0x48,0x89,0xD6,0x49,0x89,0x56,0x10,0x49,0x89,0x7E,0x08,0x41,0xBB,0x99,0x08,0x00
	.byte 0x00,0x4D,0x89,0x1E,0x48,0x8D,0x05,0x05,0x00,0x00,0x00,0xE9,0x50,0x4F,0xFE,0xFF
	.byte 0x48,0x89,0xFA,0x49,0x8B,0x7E,0x30,0x31,0xF6,0x41,0xBB,0x9A,0x08,0x00,0x00,0x4D
	.byte 0x89,0x1E,0x48,0x8D,0x05,0x05,0x00,0x00,0x00,0xE9,0xF6,0x82,0xFE,0xFF,0x48,0x89
	.byte 0xFE,0x49,0x8B,0x45,0xD8,0x49,0x8B,0x7D,0xF8,0x48,0x29,0xF8,0x48,0x83,0xF8,0x30
	.byte 0x0F,0x82,0x12,0x00,0x00,0x00,0x49,0x8B,0x56,0x28,0x4D,0x8B,0x5E,0x20,0x4D,0x89
	.byte 0x5E,0x28,0xE9,0x3F,0x00,0x00,0x00,0x90,0xBF,0x30,0x00,0x00,0x00,0x4D,0x8B,0x5E
	.byte 0x38,0x4D,0x89,0x5E,0x30,0x49,0x89,0x76,0x38,0x41,0xBB,0x9B,0x08,0x00,0x00,0x4D
	.byte 0x89,0x1E,0x48,0x8D,0x05,0x05,0x00,0x00,0x00,0xE9,0xDA,0x48,0xFE,0xFF,0x49,0x8B
	.byte 0x76,0x38,0x4D,0x8B,0x5E,0x30,0x4D,0x89,0x5E,0x38,0x49,0x8B,0x56,0x28,0x4D,0x8B
	.byte 0x5E,0x20,0x4D,0x89,0x5E,0x28,0xBF,0x02,0x00,0x00,0x00,0x49,0x8B,0x45,0xF8,0x48
	.byte 0xB9,0x03,0x00,0x00,0x00,0x02,0x00,0x00,0x00,0x48,0x89,0x08,0x48,0x89,0x50,0x08
	.byte 0x48,0x89,0x78,0x10,0x48,0x89,0xC7,0x4C,0x29,0xE7,0x48,0xC1,0xE7,0x09,0x48,0x83
	.byte 0xCF,0x05,0x48,0x83,0xC0,0x18,0x48,0xBA,0x03,0x00,0x00,0x00,0x02,0x00,0x00,0x00
	.byte 0x48,0x89,0x10,0x48,0x89,0x70,0x08,0x48,0x89,0x78,0x10,0x48,0x89,0xC7,0x4C,0x29
	.byte 0xE7,0x48,0xC1,0xE7,0x09,0x48,0x83,0xCF,0x05,0x48,0x83,0xC0,0x18,0x49,0x89,0x45
	.byte 0xF8,0x31,0xF6,0x49,0x89,0x76,0x18,0x49,0x89,0x76,0x20,0x49,0x89,0x7E,0x30,0x41
	.byte 0xBB,0x9C,0x08,0x00,0x00,0x4D,0x89,0x1E,0x48,0x8D,0x05,0x05,0x00,0x00,0x00,0xE9
	.byte 0x44,0x84,0xFE,0xFF,0x31,0xD2,0x48,0x89,0xD6,0x49,0x89,0x56,0x10,0x49,0x89,0x7E
	.byte 0x20,0x41,0xBB,0x9D,0x08,0x00,0x00,0x4D,0x89,0x1E,0x48,0x8D,0x05,0x05,0x00,0x00
	.byte 0x00,0xE9,0x2A,0x4E,0xFE,0xFF,0x48,0x89,0xFA,0x49,0x8B,0x7E,0x30,0x4D,0x8B,0x5E
	.byte 0x28,0x4D,0x89,0x5E,0x30,0x31,0xF6,0x41,0xBB,0x9E,0x08,0x00,0x00,0x4D,0x89,0x1E
	.byte 0x48,0x8D,0x05,0x05,0x00,0x00,0x00,0xE9,0xCC,0x84,0xFE,0xFF,0x49,0x8B,0x4E,0x30
	.byte 0xE9,0x0B,0x02,0x00,0x00,0x90,0x49,0x8B,0x45,0xD8,0x49,0x8B,0x75,0xF8,0x48,0x29
	.byte 0xF0,0x48,0x83,0xF8,0x18,0x0F,0x82,0x09,0x00,0x00,0x00,0x49,0x89,0x7E,0x20,0xE9
	.byte 0x22,0x00,0x00,0x00,0xB8,0x18,0x00,0x00,0x00,0x49,0x89,0x7E,0x20,0x48,0x89,0xC7
	.byte 0x41,0xBB,0x8F,0x08,0x00,0x00,0x4D,0x89,0x1E,0x48,0x8D,0x05,0x06,0x00,0x00,0x00
	.byte 0xE9,0xB3,0x47,0xFE,0xFF,0x90,0xB8,0x02,0x00,0x00,0x00,0xBE,0x04,0x00,0x00,0x00
	.byte 0x49,0x8B,0x7D,0xF8,0x48,0xBA,0x03,0x00,0x00,0x00,0x02,0x00,0x00,0x00,0x48,0x89
	.byte 0x17,0x48,0x89,0x77,0x08,0x48,0x89,0x47,0x10,0x48,0x89,0xF8,0x4C,0x29,0xE7,0x48
	.byte 0xC1,0xE7,0x09,0x48,0x83,0xCF,0x05,0x48,0x83,0xC0,0x18,0x49,0x89,0x45,0xF8,0x31
	.byte 0xF6,0x49,0x89,0x76,0x18,0x49,0x89,0x7E,0x30,0x49,0x89,0x76,0x10,0x41,0xBB,0x90
	.byte 0x08,0x00,0x00,0x4D,0x89,0x1E,0x48,0x8D,0x05,0x05,0x00,0x00,0x00,0xE9,0x74,0x80
	.byte 0xFE,0xFF,0x31,0xF6,0x48,0x89,0xF2,0x49,0x89,0x76,0x08,0x49,0x89,0x7E,0x18,0x41
	.byte 0xBB,0x91,0x08,0x00,0x00,0x4D,0x89,0x1E,0x48,0x8D,0x05,0x05,0x00,0x00,0x00,0xE9
	.byte 0x3C,0x4D,0xFE,0xFF,0x49,0x8B,0x46,0x30,0x4D,0x8B,0x5E,0x20,0x4D,0x89,0x5E,0x30
	.byte 0x31,0xF6,0x48,0x89,0xFA,0x48,0x89,0xC7,0x41,0xBB,0x92,0x08,0x00,0x00,0x4D,0x89
	.byte 0x1E,0x48,0x8D,0x05,0x06,0x00,0x00,0x00,0xE9,0xD7,0x80,0xFE,0xFF,0x90,0x49,0x8B
	.byte 0x45,0xD8,0x49,0x8B,0x75,0xF8,0x48,0x29,0xF0,0x48,0x83,0xF8,0x30,0x0F,0x82,0x09
	.byte 0x00,0x00,0x00,0x49,0x8B,0x56,0x28,0xE9,0x3A,0x00,0x00,0x00,0xB8,0x30,0x00,0x00
	.byte 0x00,0x4D,0x8B,0x5E,0x30,0x4D,0x89,0x5E,0x20,0x49,0x89,0x7E,0x30,0x48,0x89,0xC7
	.byte 0x41,0xBB,0x93,0x08,0x00,0x00,0x4D,0x89,0x1E,0x48,0x8D,0x05,0x06,0x00,0x00,0x00
	.byte 0xE9,0xC3,0x46,0xFE,0xFF,0x90,0x49,0x8B,0x7E,0x30,0x49,0x8B,0x56,0x28,0x4D,0x8B
	.byte 0x5E,0x20,0x4D,0x89,0x5E,0x30,0xBE,0x02,0x00,0x00,0x00,0x49,0x8B,0x45,0xF8,0x48
	.byte 0xB9,0x03,0x00,0x00,0x00,0x02,0x00,0x00,0x00,0x48,0x89,0x08,0x48,0x89,0x50,0x08
	.byte 0x48,0x89,0x70,0x10,0x48,0x89,0xC6,0x4C,0x29,0xE0,0x48,0xC1,0xE0,0x09,0x48,0x83
	.byte 0xC8,0x05,0x48,0x83,0xC6,0x18,0x48,0xBA,0x03,0x00,0x00,0x00,0x02,0x00,0x00,0x00
	.byte 0x48,0x89,0x16,0x48,0x89,0x7E,0x08,0x48,0x89,0x46,0x10,0x48,0x89,0xF0,0x4C,0x29
	.byte 0xE6,0x48,0xC1,0xE6,0x09,0x48,0x89,0xF7,0x48,0x83,0xCF,0x05,0x48,0x83,0xC0,0x18
	.byte 0x49,0x89,0x45,0xF8,0x31,0xF6,0x49,0x89,0x76,0x20,0x49,0x89,0x76,0x18,0x49,0x89
	.byte 0x7E,0x28,0x41,0xBB,0x94,0x08,0x00,0x00,0x4D,0x89,0x1E,0x48,0x8D,0x05,0x06,0x00
	.byte 0x00,0x00,0xE9,0x31,0x82,0xFE,0xFF,0x90,0x31,0xF6,0x48,0x89,0xF2,0x49,0x89,0x76
	.byte 0x18,0x49,0x89,0x7E,0x10,0x41,0xBB,0x95,0x08,0x00,0x00,0x4D,0x89,0x1E,0x48,0x8D
	.byte 0x05,0x05,0x00,0x00,0x00,0xE9,0x16,0x4C,0xFE,0xFF,0x49,0x8B,0x46,0x28,0x31,0xF6
	.byte 0x48,0x89,0xFA,0x48,0x89,0xC7,0x41,0xBB,0x96,0x08,0x00,0x00,0x4D,0x89,0x1E,0x48
	.byte 0x8D,0x05,0x06,0x00,0x00,0x00,0xE9,0xBD,0x82,0xFE,0xFF,0x90,0x49,0x8B,0x4E,0x30
	.byte 0x48,0x89,0xF8,0x48,0xC1,0xEF,0x09,0x4C,0x01,0xE7,0x48,0x83,0xC7,0x08,0x49,0x89
	.byte 0x46,0x28,0x48,0xC1,0xE8,0x09,0x4C,0x01,0xE0,0x48,0x8B,0x30,0x48,0xC1,0xEE,0x1D
	.byte 0x48,0x83,0xC6,0xF8,0x48,0x89,0xCA,0x48,0xC1,0xEA,0x09,0x4C,0x01,0xE2,0x48,0x83
	.byte 0xC2,0x08,0x49,0x89,0x4E,0x30,0x48,0xC1,0xE9,0x09,0x4C,0x01,0xE1,0x48,0x8B,0x09
	.byte 0x48,0xC1,0xE9,0x1D,0x48,0x83,0xC1,0xF8,0x48,0x8D,0x05,0x05,0x00,0x00,0x00,0xE9
	.byte 0x8C,0x42,0xFE,0xFF,0x49,0x8B,0x76,0x38,0x49,0x8B,0x56,0x30,0x31,0xFF,0x49,0x89
	.byte 0x56,0x30,0x41,0xBB,0x9F,0x08,0x00,0x00,0x4D,0x89,0x1E,0x48,0x8D,0x05,0x06,0x00
	.byte 0x00,0x00,0xE9,0x07,0xE6,0xFF,0xFF,0x90,0x31,0xF6,0x49,0x89,0x7E,0x38,0x41,0xBB
	.byte 0xA0,0x08,0x00,0x00,0x4D,0x89,0x1E,0x48,0x8D,0x05,0x06,0x00,0x00,0x00,0xE9,0x73
	.byte 0x7E,0xFE,0xFF,0x90,0x49,0x8B,0x76,0x38,0x31,0xD2,0x49,0x89,0x7E,0x28,0x49,0x89
	.byte 0x76,0x38,0x41,0xBB,0xA1,0x08,0x00,0x00,0x4D,0x89,0x1E,0x48,0x8D,0x05,0x06,0x00
	.byte 0x00,0x00,0xE9,0x8D,0x49,0xFE,0xFF,0x90,0x48,0x89,0xFE,0x49,0x8B,0x45,0xD8,0x49
	.byte 0x8B,0x7D,0xF8,0x48,0x29,0xF8,0x48,0x83,0xF8,0x18,0x0F,0x82,0x0E,0x00,0x00,0x00
	.byte 0x49,0x8B,0x56,0x40,0x49,0x8B,0x7E,0x30,0xE9,0x2B,0x00,0x00,0x00,0x90,0xBF,0x18
	.byte 0x00,0x00,0x00,0x49,0x89,0x76,0x38,0x41,0xBB,0xA2,0x08,0x00,0x00,0x4D,0x89,0x1E
	.byte 0x48,0x8D,0x05,0x05,0x00,0x00,0x00,0xE9,0xEC,0x44,0xFE,0xFF,0x49,0x8B,0x56,0x40
	.byte 0x49,0x8B,0x76,0x38,0x49,0x8B,0x7E,0x30,0x49,0x8B,0x45,0xF8,0x48,0xB9,0x03,0x00
	.byte 0x00,0x00,0x02,0x00,0x00,0x00,0x48,0x89,0x08,0x48,0x89,0x78,0x08,0x48,0x89,0x70
	.byte 0x10,0x48,0x89,0xC7,0x4C,0x29,0xE7,0x48,0xC1,0xE7,0x09,0x48,0x83,0xCF,0x05,0x48
	.byte 0x83,0xC0,0x18,0x49,0x89,0x45,0xF8,0x49,0x83,0xC6,0x48,0xFF,0xE2,0x90,0xE9,0x01
	.byte 0x00,0x00,0x00,0x90,0x49,0x83,0xEE,0x30,0x4D,0x39,0xEE,0x0F,0x82,0x8B,0x44,0xFE
	.byte 0xFF,0x90,0x49,0x89,0x46,0x28,0x49,0x89,0x76,0x20,0x49,0x89,0x7E,0x18,0x41,0xBB
	.byte 0xA3,0x08,0x00,0x00,0x4D,0x89,0x1E,0x48,0x8D,0x05,0x06,0x00,0x00,0x00,0xE9,0xD5
	.byte 0xDB,0xFF,0xFF,0x90,0xB8,0x10,0x00,0x00,0x00,0x48,0x89,0xFE,0x48,0xF7,0xE6,0x49
	.byte 0x89,0x7E,0x10,0x48,0x83,0xCF,0x20,0x48,0x83,0xE7,0x01,0x48,0x89,0xFE,0x48,0x09
	.byte 0xD6,0x48,0x89,0xC7,0x48,0xD1,0xEF,0x48,0x83,0xFE,0x00,0x0F,0x84,0x3D,0x00,0x00
	.byte 0x00,0xBF,0x20,0x00,0x00,0x00,0x49,0x8B,0x76,0x10,0x49,0x89,0x7E,0x08,0x41,0xBB
	.byte 0xA4,0x08,0x00,0x00,0x4D,0x89,0x1E,0x48,0x8D,0x05,0x06,0x00,0x00,0x00,0xE9,0xD1
	.byte 0x50,0xFE,0xFF,0x90,0x49,0x8B,0x76,0x20,0x4D,0x8B,0x5E,0x18,0x4D,0x89,0x5E,0x20
	.byte 0x4D,0x8B,0x5E,0x10,0x4D,0x89,0x5E,0x18,0xE9,0x15,0x00,0x00,0x00,0x90,0x49,0x8B
	.byte 0x76,0x20,0x4D,0x8B,0x5E,0x18,0x4D,0x89,0x5E,0x20,0x4D,0x8B,0x5E,0x10,0x4D,0x89
	.byte 0x5E,0x18,0x41,0xBB,0xA5,0x08,0x00,0x00,0x4D,0x89,0x1E,0x48,0x8D,0x05,0x06,0x00
	.byte 0x00,0x00,0xE9,0xF3,0xF3,0xFF,0xFF,0x90,0x48,0x89,0xFA,0x49,0x8B,0x7E,0x20,0x48
	.byte 0x89,0xF8,0x48,0xC1,0xEF,0x09,0x4C,0x01,0xE7,0x48,0x83,0xC7,0x08,0x49,0x89,0x46
	.byte 0x10,0x48,0xC1,0xE8,0x09,0x4C,0x01,0xE0,0x48,0x8B,0x30,0x48,0xC1,0xEE,0x1D,0x48
	.byte 0x83,0xC6,0xF8,0x48,0x89,0xD0,0x48,0xC1,0xEA,0x09,0x4C,0x01,0xE2,0x48,0x83,0xC2
	.byte 0x08,0x49,0x89,0x46,0x20,0x48,0xC1,0xE8,0x09,0x4C,0x01,0xE0,0x48,0x8B,0x08,0x48
	.byte 0xC1,0xE9,0x1D,0x48,0x83,0xC1,0xF8,0x48,0x8D,0x05,0x06,0x00,0x00,0x00,0xE9,0x8D
	.byte 0x40,0xFE,0xFF,0x90,0x49,0x8B,0x56,0x20,0x49,0x8B,0x76,0x18,0x31,0xFF,0x49,0x89
	.byte 0x56,0x20,0x41,0xBB,0xA6,0x08,0x00,0x00,0x4D,0x89,0x1E,0x48,0x8D,0x05,0x06,0x00
	.byte 0x00,0x00,0xE9,0x45,0xF1,0xFF,0xFF,0x90,0x48,0x89,0xFE,0x49,0x8B,0x45,0xD8,0x49
	.byte 0x8B,0x7D,0xF8,0x48,0x29,0xF8,0x48,0x83,0xF8,0x18,0x0F,0x82,0x0E,0x00,0x00,0x00
	.byte 0x49,0x8B,0x56,0x28,0x49,0x8B,0x7E,0x20,0xE9,0x2B,0x00,0x00,0x00,0x90,0xBF,0x18
	.byte 0x00,0x00,0x00,0x49,0x89,0x76,0x18,0x41,0xBB,0xA7,0x08,0x00,0x00,0x4D,0x89,0x1E
	.byte 0x48,0x8D,0x05,0x05,0x00,0x00,0x00,0xE9,0x1C,0x43,0xFE,0xFF,0x49,0x8B,0x56,0x28
	.byte 0x49,0x8B,0x7E,0x20,0x49,0x8B,0x76,0x18,0x49,0x8B,0x45,0xF8,0x48,0xB9,0x03,0x00
	.byte 0x00,0x00,0x02,0x00,0x00,0x00,0x48,0x89,0x08,0x48,0x89,0x78,0x08,0x48,0x89,0x70
	.byte 0x10,0x48,0x89,0xC7,0x4C,0x29,0xE7,0x48,0xC1,0xE7,0x09,0x48,0x83,0xCF,0x05,0x48
	.byte 0x83,0xC0,0x18,0x49,0x89,0x45,0xF8,0x49,0x83,0xC6,0x30,0xFF,0xE2,0x90,0xE9,0x01
	.byte 0x00,0x00,0x00,0x90,0x49,0x83,0xEE,0x50,0x4D,0x39,0xEE,0x0F,0x82,0xBB,0x42,0xFE
	.byte 0xFF,0x90,0x48,0x89,0xF1,0x49,0x8B,0x75,0xD8,0x49,0x8B,0x55,0xF8,0x48,0x29,0xD6
	.byte 0x48,0x83,0xFE,0x10,0x0F,0x82,0x0E,0x00,0x00,0x00,0x49,0x89,0x46,0x40,0x49,0x89
	.byte 0x7E,0x30,0xE9,0x2F,0x00,0x00,0x00,0x90,0xBE,0x10,0x00,0x00,0x00,0x49,0x89,0x7E
	.byte 0x30,0x48,0x89,0xF7,0x49,0x89,0x46,0x40,0x49,0x89,0x4E,0x48,0x41,0xBB,0xA8,0x08
	.byte 0x00,0x00,0x4D,0x89,0x1E,0x48,0x8D,0x05,0x06,0x00,0x00,0x00,0xE9,0x77,0x42,0xFE
	.byte 0xFF,0x90,0x49,0x8B,0x4E,0x48,0x49,0x8B,0x55,0xF8,0x48,0x89,0xD6,0x4C,0x29,0xE2
	.byte 0x48,0xC1,0xE2,0x09,0xBF,0xA8,0x08,0x00,0x00,0x48,0x8D,0x05,0x06,0x00,0x00,0x00
	.byte 0xE9,0x09,0x46,0xFE,0xFF,0x90,0x49,0x89,0x75,0xF8,0x48,0x83,0xC2,0x01,0x49,0x89
	.byte 0x56,0x38,0x48,0xC1,0xEA,0x09,0x4C,0x01,0xE2,0x48,0x89,0xD7,0x48,0x83,0xC7,0x08
	.byte 0x48,0x8B,0x32,0x48,0xC1,0xEE,0x1D,0x48,0x83,0xC6,0xF8,0x48,0x89,0xC8,0x48,0xC1
	.byte 0xE9,0x09,0x4C,0x01,0xE1,0x48,0x89,0xCA,0x48,0x83,0xC2,0x08,0x49,0x89,0x46,0x48
	.byte 0x48,0xC1,0xE8,0x09,0x4C,0x01,0xE0,0x48,0x8B,0x08,0x48,0xC1,0xE9,0x1D,0x48,0x83
	.byte 0xC1,0xF8,0x48,0x8D,0x05,0x05,0x00,0x00,0x00,0xE9,0x12,0x3F,0xFE,0xFF,0x49,0x8B
	.byte 0x7E,0x48,0x49,0x8B,0x46,0x48,0x4D,0x8B,0x5E,0x40,0x4D,0x89,0x5E,0x48,0x48,0xC1
	.byte 0xEF,0x09,0x4C,0x01,0xE7,0x48,0x8B,0x3F,0x48,0xC1,0xEF,0x1D,0x48,0x83,0xC7,0xF8
	.byte 0x31,0xF6,0x48,0x39,0xFE,0x0F,0x82,0x0B,0x00,0x00,0x00,0xBF,0x32,0x00,0x00,0x00
	.byte 0xE9,0x57,0x45,0xFE,0xFF,0x90,0x48,0x89,0xC6,0x48,0xC1,0xE8,0x09,0x4C,0x01,0xE0
	.byte 0x48,0x83,0xC0,0x08,0x48,0x0F,0xB6,0x00,0x48,0xC1,0xE0,0x02,0x48,0x3D,0x84,0x01
	.byte 0x00,0x00,0x0F,0x85,0xBA,0x02,0x00,0x00,0xBF,0x04,0x00,0x00,0x00,0x49,0x89,0x76
	.byte 0x40,0x41,0xBB,0xAC,0x08,0x00,0x00,0x4D,0x89,0x1E,0x48,0x8D,0x05,0x05,0x00,0x00
	.byte 0x00,0xE9,0x46,0xE4,0xFF,0xFF,0x48,0x89,0xFA,0x49,0x8B,0x46,0x40,0x49,0x89,0x46
	.byte 0x38,0x48,0xC1,0xE8,0x09,0x4C,0x01,0xE0,0x48,0x8B,0x00,0x48,0xC1,0xE8,0x1D,0x48
	.byte 0x83,0xC0,0xF8,0xBF,0x0D,0x00,0x00,0x00,0x48,0x39,0xF8,0x0F,0x83,0x0B,0x00,0x00
	.byte 0x00,0xBF,0x32,0x00,0x00,0x00,0xE9,0xE1,0x44,0xFE,0xFF,0x90,0xB8,0x24,0x00,0x00
	.byte 0x00,0x31,0xF6,0xBF,0x10,0x00,0x00,0x00,0x49,0x89,0x56,0x40,0x48,0x89,0xF2,0x49
	.byte 0x89,0x76,0x28,0x49,0x89,0x46,0x18,0x49,0x89,0x7E,0x20,0x41,0xBB,0xAD,0x08,0x00
	.byte 0x00,0x4D,0x89,0x1E,0x48,0x8D,0x05,0x05,0x00,0x00,0x00,0xE9,0x20,0x47,0xFE,0xFF
	.byte 0x49,0x8B,0x46,0x38,0x45,0x31,0xC0,0xBA,0x10,0x00,0x00,0x00,0xBE,0x24,0x00,0x00
	.byte 0x00,0x48,0x89,0xF9,0x49,0x89,0x7E,0x28,0x48,0x89,0xC7,0x49,0x89,0x46,0x38,0x4D
	.byte 0x89,0x46,0x18,0x49,0x89,0x76,0x10,0x49,0x89,0x56,0x20,0x41,0xBB,0xAE,0x08,0x00
	.byte 0x00,0x4D,0x89,0x1E,0x48,0x8D,0x05,0x05,0x00,0x00,0x00,0xE9,0xB2,0x53,0xFE,0xFF
	.byte 0x49,0x8B,0x46,0x38,0x49,0x89,0x46,0x38,0x48,0xC1,0xE8,0x09,0x4C,0x01,0xE0,0x48
	.byte 0x8B,0x00,0x48,0xC1,0xE8,0x1D,0x48,0x83,0xC0,0xF8,0xBF,0x11,0x00,0x00,0x00,0x48
	.byte 0x39,0xF8,0x0F,0x83,0x0A,0x00,0x00,0x00,0xBF,0x32,0x00,0x00,0x00,0xE9,0x3A,0x44
	.byte 0xFE,0xFF,0xB8,0x34,0x00,0x00,0x00,0x31,0xF6,0xBF,0x10,0x00,0x00,0x00,0x48,0x89
	.byte 0xF2,0x49,0x89,0x7E,0x20,0x49,0x89,0x76,0x10,0x49,0x89,0x46,0x18,0x41,0xBB,0xAF
	.byte 0x08,0x00,0x00,0x4D,0x89,0x1E,0x48,0x8D,0x05,0x05,0x00,0x00,0x00,0xE9,0x7E,0x46
	.byte 0xFE,0xFF,0x49,0x8B,0x46,0x38,0x45,0x31,0xC0,0xBA,0x10,0x00,0x00,0x00,0xBE,0x34
	.byte 0x00,0x00,0x00,0x48,0x89,0xF9,0x49,0x89,0x7E,0x38,0x48,0x89,0xC7,0x49,0x89,0x46
	.byte 0x20,0x49,0x89,0x56,0x10,0x4D,0x89,0x46,0x08,0x49,0x89,0x76,0x18,0x41,0xBB,0xB0
	.byte 0x08,0x00,0x00,0x4D,0x89,0x1E,0x48,0x8D,0x05,0x05,0x00,0x00,0x00,0xE9,0x10,0x53
	.byte 0xFE,0xFF,0x49,0x8B,0x56,0x30,0x49,0x8B,0x7E,0x28,0xBE,0x02,0x00,0x00,0x00,0x41
	.byte 0xBB,0xB1,0x08,0x00,0x00,0x4D,0x89,0x1E,0x48,0x8D,0x05,0x05,0x00,0x00,0x00,0xE9
	.byte 0x5A,0xF5,0xFF,0xFF,0x48,0x89,0xFE,0x49,0x8B,0x7E,0x38,0x48,0x89,0xF0,0x48,0xC1
	.byte 0xEE,0x09,0x4C,0x01,0xE6,0x48,0x8B,0x76,0x08,0x48,0xC1,0xE8,0x09,0x4C,0x01,0xE0
	.byte 0x48,0x8B,0x40,0x10,0x49,0x89,0x46,0x38,0x41,0xBB,0xB2,0x08,0x00,0x00,0x4D,0x89
	.byte 0x1E,0x48,0x8D,0x05,0x06,0x00,0x00,0x00,0xE9,0x37,0xFB,0xFF,0xFF,0x90,0x48,0x89
	.byte 0xFE,0x49,0x8B,0x45,0xD8,0x49,0x8B,0x7D,0xF8,0x48,0x29,0xF8,0x48,0x83,0xF8,0x48
	.byte 0x0F,0x82,0x12,0x00,0x00,0x00,0x49,0x8B,0x56,0x48,0x4D,0x8B,0x46,0x40,0x49,0x8B
	.byte 0x7E,0x38,0xE9,0x2F,0x00,0x00,0x00,0x90,0xBF,0x48,0x00,0x00,0x00,0x49,0x89,0x76
	.byte 0x30,0x41,0xBB,0xB3,0x08,0x00,0x00,0x4D,0x89,0x1E,0x48,0x8D,0x05,0x05,0x00,0x00
	.byte 0x00,0xE9,0x92,0x3F,0xFE,0xFF,0x49,0x8B,0x56,0x48,0x4D,0x8B,0x46,0x40,0x49,0x8B
	.byte 0x7E,0x38,0x49,0x8B,0x76,0x30,0x48,0x89,0xF0,0x48,0xC1,0xEE,0x09,0x4C,0x01,0xE6
	.byte 0x48,0x8B,0x4E,0x08,0x48,0xC1,0xE8,0x09,0x4C,0x01,0xE0,0x48,0x8B,0x70,0x10,0x49
	.byte 0x8B,0x45,0xF8,0x49,0xB9,0x03,0x00,0x00,0x00,0x03,0x00,0x00,0x00,0x4C,0x89,0x08
	.byte 0x4C,0x89,0x40,0x08,0x48,0x89,0x78,0x10,0x48,0x89,0x70,0x18,0x48,0x89,0xC6,0x4C
	.byte 0x29,0xE0,0x48,0xC1,0xE0,0x09,0x48,0x83,0xC8,0x07,0x48,0x83,0xC6,0x20,0x48,0xBF
	.byte 0x03,0x00,0x00,0x00,0x01,0x00,0x00,0x00,0x48,0x89,0x3E,0x48,0x89,0x46,0x08,0x48
	.byte 0x89,0xF7,0x4C,0x29,0xE6,0x48,0xC1,0xE6,0x09,0x48,0x83,0xCE,0x03,0x48,0x83,0xC7
	.byte 0x10,0x48,0xB8,0x03,0x00,0x00,0x00,0x02,0x00,0x00,0x00,0x48,0x89,0x07,0x48,0x89
	.byte 0x4F,0x08,0x48,0x89,0x77,0x10,0x48,0x89,0xF8,0x4C,0x29,0xE7,0x48,0xC1,0xE7,0x09
	.byte 0x48,0x83,0xCF,0x05,0x48,0x83,0xC0,0x18,0x49,0x89,0x45,0xF8,0x49,0x83,0xC6,0x50
	.byte 0xFF,0xE2,0x48,0x3D,0xA4,0x01,0x00,0x00,0x0F,0x85,0xE0,0x01,0x00,0x00,0xBF,0x04
	.byte 0x00,0x00,0x00,0x49,0x89,0x76,0x40,0x41,0xBB,0xB4,0x08,0x00,0x00,0x4D,0x89,0x1E
	.byte 0x48,0x8D,0x05,0x05,0x00,0x00,0x00,0xE9,0x80,0xE1,0xFF,0xFF,0x48,0x89,0xFE,0x49
	.byte 0x8B,0x46,0x40,0x49,0x89,0x46,0x40,0x48,0xC1,0xE8,0x09,0x4C,0x01,0xE0,0x48,0x8B
	.byte 0x00,0x48,0xC1,0xE8,0x1D,0x48,0x83,0xC0,0xF8,0xBF,0x0D,0x00,0x00,0x00,0x48,0x39
	.byte 0xF8,0x0F,0x83,0x0B,0x00,0x00,0x00,0xBF,0x32,0x00,0x00,0x00,0xE9,0x1B,0x42,0xFE
	.byte 0xFF,0x90,0xB8,0x24,0x00,0x00,0x00,0x31,0xD2,0xBF,0x10,0x00,0x00,0x00,0x49,0x89
	.byte 0x76,0x38,0x48,0x89,0xD6,0x49,0x89,0x46,0x28,0x49,0x89,0x56,0x20,0x49,0x89,0x7E
	.byte 0x18,0x41,0xBB,0xB5,0x08,0x00,0x00,0x4D,0x89,0x1E,0x48,0x8D,0x05,0x05,0x00,0x00
	.byte 0x00,0xE9,0x5A,0x44,0xFE,0xFF,0x48,0x89,0xF9,0x49,0x8B,0x7E,0x40,0x4D,0x8B,0x5E
	.byte 0x38,0x4D,0x89,0x5E,0x40,0x4D,0x8B,0x5E,0x30,0x4D,0x89,0x5E,0x38,0x45,0x31,0xC0
	.byte 0xBA,0x10,0x00,0x00,0x00,0xBE,0x24,0x00,0x00,0x00,0x4D,0x89,0x46,0x10,0x49,0x89
	.byte 0x76,0x20,0x49,0x89,0x7E,0x18,0x49,0x89,0x56,0x28,0x49,0x89,0x4E,0x30,0x41,0xBB
	.byte 0xB6,0x08,0x00,0x00,0x4D,0x89,0x1E,0x48,0x8D,0x05,0x06,0x00,0x00,0x00,0xE9,0xDF
	.byte 0x50,0xFE,0xFF,0x90,0x49,0x8B,0x56,0x38,0x49,0x8B,0x7E,0x30,0xBE,0x12,0x00,0x00
	.byte 0x00,0x41,0xBB,0xB7,0x08,0x00,0x00,0x4D,0x89,0x1E,0x48,0x8D,0x05,0x05,0x00,0x00
	.byte 0x00,0xE9,0x28,0xF3,0xFF,0xFF,0x48,0x89,0xFE,0x49,0x8B,0x45,0xD8,0x49,0x8B,0x7D
	.byte 0xF8,0x48,0x29,0xF8,0x48,0x83,0xF8,0x40,0x0F,0x82,0x0E,0x00,0x00,0x00,0x49,0x8B
	.byte 0x56,0x48,0x49,0x8B,0x4E,0x40,0xE9,0x2B,0x00,0x00,0x00,0x90,0xBF,0x40,0x00,0x00
	.byte 0x00,0x49,0x89,0x76,0x38,0x41,0xBB,0xB8,0x08,0x00,0x00,0x4D,0x89,0x1E,0x48,0x8D
	.byte 0x05,0x05,0x00,0x00,0x00,0xE9,0x9E,0x3D,0xFE,0xFF,0x49,0x8B,0x56,0x48,0x49,0x8B
	.byte 0x4E,0x40,0x49,0x8B,0x76,0x38,0x48,0x89,0xF0,0x48,0xC1,0xEE,0x09,0x4C,0x01,0xE6
	.byte 0x48,0x8B,0x7E,0x08,0x48,0xC1,0xE8,0x09,0x4C,0x01,0xE0,0x48,0x8B,0x40,0x10,0x49
	.byte 0x8B,0x75,0xF8,0x49,0xB8,0x03,0x00,0x00,0x00,0x02,0x00,0x00,0x00,0x4C,0x89,0x06
	.byte 0x48,0x89,0x4E,0x08,0x48,0x89,0x46,0x10,0x48,0x89,0xF0,0x4C,0x29,0xE0,0x48,0xC1
	.byte 0xE0,0x09,0x48,0x83,0xC8,0x05,0x48,0x83,0xC6,0x18,0x48,0xB9,0x03,0x00,0x00,0x00
	.byte 0x01,0x00,0x00,0x00,0x48,0x89,0x0E,0x48,0x89,0x46,0x08,0x48,0x89,0xF0,0x4C,0x29
	.byte 0xE0,0x48,0xC1,0xE0,0x09,0x48,0x83,0xC8,0x03,0x48,0x83,0xC6,0x10,0x48,0xB9,0x03
	.byte 0x00,0x00,0x00,0x02,0x00,0x00,0x00,0x48,0x89,0x0E,0x48,0x89,0x7E,0x08,0x48,0x89
	.byte 0x46,0x10,0x48,0x89,0xF7,0x4C,0x29,0xE7,0x48,0xC1,0xE7,0x09,0x48,0x83,0xCF,0x05
	.byte 0x48,0x83,0xC6,0x18,0x49,0x89,0x75,0xF8,0x49,0x83,0xC6,0x50,0xFF,0xE2,0x48,0x3D
	.byte 0x90,0x01,0x00,0x00,0x0F,0x85,0x9E,0x01,0x00,0x00,0x49,0x89,0x76,0x40,0x48,0xC1
	.byte 0xEE,0x09,0x4C,0x01,0xE6,0x48,0x8B,0x06,0x48,0xC1,0xE8,0x1D,0x48,0x83,0xC0,0xF8
	.byte 0xBF,0x05,0x00,0x00,0x00,0x48,0x39,0xF8,0x0F,0x83,0x0A,0x00,0x00,0x00,0xBF,0x32
	.byte 0x00,0x00,0x00,0xE9,0x54,0x40,0xFE,0xFF,0xB8,0x04,0x00,0x00,0x00,0x31,0xD2,0xBF
	.byte 0x10,0x00,0x00,0x00,0x48,0x89,0xD6,0x49,0x89,0x7E,0x20,0x4D,0x8B,0x5E,0x30,0x4D
	.byte 0x89,0x5E,0x38,0x49,0x89,0x46,0x30,0x49,0x89,0x56,0x28,0x41,0xBB,0xB9,0x08,0x00
	.byte 0x00,0x4D,0x89,0x1E,0x48,0x8D,0x05,0x05,0x00,0x00,0x00,0xE9,0x90,0x42,0xFE,0xFF
	.byte 0x48,0x89,0xF9,0x49,0x8B,0x7E,0x40,0x45,0x31,0xC0,0xBA,0x10,0x00,0x00,0x00,0xBE
	.byte 0x04,0x00,0x00,0x00,0x49,0x89,0x56,0x20,0x49,0x89,0x4E,0x40,0x49,0x89,0x7E,0x18
	.byte 0x49,0x89,0x76,0x28,0x4D,0x89,0x46,0x30,0x41,0xBB,0xBA,0x08,0x00,0x00,0x4D,0x89
	.byte 0x1E,0x48,0x8D,0x05,0x06,0x00,0x00,0x00,0xE9,0x25,0x4F,0xFE,0xFF,0x90,0x49,0x8B
	.byte 0x7E,0x40,0x49,0x8B,0x76,0x38,0x41,0xBB,0xBB,0x08,0x00,0x00,0x4D,0x89,0x1E,0x48
	.byte 0x8D,0x05,0x06,0x00,0x00,0x00,0xE9,0x89,0xF7,0xFF,0xFF,0x90,0x48,0x89,0xF8,0x49
	.byte 0x8B,0x7D,0xD8,0x49,0x8B,0x75,0xF8,0x48,0x29,0xF7,0x48,0x83,0xFF,0x38,0x0F,0x82
	.byte 0x0A,0x00,0x00,0x00,0x49,0x8B,0x56,0x48,0xE9,0x27,0x00,0x00,0x00,0x90,0xBF,0x38
	.byte 0x00,0x00,0x00,0x49,0x89,0x46,0x40,0x41,0xBB,0xBC,0x08,0x00,0x00,0x4D,0x89,0x1E
	.byte 0x48,0x8D,0x05,0x05,0x00,0x00,0x00,0xE9,0xEC,0x3B,0xFE,0xFF,0x49,0x8B,0x56,0x48
	.byte 0x49,0x8B,0x46,0x40,0x48,0x89,0xC7,0x48,0xC1,0xEF,0x09,0x4C,0x01,0xE7,0x48,0x8B
	.byte 0x7F,0x08,0x48,0xC1,0xE8,0x09,0x4C,0x01,0xE0,0x48,0x8B,0x40,0x10,0x49,0x8B,0x75
	.byte 0xF8,0x48,0xB9,0x03,0x00,0x00,0x00,0x01,0x00,0x00,0x00,0x48,0x89,0x0E,0x48,0x89
	.byte 0x46,0x08,0x48,0x89,0xF0,0x4C,0x29,0xE0,0x48,0xC1,0xE0,0x09,0x48,0x83,0xC8,0x03
	.byte 0x48,0x83,0xC6,0x10,0x48,0xB9,0x03,0x00,0x00,0x00,0x01,0x00,0x00,0x00,0x48,0x89
	.byte 0x0E,0x48,0x89,0x46,0x08,0x48,0x89,0xF0,0x4C,0x29,0xE0,0x48,0xC1,0xE0,0x09,0x48
	.byte 0x83,0xC8,0x03,0x48,0x83,0xC6,0x10,0x48,0xB9,0x03,0x00,0x00,0x00,0x02,0x00,0x00
	.byte 0x00,0x48,0x89,0x0E,0x48,0x89,0x7E,0x08,0x48,0x89,0x46,0x10,0x48,0x89,0xF7,0x4C
	.byte 0x29,0xE7,0x48,0xC1,0xE7,0x09,0x48,0x83,0xCF,0x05,0x48,0x83,0xC6,0x18,0x49,0x89
	.byte 0x75,0xF8,0x49,0x83,0xC6,0x50,0xFF,0xE2,0x48,0x3D,0x58,0x01,0x00,0x00,0x0F,0x85
	.byte 0xA2,0x00,0x00,0x00,0x49,0x8B,0x45,0xD8,0x49,0x8B,0x7D,0xF8,0x48,0x29,0xF8,0x48
	.byte 0x83,0xF8,0x28,0x0F,0x82,0x0D,0x00,0x00,0x00,0x49,0x8B,0x76,0x48,0x49,0x8B,0x56
	.byte 0x30,0xE9,0x22,0x00,0x00,0x00,0xBF,0x28,0x00,0x00,0x00,0x41,0xBB,0xBD,0x08,0x00
	.byte 0x00,0x4D,0x89,0x1E,0x48,0x8D,0x05,0x05,0x00,0x00,0x00,0xE9,0x08,0x3B,0xFE,0xFF
	.byte 0x49,0x8B,0x76,0x48,0x49,0x8B,0x56,0x30,0xBF,0x02,0x00,0x00,0x00,0x49,0x8B,0x45
	.byte 0xF8,0x48,0xB9,0x03,0x00,0x00,0x00,0x01,0x00,0x00,0x00,0x48,0x89,0x08,0x48,0x89
	.byte 0x78,0x08,0x48,0x89,0xC7,0x4C,0x29,0xE7,0x48,0xC1,0xE7,0x09,0x48,0x83,0xCF,0x03
	.byte 0x48,0x83,0xC0,0x10,0x48,0xB9,0x03,0x00,0x00,0x00,0x02,0x00,0x00,0x00,0x48,0x89
	.byte 0x08,0x48,0x89,0x50,0x08,0x48,0x89,0x78,0x10,0x48,0x89,0xC7,0x4C,0x29,0xE7,0x48
	.byte 0xC1,0xE7,0x09,0x48,0x83,0xCF,0x05,0x48,0x83,0xC0,0x18,0x49,0x89,0x45,0xF8,0x49
	.byte 0x83,0xC6,0x50,0xFF,0xE6,0x90,0x49,0x8B,0x45,0xD8,0x49,0x8B,0x7D,0xF8,0x48,0x29
	.byte 0xF8,0x48,0x83,0xF8,0x18,0x0F,0x82,0x0D,0x00,0x00,0x00,0x49,0x8B,0x76,0x48,0x49
	.byte 0x8B,0x56,0x30,0xE9,0x22,0x00,0x00,0x00,0xBF,0x18,0x00,0x00,0x00,0x41,0xBB,0xBE
	.byte 0x08,0x00,0x00,0x4D,0x89,0x1E,0x48,0x8D,0x05,0x05,0x00,0x00,0x00,0xE9,0x66,0x3A
	.byte 0xFE,0xFF,0x49,0x8B,0x76,0x48,0x49,0x8B,0x56,0x30,0xBF,0x02,0x00,0x00,0x00,0x49
	.byte 0x8B,0x45,0xF8,0x48,0xB9,0x03,0x00,0x00,0x00,0x02,0x00,0x00,0x00,0x48,0x89,0x08
	.byte 0x48,0x89,0x50,0x08,0x48,0x89,0x78,0x10,0x48,0x89,0xC7,0x4C,0x29,0xE7,0x48,0xC1
	.byte 0xE7,0x09,0x48,0x83,0xCF,0x05,0x48,0x83,0xC0,0x18,0x49,0x89,0x45,0xF8,0x49,0x83
	.byte 0xC6,0x50,0xFF,0xE6,0xE9,0x01,0x00,0x00,0x00,0x90,0x49,0x83,0xEE,0x20,0x4D,0x39
	.byte 0xEE,0x0F,0x82,0x05,0x3A,0xFE,0xFF,0x90,0x48,0x89,0xC1,0x48,0x83,0xFF,0x02,0x0F
	.byte 0x85,0x95,0x00,0x00,0x00,0x49,0x8B,0x45,0xD8,0x49,0x8B,0x7D,0xF8,0x48,0x29,0xF8
	.byte 0x48,0x83,0xF8,0x28,0x0F,0x83,0x22,0x00,0x00,0x00,0xBF,0x28,0x00,0x00,0x00,0x49
	.byte 0x89,0x4E,0x18,0x41,0xBB,0xBF,0x08,0x00,0x00,0x4D,0x89,0x1E,0x48,0x8D,0x05,0x05
	.byte 0x00,0x00,0x00,0xE9,0xD0,0x39,0xFE,0xFF,0x49,0x8B,0x4E,0x18,0x49,0x8B,0x55,0xF8
	.byte 0x48,0x89,0xD6,0x4C,0x29,0xE2,0x48,0xC1,0xE2,0x09,0xBF,0xBF,0x08,0x00,0x00,0x48
	.byte 0x8D,0x05,0x06,0x00,0x00,0x00,0xE9,0x63,0x3D,0xFE,0xFF,0x90,0x48,0x83,0xC2,0x01
	.byte 0xB8,0x02,0x00,0x00,0x00,0x48,0xBF,0x03,0x00,0x00,0x00,0x02,0x00,0x00,0x00,0x48
	.byte 0x89,0x3E,0x48,0x89,0x46,0x08,0x48,0x89,0x56,0x10,0x48,0x89,0xF0,0x4C,0x29,0xE6
	.byte 0x48,0xC1,0xE6,0x09,0x48,0x83,0xCE,0x05,0x48,0x83,0xC0,0x18,0x49,0x89,0x45,0xF8
	.byte 0x48,0x89,0xF7,0x49,0x83,0xC6,0x20,0xFF,0xE1,0x90,0x48,0xC1,0xEF,0x09,0x4C,0x01
	.byte 0xE7,0x48,0x8B,0x47,0x08,0x48,0x89,0xC7,0x48,0xC1,0xE8,0x09,0x4C,0x01,0xE0,0x4C
	.byte 0x8B,0x40,0x08,0x48,0x89,0xF8,0x48,0xC1,0xE8,0x09,0x4C,0x01,0xE0,0x48,0x8B,0x40
	.byte 0x10,0x48,0xC1,0xEF,0x09,0x4C,0x01,0xE7,0x48,0x8B,0x7F,0x18,0x49,0x89,0x4E,0x18
	.byte 0x48,0x89,0xF1,0x48,0x89,0xC6,0x4D,0x89,0xC2,0x49,0x89,0xD0,0x4C,0x89,0xD2,0x41
	.byte 0xBB,0xC3,0x08,0x00,0x00,0x4D,0x89,0x1E,0x49,0x83,0xEE,0x18,0x4D,0x39,0xEE,0x0F
	.byte 0x82,0x07,0x39,0xFE,0xFF,0x41,0xBB,0x01,0x00,0x00,0x00,0x4D,0x89,0x1E,0x4C,0x8D
	.byte 0x1D,0x3D,0x00,0x00,0x00,0x4D,0x89,0x5E,0x08,0x4D,0x8B,0x5D,0xC8,0x4D,0x89,0x5E
	.byte 0x10,0x4D,0x89,0xF3,0x4D,0x29,0xEB,0x49,0xC1,0xEB,0x03,0x4D,0x89,0x5D,0xC8,0x48
	.byte 0x8D,0x05,0x06,0x00,0x00,0x00,0xE9,0xC7,0x00,0x00,0x00,0x90,0x4D,0x8B,0x5E,0x10
	.byte 0x4D,0x89,0x5D,0xC8,0x49,0x83,0xC6,0x18,0x49,0x8B,0x56,0x18,0xE9,0xAB,0x00,0x00
	.byte 0x00,0x90,0x48,0x89,0xFE,0x48,0x81,0xE6,0xFF,0x01,0x00,0x00,0x48,0x81,0xFE,0x23
	.byte 0x01,0x00,0x00,0x0F,0x84,0x05,0x00,0x00,0x00,0xE9,0x3E,0x3C,0xFE,0xFF,0x48,0xC1
	.byte 0xEF,0x09,0x4C,0x01,0xE7,0x48,0x8B,0x77,0x08,0xB9,0x02,0x00,0x00,0x00,0x49,0x8B
	.byte 0x45,0xD8,0x49,0x8B,0x7D,0xF8,0x48,0x29,0xF8,0x48,0x83,0xF8,0x18,0x0F,0x82,0x09
	.byte 0x00,0x00,0x00,0x49,0x8B,0x56,0x18,0xE9,0x2E,0x00,0x00,0x00,0xBF,0x18,0x00,0x00
	.byte 0x00,0x49,0x89,0x4E,0x10,0x49,0x89,0x76,0x08,0x41,0xBB,0xC4,0x08,0x00,0x00,0x4D
	.byte 0x89,0x1E,0x48,0x8D,0x05,0x05,0x00,0x00,0x00,0xE9,0x5A,0x38,0xFE,0xFF,0x49,0x8B
	.byte 0x56,0x18,0x49,0x8B,0x4E,0x10,0x49,0x8B,0x76,0x08,0x49,0x8B,0x7D,0xF8,0x48,0xB8
	.byte 0x03,0x00,0x00,0x00,0x02,0x00,0x00,0x00,0x48,0x89,0x07,0x48,0x89,0x4F,0x08,0x48
	.byte 0x89,0x77,0x10,0x48,0x89,0xF8,0x4C,0x29,0xE0,0x48,0xC1,0xE0,0x09,0x48,0x83,0xC8
	.byte 0x05,0x48,0x83,0xC7,0x18,0x49,0x89,0x7D,0xF8,0x48,0x89,0xC7,0x49,0x83,0xC6,0x20
	.byte 0xFF,0xE2,0x49,0x83,0xEE,0x18,0x4D,0x39,0xEE,0x0F,0x82,0xFD,0x37,0xFE,0xFF,0x90
	.byte 0x49,0x89,0x46,0x10,0x41,0xBB,0xC5,0x08,0x00,0x00,0x4D,0x89,0x1E,0x48,0x8D,0x05
	.byte 0x06,0x00,0x00,0x00,0xE9,0xD9,0xBD,0xFF,0xFF,0x90,0x49,0x8B,0x45,0xD8,0x49,0x8B
	.byte 0x75,0xF8,0x48,0x29,0xF0,0x48,0x83,0xF8,0x58,0x0F,0x82,0x09,0x00,0x00,0x00,0x4D
	.byte 0x8B,0x46,0x10,0xE9,0x2A,0x00,0x00,0x00,0xB8,0x58,0x00,0x00,0x00,0x49,0x89,0x7E
	.byte 0x08,0x48,0x89,0xC7,0x41,0xBB,0xC6,0x08,0x00,0x00,0x4D,0x89,0x1E,0x48,0x8D,0x05
	.byte 0x06,0x00,0x00,0x00,0xE9,0xAF,0x37,0xFE,0xFF,0x90,0x4D,0x8B,0x46,0x10,0x49,0x8B
	.byte 0x7E,0x08,0x48,0x89,0xFE,0x48,0xC1,0xEF,0x09,0x4C,0x01,0xE7,0x48,0x8B,0x7F,0x08
	.byte 0x48,0x89,0xF0,0x48,0xC1,0xEE,0x09,0x4C,0x01,0xE6,0x48,0x8B,0x76,0x10,0x48,0xC1
	.byte 0xE8,0x09,0x4C,0x01,0xE0,0x48,0x8B,0x50,0x18,0x49,0x8B,0x45,0xF8,0x48,0xB9,0x03
	.byte 0x00,0x00,0x00,0x03,0x00,0x00,0x00,0x48,0x89,0x08,0x48,0x89,0x78,0x08,0x48,0x89
	.byte 0x70,0x10,0x48,0x89,0x50,0x18,0x48,0x89,0xC6,0x4C,0x29,0xE0,0x48,0xC1,0xE0,0x09
	.byte 0x48,0x83,0xC8,0x07,0x48,0x83,0xC6,0x20,0x48,0xBF,0x03,0x00,0x00,0x00,0x01,0x00
	.byte 0x00,0x00,0x48,0x89,0x3E,0x48,0x89,0x46,0x08,0x48,0x89,0xF1,0x4C,0x29,0xE1,0x48
	.byte 0xC1,0xE1,0x09,0x48,0x83,0xC9,0x03,0x48,0x83,0xC6,0x10,0x48,0x89,0xF2,0x4C,0x29
	.byte 0xE2,0x48,0xC1,0xE2,0x09,0xBF,0xC6,0x08,0x00,0x00,0x48,0x8D,0x05,0x05,0x00,0x00
	.byte 0x00,0xE9,0xC8,0x3A,0xFE,0xFF,0x48,0x83,0xC2,0x01,0x48,0xB8,0x03,0x00,0x00,0x00
	.byte 0x02,0x00,0x00,0x00,0x48,0x89,0x06,0x48,0x89,0x4E,0x08,0x48,0x89,0x56,0x10,0x48
	.byte 0x89,0xF7,0x4C,0x29,0xE7,0x48,0xC1,0xE7,0x09,0x48,0x83,0xCF,0x05,0x48,0x83,0xC6
	.byte 0x18,0x49,0x89,0x75,0xF8,0x49,0x83,0xC6,0x18,0x41,0xFF,0xE0,0xE9,0x01,0x00,0x00
	.byte 0x00,0x90,0x49,0x83,0xEE,0x20,0x4D,0x39,0xEE,0x0F,0x82,0xBD,0x36,0xFE,0xFF,0x90
	.byte 0x48,0x89,0xF2,0x48,0xC1,0xEE,0x09,0x4C,0x01,0xE6,0x49,0x89,0xF0,0x49,0x83,0xC0
	.byte 0x08,0x49,0x89,0x56,0x10,0x48,0x8B,0x36,0x48,0xC1,0xEE,0x1D,0x48,0x83,0xC6,0xF8
	.byte 0x49,0x89,0x7E,0x08,0x48,0xC1,0xEF,0x09,0x4C,0x01,0xE7,0x48,0x89,0xFA,0x48,0x83
	.byte 0xC2,0x08,0x48,0x8B,0x0F,0x48,0xC1,0xE9,0x1D,0x48,0x83,0xC1,0xF8,0x4C,0x89,0xC7
	.byte 0x49,0x89,0x46,0x18,0x48,0x8D,0x05,0x05,0x00,0x00,0x00,0xE9,0xA0,0x33,0xFE,0xFF
	.byte 0x49,0x8B,0x46,0x18,0xBF,0x02,0x00,0x00,0x00,0x49,0x83,0xC6,0x20,0xFF,0xE0,0x90
	.byte 0xE9,0x01,0x00,0x00,0x00,0x90,0x49,0x83,0xEE,0x50,0x4D,0x39,0xEE,0x0F,0x82,0x49
	.byte 0x36,0xFE,0xFF,0x90,0x49,0x89,0x7E,0x30,0x48,0x89,0xD7,0x49,0x89,0x76,0x38,0x48
	.byte 0x89,0xCE,0x49,0x89,0x46,0x48,0x49,0x89,0x4E,0x40,0x41,0xBB,0xCA,0x08,0x00,0x00
	.byte 0x4D,0x89,0x1E,0x48,0x8D,0x05,0x06,0x00,0x00,0x00,0xE9,0x55,0xF3,0xFF,0xFF,0x90
	.byte 0x49,0x8B,0x4E,0x38,0x49,0x8B,0x56,0x30,0x48,0x89,0xF8,0x48,0xC1,0xEF,0x09,0x4C
	.byte 0x01,0xE7,0x48,0x8B,0x7F,0x08,0x48,0xC1,0xE8,0x09,0x4C,0x01,0xE0,0x48,0x8B,0x40
	.byte 0x10,0x48,0x83,0xF8,0x02,0x0F,0x85,0x11,0x00,0x00,0x00,0xBF,0x02,0x00,0x00,0x00
	.byte 0x4D,0x8B,0x5E,0x48,0x49,0x83,0xC6,0x50,0x41,0xFF,0xE3,0x90,0x48,0xC1,0xE8,0x09
	.byte 0x4C,0x01,0xE0,0x48,0x8B,0x70,0x08,0x49,0x89,0x7E,0x20,0x48,0x89,0xCF,0x49,0x89
	.byte 0x56,0x28,0x41,0xBB,0xCB,0x08,0x00,0x00,0x4D,0x89,0x1E,0x48,0x8D,0x05,0x06,0x00
	.byte 0x00,0x00,0xE9,0xA3,0xFB,0xFF,0xFF,0x90,0x48,0x89,0xF8,0x48,0xC1,0xEF,0x09,0x4C
	.byte 0x01,0xE7,0x48,0x8B,0x77,0x08,0x48,0xC1,0xE8,0x09,0x4C,0x01,0xE0,0x48,0x8B,0x48
	.byte 0x10,0x48,0x83,0xFE,0x02,0x0F,0x85,0x11,0x02,0x00,0x00,0x49,0x8B,0x45,0xD8,0x49
	.byte 0x8B,0x7D,0xF8,0x48,0x29,0xF8,0x48,0x83,0xF8,0x40,0x0F,0x82,0x0A,0x00,0x00,0x00
	.byte 0x49,0x89,0x76,0x38,0xE9,0x27,0x00,0x00,0x00,0x90,0xBF,0x40,0x00,0x00,0x00,0x49
	.byte 0x89,0x76,0x38,0x49,0x89,0x4E,0x30,0x41,0xBB,0xCC,0x08,0x00,0x00,0x4D,0x89,0x1E
	.byte 0x48,0x8D,0x05,0x05,0x00,0x00,0x00,0xE9,0x5C,0x35,0xFE,0xFF,0x49,0x8B,0x4E,0x30
	.byte 0x49,0x8B,0x55,0xF8,0x48,0x89,0xD6,0x4C,0x29,0xE2,0x48,0xC1,0xE2,0x09,0xBF,0xCC
	.byte 0x08,0x00,0x00,0x48,0x8D,0x05,0x06,0x00,0x00,0x00,0xE9,0xEF,0x38,0xFE,0xFF,0x90
	.byte 0x48,0x83,0xC2,0x01,0xB8,0x02,0x00,0x00,0x00,0x48,0xBF,0x03,0x00,0x00,0x00,0x02
	.byte 0x00,0x00,0x00,0x48,0x89,0x3E,0x48,0x89,0x4E,0x08,0x48,0x89,0x46,0x10,0x48,0x89
	.byte 0xF7,0x4C,0x29,0xE6,0x48,0xC1,0xE6,0x09,0x48,0x83,0xCE,0x05,0x48,0x83,0xC7,0x18
	.byte 0x48,0xB8,0x03,0x00,0x00,0x00,0x02,0x00,0x00,0x00,0x48,0x89,0x07,0x48,0x89,0x57
	.byte 0x08,0x48,0x89,0x77,0x10,0x48,0x89,0xF8,0x4C,0x29,0xE7,0x48,0xC1,0xE7,0x09,0x48
	.byte 0x83,0xCF,0x05,0x48,0x83,0xC0,0x18,0x49,0x89,0x45,0xF8,0x31,0xF6,0x49,0x89,0x76
	.byte 0x10,0x49,0x89,0x7E,0x30,0x49,0x89,0x76,0x18,0x41,0xBB,0xD0,0x08,0x00,0x00,0x4D
	.byte 0x89,0x1E,0x48,0x8D,0x05,0x05,0x00,0x00,0x00,0xE9,0xBA,0x70,0xFE,0xFF,0x31,0xF6
	.byte 0x48,0x89,0xF2,0x49,0x89,0x76,0x10,0x49,0x89,0x7E,0x08,0x41,0xBB,0xD1,0x08,0x00
	.byte 0x00,0x4D,0x89,0x1E,0x48,0x8D,0x05,0x05,0x00,0x00,0x00,0xE9,0xA0,0x3A,0xFE,0xFF
	.byte 0x49,0x8B,0x46,0x30,0x4D,0x8B,0x5E,0x28,0x4D,0x89,0x5E,0x30,0x4D,0x8B,0x5E,0x20
	.byte 0x4D,0x89,0x5E,0x28,0x31,0xF6,0x48,0x89,0xFA,0x48,0x89,0xC7,0x41,0xBB,0xD2,0x08
	.byte 0x00,0x00,0x4D,0x89,0x1E,0x48,0x8D,0x05,0x06,0x00,0x00,0x00,0xE9,0x37,0x71,0xFE
	.byte 0xFF,0x90,0x49,0x8B,0x56,0x40,0x48,0x89,0xF8,0x48,0xC1,0xEF,0x09,0x4C,0x01,0xE7
	.byte 0x48,0x83,0xC7,0x08,0x49,0x89,0x46,0x20,0x48,0xC1,0xE8,0x09,0x4C,0x01,0xE0,0x48
	.byte 0x8B,0x30,0x48,0xC1,0xEE,0x1D,0x48,0x83,0xC6,0xF8,0x48,0x89,0xD0,0x48,0xC1,0xEA
	.byte 0x09,0x4C,0x01,0xE2,0x48,0x83,0xC2,0x08,0x49,0x89,0x46,0x40,0x48,0xC1,0xE8,0x09
	.byte 0x4C,0x01,0xE0,0x48,0x8B,0x08,0x48,0xC1,0xE9,0x1D,0x48,0x83,0xC1,0xF8,0x48,0x8D
	.byte 0x05,0x05,0x00,0x00,0x00,0xE9,0x36,0x31,0xFE,0xFF,0x49,0x8B,0x56,0x30,0x4D,0x8B
	.byte 0x5E,0x28,0x4D,0x89,0x5E,0x30,0xBF,0x04,0x00,0x00,0x00,0x48,0x01,0xD7,0xB8,0x00
	.byte 0x00,0x00,0x00,0x40,0x0F,0x90,0xC0,0x48,0x89,0xD6,0x48,0x09,0xC2,0x48,0x83,0xCA
	.byte 0x04,0x48,0xF7,0xC2,0x01,0x00,0x00,0x00,0x0F,0x84,0x38,0x00,0x00,0x00,0xBF,0x04
	.byte 0x00,0x00,0x00,0x49,0x89,0x76,0x20,0x49,0x89,0x7E,0x28,0x41,0xBB,0xD3,0x08,0x00
	.byte 0x00,0x4D,0x89,0x1E,0x48,0x8D,0x05,0x05,0x00,0x00,0x00,0xE9,0x52,0x40,0xFE,0xFF
	.byte 0x49,0x8B,0x46,0x48,0x49,0x8B,0x4E,0x40,0x49,0x8B,0x76,0x38,0x49,0x8B,0x56,0x30
	.byte 0xE9,0x11,0x00,0x00,0x00,0x90,0x49,0x8B,0x46,0x48,0x49,0x8B,0x4E,0x40,0x49,0x8B
	.byte 0x76,0x38,0x49,0x8B,0x56,0x30,0xE9,0x39,0xFD,0xFF,0xFF,0x90,0x49,0x8B,0x45,0xD8
	.byte 0x49,0x8B,0x7D,0xF8,0x48,0x29,0xF8,0x48,0x83,0xF8,0x40,0x0F,0x82,0x09,0x00,0x00
	.byte 0x00,0x49,0x89,0x76,0x38,0xE9,0x26,0x00,0x00,0x00,0xBF,0x40,0x00,0x00,0x00,0x49
	.byte 0x89,0x76,0x38,0x49,0x89,0x4E,0x30,0x41,0xBB,0xD4,0x08,0x00,0x00,0x4D,0x89,0x1E
	.byte 0x48,0x8D,0x05,0x05,0x00,0x00,0x00,0xE9,0x4C,0x33,0xFE,0xFF,0x49,0x8B,0x4E,0x30
	.byte 0x49,0x8B,0x75,0xF8,0x48,0x89,0xF2,0x4C,0x29,0xE2,0x48,0xC1,0xE2,0x09,0xBF,0xD4
	.byte 0x08,0x00,0x00,0x48,0x8D,0x05,0x06,0x00,0x00,0x00,0xE9,0xDF,0x36,0xFE,0xFF,0x90
	.byte 0x48,0x83,0xC2,0x01,0xB8,0x02,0x00,0x00,0x00,0x48,0xBF,0x03,0x00,0x00,0x00,0x02
	.byte 0x00,0x00,0x00,0x48,0x89,0x3E,0x48,0x89,0x4E,0x08,0x48,0x89,0x46,0x10,0x48,0x89
	.byte 0xF0,0x4C,0x29,0xE0,0x48,0xC1,0xE0,0x09,0x48,0x83,0xC8,0x05,0x48,0x83,0xC6,0x18
	.byte 0x48,0xBF,0x03,0x00,0x00,0x00,0x02,0x00,0x00,0x00,0x48,0x89,0x3E,0x48,0x89,0x56
	.byte 0x08,0x48,0x89,0x46,0x10,0x48,0x89,0xF7,0x4C,0x29,0xE7,0x48,0xC1,0xE7,0x09,0x48
	.byte 0x83,0xCF,0x05,0x48,0x83,0xC6,0x18,0x49,0x89,0x75,0xF8,0x31,0xF6,0x49,0x89,0x76
	.byte 0x18,0x49,0x89,0x7E,0x30,0x49,0x89,0x76,0x10,0x41,0xBB,0xD8,0x08,0x00,0x00,0x4D
	.byte 0x89,0x1E,0x48,0x8D,0x05,0x05,0x00,0x00,0x00,0xE9,0xAA,0x6E,0xFE,0xFF,0x31,0xD2
	.byte 0x48,0x89,0xD6,0x49,0x89,0x56,0x08,0x49,0x89,0x7E,0x18,0x41,0xBB,0xD9,0x08,0x00
	.byte 0x00,0x4D,0x89,0x1E,0x48,0x8D,0x05,0x05,0x00,0x00,0x00,0xE9,0x90,0x38,0xFE,0xFF
	.byte 0x48,0x89,0xFA,0x49,0x8B,0x7E,0x30,0x4D,0x8B,0x5E,0x28,0x4D,0x89,0x5E,0x30,0x4D
	.byte 0x8B,0x5E,0x20,0x4D,0x89,0x5E,0x28,0x31,0xF6,0x41,0xBB,0xDA,0x08,0x00,0x00,0x4D
	.byte 0x89,0x1E,0x48,0x8D,0x05,0x05,0x00,0x00,0x00,0xE9,0x2A,0x6F,0xFE,0xFF,0x49,0x8B
	.byte 0x4E,0x40,0x48,0x89,0xF8,0x48,0xC1,0xEF,0x09,0x4C,0x01,0xE7,0x48,0x83,0xC7,0x08
	.byte 0x49,0x89,0x46,0x20,0x48,0xC1,0xE8,0x09,0x4C,0x01,0xE0,0x48,0x8B,0x30,0x48,0xC1
	.byte 0xEE,0x1D,0x48,0x83,0xC6,0xF8,0x48,0x89,0xCA,0x48,0xC1,0xEA,0x09,0x4C,0x01,0xE2
	.byte 0x48,0x83,0xC2,0x08,0x49,0x89,0x4E,0x40,0x48,0xC1,0xE9,0x09,0x4C,0x01,0xE1,0x48
	.byte 0x8B,0x09,0x48,0xC1,0xE9,0x1D,0x48,0x83,0xC1,0xF8,0x48,0x8D,0x05,0x05,0x00,0x00
	.byte 0x00,0xE9,0x2A,0x2F,0xFE,0xFF,0x49,0x8B,0x76,0x30,0x4D,0x8B,0x5E,0x28,0x4D,0x89
	.byte 0x5E,0x30,0xBF,0x04,0x00,0x00,0x00,0x48,0x01,0xF7,0xB8,0x00,0x00,0x00,0x00,0x40
	.byte 0x0F,0x90,0xC0,0x48,0x89,0xF2,0x48,0x09,0xC2,0x48,0x83,0xCA,0x04,0x48,0xF7,0xC2
	.byte 0x01,0x00,0x00,0x00,0x0F,0x84,0x38,0x00,0x00,0x00,0xBF,0x04,0x00,0x00,0x00,0x49
	.byte 0x89,0x76,0x28,0x49,0x89,0x7E,0x20,0x41,0xBB,0xDB,0x08,0x00,0x00,0x4D,0x89,0x1E
	.byte 0x48,0x8D,0x05,0x05,0x00,0x00,0x00,0xE9,0x46,0x3E,0xFE,0xFF,0x49,0x8B,0x46,0x48
	.byte 0x49,0x8B,0x4E,0x40,0x49,0x8B,0x76,0x38,0x49,0x8B,0x56,0x30,0xE9,0x11,0x00,0x00
	.byte 0x00,0x90,0x49,0x8B,0x46,0x48,0x49,0x8B,0x4E,0x40,0x49,0x8B,0x76,0x38,0x49,0x8B
	.byte 0x56,0x30,0xE9,0x2D,0xFB,0xFF,0xFF,0x90,0xE9,0x01,0x00,0x00,0x00,0x90,0x49,0x83
	.byte 0xEE,0x38,0x4D,0x39,0xEE,0x0F,0x82,0x61,0x31,0xFE,0xFF,0x90,0xBA,0x10,0x00,0x00
	.byte 0x00,0x31,0xF6,0xBF,0x44,0x00,0x00,0x00,0x49,0x89,0x46,0x30,0x49,0x89,0x76,0x20
	.byte 0x49,0x89,0x7E,0x28,0x41,0xBB,0xDC,0x08,0x00,0x00,0x4D,0x89,0x1E,0x48,0x8D,0x05
	.byte 0x06,0x00,0x00,0x00,0xE9,0x47,0x37,0xFE,0xFF,0x90,0xBA,0x10,0x00,0x00,0x00,0x31
	.byte 0xF6,0x49,0x89,0x7E,0x18,0x48,0x89,0xF7,0x49,0x89,0x76,0x28,0x49,0x89,0x76,0x20
	.byte 0x41,0xBB,0xDD,0x08,0x00,0x00,0x4D,0x89,0x1E,0x48,0x8D,0x05,0x06,0x00,0x00,0x00
	.byte 0xE9,0x1B,0x37,0xFE,0xFF,0x90,0xBE,0x02,0x00,0x00,0x00,0xB8,0x00,0x40,0x00,0x00
	.byte 0x49,0x89,0x46,0x28,0xBA,0x08,0x80,0x00,0x00,0x49,0x8B,0x45,0xD8,0x49,0x8B,0x4D
	.byte 0xF8,0x48,0x29,0xC8,0x48,0x39,0xD0,0x0F,0x82,0x09,0x00,0x00,0x00,0x49,0x89,0x7E
	.byte 0x20,0xE9,0x26,0x00,0x00,0x00,0xB8,0x08,0x80,0x00,0x00,0x49,0x89,0x7E,0x20,0x48
	.byte 0x89,0xC7,0x49,0x89,0x76,0x10,0x41,0xBB,0xDE,0x08,0x00,0x00,0x4D,0x89,0x1E,0x48
	.byte 0x8D,0x05,0x06,0x00,0x00,0x00,0xE9,0xBD,0x30,0xFE,0xFF,0x90,0xBE,0x02,0x00,0x00
	.byte 0x00,0xBF,0x00,0x40,0x00,0x00,0x49,0x89,0x76,0x28,0x49,0x89,0x7E,0x10,0x41,0xBB
	.byte 0xDF,0x08,0x00,0x00,0x4D,0x89,0x1E,0x48,0x8D,0x05,0x06,0x00,0x00,0x00,0xE9,0xA3
	.byte 0x38,0xFE,0xFF,0x90,0x48,0x89,0xF8,0xBA,0x10,0x00,0x00,0x00,0x31,0xF6,0xBF,0x00
	.byte 0x10,0x00,0x00,0x49,0x89,0x76,0x28,0x49,0x89,0x46,0x10,0x49,0x89,0x7E,0x08,0x41
	.byte 0xBB,0xE0,0x08,0x00,0x00,0x4D,0x89,0x1E,0x48,0x8D,0x05,0x05,0x00,0x00,0x00,0xE9
	.byte 0x6C,0x36,0xFE,0xFF,0x49,0x89,0xF8,0x49,0x8B,0x45,0xD8,0x49,0x8B,0x7D,0xF8,0x48
	.byte 0x29,0xF8,0x48,0x83,0xF8,0x30,0x0F,0x82,0x16,0x00,0x00,0x00,0x49,0x8B,0x46,0x30
	.byte 0x49,0x8B,0x56,0x20,0x49,0x8B,0x4E,0x18,0x4D,0x8B,0x4E,0x10,0xE9,0x33,0x00,0x00
	.byte 0x00,0x90,0xBF,0x30,0x00,0x00,0x00,0x4D,0x89,0x46,0x28,0x41,0xBB,0xE1,0x08,0x00
	.byte 0x00,0x4D,0x89,0x1E,0x48,0x8D,0x05,0x05,0x00,0x00,0x00,0xE9,0x18,0x30,0xFE,0xFF
	.byte 0x49,0x8B,0x46,0x30,0x4D,0x8B,0x46,0x28,0x49,0x8B,0x56,0x20,0x49,0x8B,0x4E,0x18
	.byte 0x4D,0x8B,0x4E,0x10,0xBF,0x04,0x00,0x00,0x00,0x49,0x8B,0x75,0xF8,0x48,0xBB,0x03
	.byte 0x00,0x00,0x00,0x03,0x00,0x00,0x00,0x48,0x89,0x1E,0x4C,0x89,0x4E,0x08,0x4C,0x89
	.byte 0x46,0x10,0x48,0x89,0x7E,0x18,0x48,0x89,0xF7,0x4C,0x29,0xE6,0x48,0xC1,0xE6,0x09
	.byte 0x48,0x83,0xCE,0x07,0x48,0x83,0xC7,0x20,0x49,0xB8,0x03,0x00,0x00,0x00,0x01,0x00
	.byte 0x00,0x00,0x4C,0x89,0x07,0x48,0x89,0x77,0x08,0x48,0x89,0xFE,0x4C,0x29,0xE6,0x48
	.byte 0xC1,0xE6,0x09,0x48,0x83,0xCE,0x03,0x48,0x83,0xC7,0x10,0x49,0x89,0x7D,0xF8,0xBF
	.byte 0x04,0x00,0x00,0x00,0x49,0x83,0xEE,0x18,0x4D,0x39,0xEE,0x0F,0x82,0x8B,0x2F,0xFE
	.byte 0xFF,0xE9,0x3E,0xF9,0xFF,0xFF
     .globl cdecl(cake_codebuffer_begin)
cdecl(cake_codebuffer_begin):
#if defined(EVAL)
     .space CODE_BUFFER_SIZE
#endif
     .p2align 12
     .globl cdecl(cake_codebuffer_end)
cdecl(cake_codebuffer_end):
     .space 4096
    makesym(cml__Init_0, 0, 660)
    makesym(cml__Halt0_1, 660, 8)
    makesym(cml__Halt2_2, 668, 12)
    makesym(cml__GC_3, 680, 916)
    makesym(cml__Raise_4, 1596, 34)
    makesym(cml__StoreConsts_5, 1630, 166)
    makesym(cml__FromList_6, 1796, 378)
    makesym(cml__FromList1_7, 2174, 50)
    makesym(cml__RefByte_8, 2224, 518)
    makesym(cml__RefArray_9, 2742, 70)
    makesym(cml__Replicate_10, 2812, 32)
    makesym(cml__AnyArith_11, 2844, 1062)
    makesym(cml__Add_12, 3906, 8)
    makesym(cml__Sub_13, 3914, 10)
    makesym(cml__Mul_14, 3924, 10)
    makesym(cml__Div_15, 3934, 10)
    makesym(cml__Mod_16, 3944, 10)
    makesym(cml__Compare1_17, 3954, 72)
    makesym(cml__Compare_18, 4026, 292)
    makesym(cml__Equal1_19, 4318, 134)
    makesym(cml__Equal_20, 4452, 260)
    makesym(cml__LongDiv1_21, 4712, 0)
    makesym(cml__LongDiv_22, 4712, 34)
    makesym(cml__Install_23, 4746, 60)
    makesym(cml__InstallCode_24, 4806, 52)
    makesym(cml__InstallData_25, 4858, 60)
    makesym(cml__Append_26, 4918, 78)
    makesym(cml__AppendMainLoop_27, 4996, 114)
    makesym(cml__AppendLenLoop_28, 5110, 198)
    makesym(cml__XorLoop_29, 5308, 92)
    makesym(cml__Unused_30, 5400, 0)
    makesym(cml__StringCmpLoop_31, 5400, 68)
    makesym(cml__MemCopy_32, 5468, 38)
    makesym(cml__ByteCopy_33, 5506, 110)
    makesym(cml__ByteCopyAdd_34, 5616, 152)
    makesym(cml__ByteCopySub_35, 5768, 152)
    makesym(cml__ByteCopyNew_36, 5920, 0)
    makesym(cml__Dummy_37, 5920, 0)
    makesym(cml__Bignum_38, 5920, 2946)
    makesym(cml__Bignum_39, 8866, 172)
    makesym(cml__Bignum_40, 9038, 198)
    makesym(cml__Bignum_41, 9236, 116)
    makesym(cml__Bignum_42, 9352, 170)
    makesym(cml__Bignum_43, 9522, 686)
    makesym(cml__Bignum_44, 10208, 432)
    makesym(cml__Bignum_45, 10640, 408)
    makesym(cml__Bignum_46, 11048, 616)
    makesym(cml__Bignum_47, 11664, 186)
    makesym(cml__Bignum_48, 11850, 290)
    makesym(cml__Bignum_49, 12140, 62)
    makesym(cml__Bignum_50, 12202, 170)
    makesym(cml__Bignum_51, 12372, 84)
    makesym(cml__Bignum_52, 12456, 196)
    makesym(cml__Bignum_53, 12652, 304)
    makesym(cml__Bignum_54, 12956, 64)
    makesym(cml__Bignum_55, 13020, 92)
    makesym(cml__Bignum_56, 13112, 160)
    makesym(cml__Bignum_57, 13272, 180)
    makesym(cml__Bignum_58, 13452, 152)
    makesym(cml__Bignum_59, 13604, 156)
    makesym(cml__Bignum_60, 13760, 176)
    makesym(cml_AllocGlobal_61, 13936, 772)
    makesym(cml_CopyGlobals_62, 14708, 322)
    makesym(cml_start_63, 15030, 272)
    makesym(cml_ListLength_64, 15302, 174)
    makesym(cml_FromListByte_65, 15476, 244)
    makesym(cml_ToListByte_66, 15720, 320)
    makesym(cml_SumListLength_67, 16040, 208)
    makesym(cml_ConcatByte_68, 16248, 300)
    makesym(cml_bvl_stub_69, 16548, 3560)
    makesym(cml_bvl_stub_70, 20108, 3904)
    makesym(cml_bvl_stub_71, 24012, 4052)
    makesym(cml_bvl_stub_72, 28064, 4158)
    makesym(cml_bvl_stub_73, 32222, 4422)
    makesym(cml_bvl_stub_74, 36644, 4540)
    makesym(cml_bvl_stub_75, 41184, 4714)
    makesym(cml_bvl_stub_76, 45898, 4928)
    makesym(cml_bvl_stub_77, 50826, 5416)
    makesym(cml_bvl_stub_78, 56242, 5596)
    makesym(cml_bvl_stub_79, 61838, 32)
    makesym(cml_bvl_stub_80, 61870, 32)
    makesym(cml_bvl_stub_81, 61902, 40)
    makesym(cml_bvl_stub_82, 61942, 32)
    makesym(cml_bvl_stub_83, 61974, 40)
    makesym(cml_bvl_stub_84, 62014, 44)
    makesym(cml_bvl_stub_85, 62058, 32)
    makesym(cml_bvl_stub_86, 62090, 38)
    makesym(cml_bvl_stub_87, 62128, 42)
    makesym(cml_bvl_stub_88, 62170, 46)
    makesym(cml_bvl_stub_89, 62216, 32)
    makesym(cml_bvl_stub_90, 62248, 40)
    makesym(cml_bvl_stub_91, 62288, 44)
    makesym(cml_bvl_stub_92, 62332, 48)
    makesym(cml_bvl_stub_93, 62380, 52)
    makesym(cml_bvl_stub_94, 62432, 66)
    makesym(cml_bvl_stub_95, 62498, 74)
    makesym(cml_bvl_stub_96, 62572, 78)
    makesym(cml_bvl_stub_97, 62650, 82)
    makesym(cml_bvl_stub_98, 62732, 86)
    makesym(cml_bvl_stub_99, 62818, 90)
    makesym(cml_bvl_stub_100, 62908, 88)
    makesym(cml_bvl_stub_101, 62996, 86)
    makesym(cml_bvl_stub_102, 63082, 90)
    makesym(cml_bvl_stub_103, 63172, 96)
    makesym(cml_bvl_stub_104, 63268, 98)
    makesym(cml_bvl_stub_105, 63366, 104)
    makesym(cml_bvl_stub_106, 63470, 106)
    makesym(cml_bvl_stub_107, 63576, 100)
    makesym(cml_bvl_stub_108, 63676, 100)
    makesym(cml_bvl_stub_109, 63776, 104)
    makesym(cml_bvl_stub_110, 63880, 114)
    makesym(cml_bvl_stub_111, 63994, 112)
    makesym(cml_bvl_stub_112, 64106, 122)
    makesym(cml_bvl_stub_113, 64228, 120)
    makesym(cml_bvl_stub_114, 64348, 130)
    makesym(cml_bvl_stub_115, 64478, 114)
    makesym(cml_bvl_stub_116, 64592, 114)
    makesym(cml_bvl_stub_117, 64706, 116)
    makesym(cml_bvl_stub_118, 64822, 136)
    makesym(cml_bvl_stub_119, 64958, 122)
    makesym(cml_bvl_stub_120, 65080, 144)
    makesym(cml_bvl_stub_121, 65224, 130)
    makesym(cml_bvl_stub_122, 65354, 152)
    makesym(cml_bvl_stub_123, 65506, 138)
    makesym(cml_bvl_force_124, 65644, 196)
    makesym(cml_bvl_init_125, 65840, 1200)
    makesym(cml_dec_126, 67040, 66)
    makesym(cml_dec_127, 67106, 54)
    makesym(cml_dec_128, 67160, 140)
    makesym(cml_dec_129, 67300, 146)
    makesym(cml_dec_130, 67446, 146)
    makesym(cml_dec_131, 67592, 148)
    makesym(cml_dec_132, 67740, 146)
    makesym(cml_dec_133, 67886, 148)
    makesym(cml_dec_134, 68034, 148)
    makesym(cml_dec_135, 68182, 148)
    makesym(cml_dec_136, 68330, 148)
    makesym(cml_dec_137, 68478, 148)
    makesym(cml_dec_138, 68626, 148)
    makesym(cml_dec_139, 68774, 146)
    makesym(cml_dec_140, 68920, 148)
    makesym(cml_dec_141, 69068, 152)
    makesym(cml_dec_142, 69220, 22)
    makesym(cml_dec_143, 69242, 146)
    makesym(cml_dec_144, 69388, 148)
    makesym(cml_dec_145, 69536, 148)
    makesym(cml_dec_146, 69684, 146)
    makesym(cml_dec_147, 69830, 178)
    makesym(cml_dec_148, 70008, 158)
    makesym(cml_dec_149, 70166, 212)
    makesym(cml_dec_150, 70378, 146)
    makesym(cml_dec_151, 70524, 146)
    makesym(cml_dec_152, 70670, 148)
    makesym(cml_dec_153, 70818, 148)
    makesym(cml_dec_154, 70966, 146)
    makesym(cml_dec_155, 71112, 148)
    makesym(cml_dec_156, 71260, 148)
    makesym(cml_dec_157, 71408, 148)
    makesym(cml_dec_158, 71556, 146)
    makesym(cml_dec_159, 71702, 148)
    makesym(cml_dec_160, 71850, 148)
    makesym(cml_dec_161, 71998, 148)
    makesym(cml_dec_162, 72146, 162)
    makesym(cml_dec_163, 72308, 80)
    makesym(cml_dec_164, 72388, 84)
    makesym(cml_dec_165, 72472, 148)
    makesym(cml_dec_166, 72620, 148)
    makesym(cml_dec_167, 72768, 148)
    makesym(cml_dec_168, 72916, 148)
    makesym(cml_dec_169, 73064, 148)
    makesym(cml_dec_170, 73212, 148)
    makesym(cml_dec_171, 73360, 148)
    makesym(cml_dec_172, 73508, 148)
    makesym(cml_dec_173, 73656, 146)
    makesym(cml_dec_174, 73802, 152)
    makesym(cml_dec_175, 73954, 18)
    makesym(cml_dec_176, 73972, 22)
    makesym(cml_dec_177, 73994, 22)
    makesym(cml_dec_178, 74016, 146)
    makesym(cml_dec_179, 74162, 148)
    makesym(cml_dec_180, 74310, 148)
    makesym(cml_dec_181, 74458, 148)
    makesym(cml_dec_182, 74606, 148)
    makesym(cml_dec_183, 74754, 148)
    makesym(cml_dec_184, 74902, 148)
    makesym(cml_dec_185, 75050, 148)
    makesym(cml_dec_186, 75198, 148)
    makesym(cml_dec_187, 75346, 148)
    makesym(cml_dec_188, 75494, 148)
    makesym(cml_dec_189, 75642, 148)
    makesym(cml_dec_190, 75790, 146)
    makesym(cml_dec_191, 75936, 148)
    makesym(cml_dec_192, 76084, 146)
    makesym(cml_dec_193, 76230, 148)
    makesym(cml_dec_194, 76378, 146)
    makesym(cml_dec_195, 76524, 148)
    makesym(cml_dec_196, 76672, 148)
    makesym(cml_dec_197, 76820, 148)
    makesym(cml_dec_198, 76968, 148)
    makesym(cml_dec_199, 77116, 148)
    makesym(cml_dec_200, 77264, 148)
    makesym(cml_dec_201, 77412, 148)
    makesym(cml_dec_202, 77560, 148)
    makesym(cml_dec_203, 77708, 148)
    makesym(cml_dec_204, 77856, 148)
    makesym(cml_dec_205, 78004, 148)
    makesym(cml_dec_206, 78152, 148)
    makesym(cml_dec_207, 78300, 148)
    makesym(cml_dec_208, 78448, 146)
    makesym(cml_dec_209, 78594, 60)
    makesym(cml_Vector_fromList_clos_210, 78654, 6)
    makesym(cml_Vector_fromList_211, 78660, 92)
    makesym(cml_Vector_length_clos_212, 78752, 6)
    makesym(cml_Vector_length_213, 78758, 40)
    makesym(cml_String_strcat_clos_214, 78798, 6)
    makesym(cml_String_strcat_215, 78804, 286)
    makesym(cml_String_str_clos_216, 79090, 6)
    makesym(cml_String_str_217, 79096, 226)
    makesym(cml_$43__clos_218, 79322, 6)
    makesym(cml_$43__219, 79328, 108)
    makesym(cml_$45__clos_220, 79436, 6)
    makesym(cml_$45__221, 79442, 108)
    makesym(cml_$42__clos_222, 79550, 6)
    makesym(cml_$42__223, 79556, 112)
    makesym(cml_$60__clos_224, 79668, 6)
    makesym(cml_$60__225, 79674, 116)
    makesym(cml_$60_$61__clos_226, 79790, 6)
    makesym(cml_$60_$61__227, 79796, 116)
    makesym(cml_$62_$61__clos_228, 79912, 6)
    makesym(cml_$62_$61__229, 79918, 112)
    makesym(cml_$126__clos_230, 80030, 6)
    makesym(cml_$126__231, 80036, 98)
    makesym(cml_$61__clos_232, 80134, 6)
    makesym(cml_$61__233, 80140, 126)
    makesym(cml_$94__clos_234, 80266, 6)
    makesym(cml_$94__235, 80272, 286)
    makesym(cml_Int_tochar_clos_236, 80558, 6)
    makesym(cml_Int_tochar_237, 80564, 782)
    makesym(cml_Int_num_to_chars_clos_238, 81346, 6)
    makesym(cml_Int_num_to_chars_239, 81352, 1234)
    makesym(cml_Int_int_to_string_clos_240, 82586, 6)
    makesym(cml_Int_int_to_string_241, 82592, 698)
    makesym(cml_Int_toString_clos_242, 83290, 6)
    makesym(cml_Int_toString_243, 83296, 10)
    makesym(cml_Char_fromByte_clos_244, 83306, 6)
    makesym(cml_Char_fromByte_245, 83312, 2)
    makesym(cml_Word8_fromInt_clos_246, 83314, 6)
    makesym(cml_Word8_fromInt_247, 83320, 120)
    makesym(cml_Word8_toInt_clos_248, 83440, 6)
    makesym(cml_Word8_toInt_249, 83446, 2)
    makesym(cml_Word8Array_array_clos_250, 83448, 6)
    makesym(cml_Word8Array_array_251, 83454, 182)
    makesym(cml_Word8Array_sub_clos_252, 83636, 6)
    makesym(cml_Word8Array_sub_253, 83642, 76)
    makesym(cml_Word8Array_length_clos_254, 83718, 6)
    makesym(cml_Word8Array_length_255, 83724, 24)
    makesym(cml_Word8Array_substring_clos_256, 83748, 6)
    makesym(cml_Word8Array_substring_257, 83754, 524)
    makesym(cml_Array_array_clos_258, 84278, 6)
    makesym(cml_Array_array_259, 84284, 338)
    makesym(cml_Array_sub_clos_260, 84622, 6)
    makesym(cml_Array_sub_261, 84628, 62)
    makesym(cml_Array_length_clos_262, 84690, 6)
    makesym(cml_Array_length_263, 84696, 20)
    makesym(cml_Array_update_clos_264, 84716, 6)
    makesym(cml_Array_update_265, 84722, 68)
    makesym(cml_Array_copy_aux_clos_266, 84790, 6)
    makesym(cml_Array_copy_aux_267, 84796, 544)
    makesym(cml_Array_copy_clos_268, 85340, 6)
    makesym(cml_Array_copy_269, 85346, 40)
    makesym(cml_Array_updateResize_clos_270, 85386, 6)
    makesym(cml_Array_updateResize_271, 85392, 880)
    makesym(cml_bvl_stub_bvi_aux_272, 86272, 68)
    makesym(cml_Unsafe_sub_clos_273, 86340, 6)
    makesym(cml_Unsafe_sub_274, 86346, 20)
    makesym(cml_Unsafe_update_clos_275, 86366, 6)
    makesym(cml_Unsafe_update_276, 86372, 24)
    makesym(cml_Unsafe_w8sub_clos_277, 86396, 6)
    makesym(cml_Unsafe_w8sub_278, 86402, 28)
    makesym(cml_Unsafe_w8update_clos_279, 86430, 6)
    makesym(cml_Unsafe_w8update_280, 86436, 32)
    makesym(cml_format_failure_clos_281, 86468, 6)
    makesym(cml_format_failure_282, 86474, 968)
    makesym(cml_w8ult_clos_283, 87442, 6)
    makesym(cml_w8ult_284, 87448, 116)
    makesym(cml_uvsub_clos_285, 87564, 6)
    makesym(cml_uvsub_286, 87570, 20)
    makesym(cml_all_assigned_arr_clos_287, 87590, 6)
    makesym(cml_all_assigned_arr_288, 87596, 742)
    makesym(cml_badd1_clos_289, 88338, 6)
    makesym(cml_badd1_290, 88344, 14)
    makesym(cml_delete_literals_sing_arr_clos_291, 88358, 6)
    makesym(cml_delete_literals_sing_arr_292, 88364, 3278)
    makesym(cml_badd2_clos_293, 91642, 6)
    makesym(cml_badd2_294, 91648, 14)
    makesym(cml_reset_dm_arr_clos_295, 91662, 6)
    makesym(cml_reset_dm_arr_296, 91668, 1026)
    makesym(cml_sz_lit_map_clos_297, 92694, 6)
    makesym(cml_sz_lit_map_298, 92700, 660)
    makesym(cml_mk_bb_nc_clos_299, 93360, 6)
    makesym(cml_mk_bb_nc_300, 93366, 482)
    makesym(cml_init_lit_map_arr_clos_301, 93848, 6)
    makesym(cml_init_lit_map_arr_302, 93854, 814)
    makesym(cml_resize_dm_clos_303, 94668, 6)
    makesym(cml_resize_dm_304, 94674, 132)
    makesym(cml_prepare_rup_clos_305, 94806, 6)
    makesym(cml_prepare_rup_306, 94812, 374)
    makesym(cml_unit_prop_one_clos_307, 95186, 6)
    makesym(cml_unit_prop_one_308, 95192, 3076)
    makesym(cml_unit_prop_arr_clos_309, 98268, 6)
    makesym(cml_unit_prop_arr_310, 98274, 154)
    makesym(cml_is_rup_arr_clos_311, 98428, 6)
    makesym(cml_is_rup_arr_312, 98434, 1260)
    makesym(cml_delete_arr_clos_313, 99694, 6)
    makesym(cml_delete_arr_314, 99700, 180)
    makesym(cml_delete_ids_arr_clos_315, 99880, 6)
    makesym(cml_delete_ids_arr_316, 99886, 224)
    makesym(cml_is_empty_clos_317, 100110, 6)
    makesym(cml_is_empty_318, 100116, 66)
    makesym(cml_contains_emp_arr_aux_clos_319, 100182, 6)
    makesym(cml_contains_emp_arr_aux_320, 100188, 272)
    makesym(cml_contains_emp_arr_clos_321, 100460, 6)
    makesym(cml_contains_emp_arr_322, 100466, 26)
    makesym(cml_check_distrup_arr_clos_323, 100492, 6)
    makesym(cml_check_distrup_arr_324, 100498, 4328)
    makesym(cml_bvl_stub_bvi_aux_325, 104826, 68)
    makesym(cml_bvl_stub_bvi_aux_326, 104894, 68)
    makesym(cml_string_to_num_clos_327, 104962, 6)
    makesym(cml_string_to_num_328, 104968, 926)
    makesym(cml_get_byte_clos_329, 105894, 6)
    makesym(cml_get_byte_330, 105900, 28)
    makesym(cml_get_int_clos_331, 105928, 6)
    makesym(cml_get_int_332, 105934, 1386)
    makesym(cml_read_ints_clos_333, 107320, 6)
    makesym(cml_read_ints_334, 107326, 552)
    makesym(cml_get_u64_clos_335, 107878, 6)
    makesym(cml_get_u64_336, 107884, 2842)
    makesym(cml_read_ids_clos_337, 110726, 6)
    makesym(cml_read_ids_338, 110732, 552)
    makesym(cml_ensure_size_clos_339, 111284, 6)
    makesym(cml_ensure_size_340, 111290, 300)
    makesym(cml_mk_trusted_clos_341, 111590, 6)
    makesym(cml_mk_trusted_342, 111596, 1020)
    makesym(cml_get_clause_clos_343, 112616, 6)
    makesym(cml_get_clause_344, 112622, 1552)
    makesym(cml_get_hints_clos_345, 114174, 6)
    makesym(cml_get_hints_346, 114180, 458)
    makesym(cml_parse_step_clos_347, 114638, 6)
    makesym(cml_parse_step_348, 114644, 2224)
    makesym(cml_check_top_clos_349, 116868, 6)
    makesym(cml_check_top_350, 116874, 520)
    makesym(cml_bvl_stub_bvi_aux_351, 117394, 314)
    makesym(cml_do_callback_clos_352, 117708, 6)
    makesym(cml_do_callback_353, 117714, 110)
    makesym(cml_loop_clos_354, 117824, 6)
    makesym(cml_loop_355, 117830, 1250)
    makesym(cml_main_clos_356, 119080, 6)
    makesym(cml_main_357, 119086, 488)

/* Windows Compatibility for CakeML FFI interface */

windows_fficlause:
     movq    %rcx, %r9
     movq    %rdx, %r8
     movq    %rsi, %rdx
     movq    %rdi, %rcx
     jmp     cdecl(fficlause)

windows_ffihints:
     movq    %rcx, %r9
     movq    %rdx, %r8
     movq    %rsi, %rdx
     movq    %rdi, %rcx
     jmp     cdecl(ffihints)

windows_ffistep:
     movq    %rcx, %r9
     movq    %rdx, %r8
     movq    %rsi, %rdx
     movq    %rdi, %rcx
     jmp     cdecl(ffistep)

windows_fficallback:
     movq    %rcx, %r9
     movq    %rdx, %r8
     movq    %rsi, %rdx
     movq    %rdi, %rcx
     jmp     cdecl(fficallback)

windows_cml_clear:
     movq    %rcx, %r9
     movq    %rdx, %r8
     movq    %rsi, %rdx
     movq    %rdi, %rcx
     jmp     cdecl(cml_clear)
cml_enter:
     sub     $0x30, %rsp
     movq    %r12, -0x8(%rbp)
     movq    %r13, -0x10(%rbp)
     movq    %r14, -0x18(%rbp)
     movq    %r15, -0x20(%rbp)
     movq    %rbx, -0x28(%rbp)
     jmp     cake_main

windows_cake_enter:
     movq    %rcx, %rdi
     movq    %rdx, %rsi
     movq    %r8, %rdx
     movq    %r9, %rcx

cake_enter:
     pushq   %rbp
     movq    %rsp, %rbp
     sub     $0x30, %rsp
     movq    %r12, -0x8(%rbp)
     movq    %r13, -0x10(%rbp)
     movq    %r14, -0x18(%rbp)
     movq    %r15, -0x20(%rbp)
     movq    %rbx, -0x28(%rbp)
     movq    can_enter(%rip), %r11
     cmp     $0, %r11
     je      cake_err3
     movq    $0, can_enter(%rip)
     movq    ret_base(%rip), %r14
     movq    ret_stack(%rip), %r12
     movq    ret_stackend(%rip), %r13
     lea     cake_return(%rip), %rax
     jmp     *%r10
     .p2align 4

cml_return:
     movq    %r14, ret_base(%rip)
     movq    %r12, ret_stack(%rip)
     movq    %r13, ret_stackend(%rip)

cake_return:
     movq    $1, can_enter(%rip)
     mov     %edi, %eax
     movq    -0x28(%rbp),%rbx
     movq    -0x20(%rbp),%r15
     movq    -0x18(%rbp),%r14
     movq    -0x10(%rbp),%r13
     movq    -0x8(%rbp),%r12
     leave
     ret
     .p2align 4

cake_err3:
     pushq   %rax
     movq    $3, %rdi
     jmp     wcdecl(cml_err)
     .p2align 4

windows_cml_err:
     movq    %rcx, %r9
     movq    %rdx, %r8
     movq    %rsi, %rdx
     movq    %rdi, %rcx
     jmp     cdecl(cml_err)

